{"type":"FeatureCollection","features":[{"type":"Feature","properties":{"name":"Pannela Oya","named":true,"areaKm2":3992,"hybasId":4080049850},"geometry":{"type":"Polygon","coordinates":[[[81.8625,7.175],[81.8621,7.1309],[81.858,7.1267],[81.8621,7.1191],[81.867,7.0726],[81.8705,7.0691],[81.8708,7.0458],[81.8797,7.0341],[81.8786,7.0103],[81.8661,6.9841],[81.8714,6.9757],[81.8455,6.9059],[81.8504,6.8975],[81.8458,6.8854],[81.8504,6.8809],[81.8496,6.8726],[81.8339,6.8478],[81.8422,6.8384],[81.8407,6.8342],[81.8337,6.8324],[81.8285,6.8176],[81.825,6.8167],[81.8292,6.8104],[81.8208,6.7896],[81.8246,6.7858],[81.825,6.7708],[81.8297,6.7696],[81.8286,6.7645],[81.8131,6.748],[81.8047,6.7314],[81.8036,6.7103],[81.7744,6.6718],[81.7756,6.6561],[81.7797,6.6507],[81.7786,6.6395],[81.7619,6.6091],[81.7672,6.6007],[81.7654,6.596],[81.7464,6.5814],[81.7411,6.5645],[81.7339,6.5564],[81.7158,6.5175],[81.7083,6.5125],[81.695,6.4842],[81.6714,6.4699],[81.648,6.4422],[81.6212,6.4324],[81.6161,6.4257],[81.6214,6.4174],[81.6198,6.4133],[81.6131,6.4116],[81.6033,6.3965],[81.5936,6.3953],[81.5712,6.3824],[81.5671,6.3771],[81.5711,6.372],[81.5605,6.3672],[81.5217,6.3634],[81.5208,6.3667],[81.527,6.3703],[81.5397,6.3714],[81.5458,6.3765],[81.5411,6.3926],[81.5537,6.4104],[81.5494,6.4324],[81.5353,6.4381],[81.5199,6.4577],[81.5061,6.4589],[81.4881,6.4677],[81.4869,6.4882],[81.5006,6.5132],[81.4964,6.5186],[81.4917,6.55],[81.4858,6.5538],[81.4708,6.5542],[81.466,6.5699],[81.455,6.5759],[81.4408,6.6035],[81.4145,6.6131],[81.4074,6.6243],[81.3938,6.6287],[81.3645,6.6214],[81.3464,6.6436],[81.35,6.6583],[81.3208,6.6542],[81.3093,6.6593],[81.3006,6.677],[81.2992,6.6909],[81.2871,6.6923],[81.2813,6.6881],[81.2714,6.702],[81.263,6.7479],[81.2672,6.7534],[81.2619,6.7618],[81.2712,6.7738],[81.2619,6.7762],[81.2631,6.7949],[81.2667,6.7958],[81.2619,6.8174],[81.2745,6.8479],[81.2616,6.866],[81.2436,6.8714],[81.2343,6.8797],[81.2243,6.9073],[81.2201,6.9089],[81.2146,6.9046],[81.2048,6.9135],[81.1993,6.9492],[81.1855,6.9535],[81.1797,6.9645],[81.1744,7.0033],[81.1673,7.0051],[81.1661,7.0174],[81.1703,7.0228],[81.1714,7.0424],[81.1671,7.0479],[81.1703,7.052],[81.1708,7.0833],[81.1868,7.0824],[81.1882,7.0634],[81.2078,7.0494],[81.216,7.0508],[81.2174,7.07],[81.2268,7.0714],[81.2375,7.0583],[81.2464,7.0299],[81.2453,7.0103],[81.2369,6.9966],[81.2382,6.9884],[81.2479,6.9838],[81.2786,6.9964],[81.2992,6.9952],[81.3004,6.9867],[81.2952,6.9797],[81.3011,6.9669],[81.3062,6.9631],[81.3358,6.9629],[81.3413,6.9684],[81.3417,6.975],[81.375,6.975],[81.3796,6.9865],[81.3924,6.9922],[81.403,6.9869],[81.4119,7.002],[81.4132,7.0116],[81.4201,7.0134],[81.425,7.05],[81.4458,7.0458],[81.474,7.0246],[81.4759,7.0173],[81.5051,7.0161],[81.524,7.0296],[81.5304,7.0506],[81.5333,7.0375],[81.5449,7.0381],[81.5467,7.0452],[81.5603,7.0578],[81.5667,7.0583],[81.5712,7.0858],[81.5788,7.0934],[81.5913,7.0926],[81.5968,7.1038],[81.6075,7.1092],[81.6092,7.116],[81.6228,7.1286],[81.6365,7.1299],[81.6452,7.1437],[81.6466,7.1575],[81.6574,7.1591],[81.6634,7.1794],[81.6704,7.1744],[81.6897,7.1756],[81.6993,7.1802],[81.7007,7.2075],[81.7062,7.2119],[81.75,7.2125],[81.751,7.2159],[81.7617,7.2175],[81.7635,7.2298],[81.7813,7.2285],[81.7995,7.2202],[81.8204,7.2298],[81.827,7.2256],[81.8301,7.234],[81.8498,7.2202],[81.8577,7.2312],[81.859,7.2784],[81.8708,7.2792],[81.867,7.2733],[81.8663,7.2267],[81.8621,7.2225],[81.8629,7.2059],[81.867,7.2017],[81.8625,7.175]]]}},{"type":"Feature","properties":{"name":"Rambukkan Oya","named":true,"areaKm2":3118,"hybasId":4080049750},"geometry":{"type":"Polygon","coordinates":[[[81.3375,7.7333],[81.3525,7.7337],[81.3587,7.7441],[81.3816,7.7629],[81.3941,7.7538],[81.4025,7.7587],[81.4108,7.758],[81.4229,7.75],[81.4309,7.758],[81.448,7.7589],[81.4576,7.7634],[81.459,7.7741],[81.4882,7.7922],[81.5103,7.7756],[81.5174,7.7744],[81.5436,7.7869],[81.5647,7.7881],[81.5783,7.7967],[81.5782,7.8032],[81.5718,7.8051],[81.559,7.8228],[81.5577,7.8407],[81.5696,7.8424],[81.5715,7.8463],[81.559,7.877],[81.5576,7.8904],[81.5537,7.8923],[81.548,7.8881],[81.5452,7.8949],[81.5381,7.8967],[81.5333,7.9292],[81.5491,7.9342],[81.5536,7.9436],[81.5617,7.9451],[81.5633,7.9299],[81.5881,7.9236],[81.5865,7.9174],[81.5711,7.9158],[81.566,7.9087],[81.5673,7.8812],[81.5845,7.8418],[81.6077,7.8244],[81.6205,7.8298],[81.6242,7.8279],[81.6256,7.8187],[81.6429,7.7876],[81.6657,7.774],[81.6676,7.7676],[81.6834,7.7612],[81.6885,7.751],[81.6917,7.75],[81.6926,7.7588],[81.7074,7.749],[81.7298,7.7062],[81.7577,7.6688],[81.7869,7.6105],[81.8077,7.5313],[81.809,7.5062],[81.8205,7.4774],[81.8212,7.4517],[81.8295,7.4309],[81.8413,7.4191],[81.8462,7.3934],[81.8538,7.3816],[81.8545,7.3684],[81.8621,7.3566],[81.867,7.3184],[81.8705,7.3149],[81.8708,7.2833],[81.8634,7.284],[81.8618,7.295],[81.8437,7.3006],[81.8186,7.3286],[81.7897,7.3214],[81.752,7.3203],[81.7439,7.3131],[81.7311,7.3119],[81.7189,7.3047],[81.6967,7.3035],[81.6958,7.3],[81.6851,7.3004],[81.667,7.3184],[81.6667,7.3292],[81.6608,7.333],[81.6478,7.3328],[81.6324,7.3244],[81.623,7.3328],[81.6054,7.3339],[81.6036,7.327],[81.5925,7.32],[81.5871,7.3093],[81.5717,7.3033],[81.5663,7.2926],[81.552,7.2869],[81.5375,7.275],[81.5298,7.2801],[81.5286,7.2924],[81.5369,7.3103],[81.5381,7.323],[81.5453,7.3311],[81.5464,7.3382],[81.5413,7.3449],[81.5314,7.3494],[81.5118,7.3506],[81.5064,7.3464],[81.4887,7.3453],[81.4875,7.35],[81.4716,7.3493],[81.4702,7.3395],[81.4631,7.3313],[81.4524,7.3254],[81.4417,7.325],[81.4366,7.3134],[81.4217,7.3075],[81.4199,7.3004],[81.4089,7.2949],[81.4078,7.2686],[81.4006,7.2564],[81.4,7.2417],[81.3843,7.2372],[81.3825,7.2492],[81.3632,7.2552],[81.3625,7.2625],[81.3517,7.2621],[81.3441,7.2545],[81.3358,7.2538],[81.3274,7.2621],[81.3108,7.267],[81.2983,7.2504],[81.2899,7.2462],[81.275,7.25],[81.2744,7.2647],[81.263,7.2813],[81.2703,7.2895],[81.2714,7.3007],[81.2658,7.3116],[81.2551,7.3171],[81.2381,7.3395],[81.2375,7.3542],[81.2214,7.3729],[81.2244,7.3771],[81.2215,7.3812],[81.2202,7.4159],[81.209,7.4175],[81.2047,7.4396],[81.209,7.4505],[81.2035,7.463],[81.2091,7.4782],[81.2167,7.4804],[81.2125,7.4917],[81.2203,7.502],[81.2256,7.5201],[81.2203,7.5284],[81.2216,7.5366],[81.2288,7.5385],[81.2375,7.55],[81.2381,7.5813],[81.2423,7.587],[81.2369,7.5954],[81.2383,7.6032],[81.258,7.6092],[81.2635,7.6201],[81.2742,7.6216],[81.2758,7.6324],[81.2978,7.6452],[81.2994,7.6647],[81.2913,7.6738],[81.2958,7.675],[81.292,7.6809],[81.3074,7.6839],[81.3203,7.7103],[81.3214,7.7196],[81.3125,7.725],[81.3271,7.7375],[81.3375,7.7333]],[[81.6861,7.7125],[81.6866,7.7247],[81.6828,7.7149],[81.6861,7.7125]],[[81.6903,7.675],[81.6902,7.6794],[81.687,7.6766],[81.6903,7.675]],[[81.7278,7.6417],[81.7277,7.6461],[81.7245,7.6433],[81.7278,7.6417]],[[81.7694,7.5583],[81.7754,7.5701],[81.774,7.5796],[81.7624,7.5693],[81.7633,7.5631],[81.7694,7.5583]],[[81.7569,7.5583],[81.7568,7.5628],[81.7537,7.56],[81.7569,7.5583]],[[81.8042,7.4917],[81.8007,7.4906],[81.7992,7.4757],[81.7833,7.475],[81.7881,7.4674],[81.7838,7.4604],[81.7882,7.4467],[81.7917,7.4458],[81.7953,7.452],[81.7965,7.4616],[81.8036,7.4634],[81.8042,7.4917]],[[81.7083,7.7167],[81.7006,7.7064],[81.7076,7.7049],[81.7083,7.7167]],[[81.6673,7.6937],[81.6719,7.6841],[81.6866,7.6827],[81.6875,7.6917],[81.6783,7.6869],[81.6715,7.6926],[81.6575,7.7408],[81.6353,7.7464],[81.6147,7.7661],[81.6012,7.7672],[81.5991,7.759],[81.5917,7.7583],[81.5913,7.7476],[81.583,7.7392],[81.5837,7.7309],[81.5934,7.7212],[81.6125,7.7167],[81.6132,7.7367],[81.6236,7.7381],[81.626,7.7301],[81.6354,7.7256],[81.6575,7.7243],[81.659,7.7139],[81.65,7.7113],[81.6554,7.7],[81.6656,7.7048],[81.6673,7.6937]],[[81.7125,7.6917],[81.7113,7.6962],[81.7078,7.6929],[81.7125,7.6917]],[[81.6958,7.6333],[81.7049,7.6422],[81.7114,7.6372],[81.7171,7.649],[81.7253,7.6511],[81.7203,7.6591],[81.7256,7.6674],[81.716,7.6908],[81.7125,7.6917],[81.7033,7.6717],[81.6953,7.6696],[81.7089,7.651],[81.7069,7.6453],[81.6966,7.6506],[81.6911,7.6485],[81.6958,7.6333]],[[81.7708,7.475],[81.7785,7.4813],[81.7702,7.492],[81.7753,7.4991],[81.7563,7.5035],[81.7542,7.5],[81.7705,7.4858],[81.7708,7.475]],[[81.7542,7.6083],[81.7494,7.6313],[81.7436,7.6381],[81.7289,7.6366],[81.7446,7.625],[81.7542,7.6083]],[[81.7708,7.475],[81.7634,7.4743],[81.7581,7.4637],[81.7594,7.458],[81.7674,7.4631],[81.7736,7.4582],[81.7756,7.4632],[81.7708,7.475]],[[81.7667,7.5875],[81.7678,7.5829],[81.7714,7.5863],[81.7667,7.5875]],[[81.775,7.5292],[81.778,7.5203],[81.7797,7.5279],[81.775,7.5292]],[[81.7583,7.6042],[81.7575,7.6075],[81.7542,7.6083],[81.755,7.605],[81.7583,7.6042]],[[81.7625,7.5917],[81.7634,7.5884],[81.7667,7.5875],[81.7658,7.5908],[81.7625,7.5917]],[[81.775,7.5292],[81.7718,7.5423],[81.7702,7.5305],[81.775,7.5292]],[[81.7583,7.6042],[81.759,7.5926],[81.7625,7.5917],[81.7619,7.6033],[81.7583,7.6042]],[[81.6958,7.6333],[81.6913,7.6322],[81.6946,7.6286],[81.6958,7.6333]]]}},{"type":"Feature","properties":{"name":"Yoda Ela","named":true,"areaKm2":2873,"hybasId":4080049220},"geometry":{"type":"Polygon","coordinates":[[[80.5958,7.7042],[80.5833,7.7167],[80.5767,7.7163],[80.5667,7.7042],[80.5521,7.7079],[80.5479,7.7046],[80.5381,7.7092],[80.5369,7.7355],[80.5292,7.7417],[80.52,7.7868],[80.5007,7.7883],[80.4994,7.8253],[80.5035,7.8312],[80.5042,7.8458],[80.4799,7.8467],[80.4744,7.8674],[80.4797,7.8802],[80.4672,7.8936],[80.4661,7.9147],[80.461,7.9209],[80.4522,7.9131],[80.4451,7.9119],[80.3979,7.9412],[80.3833,7.9375],[80.3826,7.9451],[80.3687,7.9465],[80.3605,7.9535],[80.352,7.9548],[80.3303,7.9753],[80.3286,8.0032],[80.2936,8.0131],[80.2801,8.0256],[80.2784,8.0323],[80.2743,8.0339],[80.2688,8.0296],[80.2583,8.0333],[80.258,8.0441],[80.25,8.0542],[80.2458,8.0542],[80.2446,8.0494],[80.2259,8.0506],[80.2241,8.0577],[80.1968,8.0797],[80.1853,8.0786],[80.1716,8.0703],[80.1632,8.0756],[80.1515,8.0708],[80.1449,8.0826],[80.1299,8.0881],[80.1189,8.0839],[80.1108,8.0913],[80.0983,8.0955],[80.0684,8.0962],[80.0629,8.1149],[80.067,8.1225],[80.0621,8.1309],[80.0663,8.1351],[80.0658,8.141],[80.0534,8.1422],[80.0409,8.1369],[80.0259,8.1424],[80.0199,8.1535],[80.0076,8.1547],[80.0021,8.1505],[79.9701,8.1672],[79.948,8.1589],[79.9212,8.1851],[79.925,8.1938],[79.9049,8.2051],[79.9036,8.2147],[79.8818,8.2375],[79.8757,8.2324],[79.8699,8.2131],[79.8534,8.2119],[79.8479,8.2162],[79.8437,8.213],[79.8256,8.2302],[79.8244,8.2676],[79.8369,8.2853],[79.8333,8.3],[79.8618,8.3007],[79.8632,8.3354],[79.8673,8.3464],[79.8583,8.3625],[79.8783,8.3631],[79.8801,8.3702],[79.898,8.3714],[79.9034,8.3756],[79.9151,8.3667],[79.9326,8.3881],[79.9483,8.3712],[79.9559,8.3788],[79.9625,8.3792],[79.9672,8.4147],[79.9744,8.427],[80.0226,8.458],[80.0375,8.4583],[80.0379,8.4184],[80.0417,8.4146],[80.0375,8.4104],[80.0538,8.3983],[80.0658,8.3825],[80.0667,8.375],[80.0783,8.3741],[80.08,8.3675],[80.0911,8.3605],[80.0923,8.3467],[80.0993,8.3449],[80.1042,8.3167],[80.1314,8.3214],[80.1407,8.3297],[80.1563,8.3255],[80.1618,8.3297],[80.1783,8.3285],[80.18,8.3217],[80.1991,8.3116],[80.2051,8.2965],[80.225,8.2958],[80.2254,8.2851],[80.2351,8.2712],[80.2441,8.2705],[80.2559,8.2587],[80.2866,8.2535],[80.2884,8.2465],[80.3116,8.2408],[80.3176,8.2256],[80.3439,8.2244],[80.3533,8.22],[80.3551,8.2131],[80.373,8.2119],[80.3911,8.198],[80.3917,8.1875],[80.4024,8.1871],[80.4083,8.1792],[80.4191,8.1788],[80.4233,8.1746],[80.4313,8.1792],[80.4483,8.158],[80.4708,8.1667],[80.4757,8.1509],[80.5034,8.1369],[80.5234,8.15],[80.5328,8.1397],[80.5339,8.127],[80.5494,8.1064],[80.5563,8.1],[80.5604,8.1042],[80.5708,8.1],[80.5757,8.0802],[80.5826,8.0781],[80.5841,8.0633],[80.5997,8.0617],[80.6052,8.0507],[80.6229,8.0465],[80.625,8.0333],[80.6439,8.0328],[80.666,8.0241],[80.6672,8.0061],[80.6714,8.0007],[80.666,7.9801],[80.6589,7.9783],[80.6583,7.9583],[80.6774,7.9587],[80.6934,7.9663],[80.7147,7.9703],[80.745,7.9533],[80.7509,7.9384],[80.7575,7.9366],[80.7592,7.9298],[80.7667,7.9292],[80.7672,7.8853],[80.7715,7.8634],[80.7788,7.8615],[80.7827,7.852],[80.7657,7.8258],[80.755,7.8242],[80.7488,7.8043],[80.7438,7.8006],[80.7259,7.7994],[80.7208,7.7792],[80.7083,7.7792],[80.6993,7.7342],[80.6938,7.7298],[80.6717,7.7241],[80.6697,7.7169],[80.663,7.7119],[80.6425,7.7298],[80.6327,7.7281],[80.6375,7.7],[80.6076,7.6953],[80.5911,7.703],[80.5958,7.7042]]]}},{"type":"Feature","properties":{"name":"Weli Oya","named":true,"areaKm2":2513,"hybasId":4080050080},"geometry":{"type":"Polygon","coordinates":[[[80.9583,6.175],[80.9382,6.1801],[80.9368,6.1908],[80.9256,6.1968],[80.9244,6.2189],[80.92,6.2283],[80.9007,6.2426],[80.8953,6.2605],[80.8785,6.2783],[80.8689,6.2828],[80.8436,6.2828],[80.8118,6.2744],[80.8012,6.2797],[80.7994,6.2728],[80.7833,6.2583],[80.7783,6.2658],[80.7688,6.2704],[80.7583,6.2667],[80.7505,6.2812],[80.7536,6.2854],[80.7493,6.3033],[80.7411,6.3048],[80.7355,6.3006],[80.7203,6.2994],[80.6917,6.3083],[80.6917,6.3208],[80.6991,6.3217],[80.7033,6.3368],[80.6936,6.3381],[80.6689,6.3536],[80.6542,6.3542],[80.6531,6.3868],[80.6174,6.3924],[80.6167,6.4],[80.6256,6.4073],[80.6132,6.4091],[80.6119,6.4272],[80.6048,6.4395],[80.6116,6.4425],[80.6161,6.452],[80.617,6.4816],[80.6208,6.4854],[80.6087,6.5017],[80.6089,6.5198],[80.6228,6.5286],[80.6324,6.5299],[80.6345,6.5381],[80.6583,6.5333],[80.6536,6.5409],[80.6548,6.5532],[80.6745,6.5687],[80.6661,6.5826],[80.6679,6.5873],[80.6824,6.5924],[80.6928,6.6128],[80.6979,6.6088],[80.7034,6.6131],[80.7116,6.6118],[80.7125,6.6083],[80.7241,6.6077],[80.725,6.6042],[80.7378,6.6053],[80.7256,6.6395],[80.7017,6.642],[80.6983,6.6455],[80.6375,6.65],[80.6369,6.6564],[80.6172,6.6811],[80.6038,6.7157],[80.5728,6.7297],[80.5542,6.7458],[80.5545,6.7566],[80.5621,6.7684],[80.5772,6.7703],[80.653,6.7536],[80.6542,6.7583],[80.6616,6.759],[80.6625,6.7625],[80.6983,6.7621],[80.7059,6.758],[80.7271,6.7667],[80.7309,6.7629],[80.7476,6.7621],[80.7746,6.785],[80.7717,6.7994],[80.7939,6.8006],[80.8,6.8083],[80.8066,6.8087],[80.8125,6.8146],[80.8083,6.8188],[80.8158,6.8241],[80.8167,6.8125],[80.8208,6.8083],[80.8439,6.8078],[80.873,6.7953],[80.8853,6.7839],[80.9272,6.7744],[80.9451,6.7661],[80.9699,6.7715],[80.9717,6.7785],[80.9936,6.7953],[81.0167,6.7958],[81.0208,6.7917],[81.0129,6.7691],[81.0121,6.7517],[81.008,6.7475],[81.0087,6.7101],[81.0125,6.7062],[81.0059,6.6996],[80.9975,6.7045],[80.9816,6.7004],[80.9826,6.6842],[80.9717,6.6783],[80.9667,6.6583],[80.9786,6.6491],[80.9792,6.6167],[80.9854,6.6208],[81.0004,6.61],[80.9996,6.5934],[80.9917,6.5813],[81.0226,6.5462],[81.0375,6.5208],[81.038,6.5103],[81.0422,6.5051],[81.0408,6.5008],[81.026,6.4951],[80.9995,6.4593],[81.0036,6.4522],[81.0042,6.4375],[81.0004,6.4226],[81.0129,6.4059],[81.0083,6.3938],[81.0125,6.3896],[81.0087,6.3858],[81.008,6.3642],[81.0004,6.3524],[81.0202,6.3355],[81.0216,6.3258],[81.0313,6.3244],[81.0577,6.3021],[81.0591,6.2799],[81.0667,6.2792],[81.067,6.2642],[81.0788,6.2399],[81.0788,6.2226],[81.0583,6.2021],[81.0667,6.1938],[81.0621,6.1892],[81.0629,6.1601],[81.067,6.1559],[81.0621,6.1225],[81.0483,6.1129],[81.0257,6.1116],[81.025,6.1042],[81.0208,6.1042],[81.0171,6.1146],[81.0204,6.1188],[81.0171,6.1229],[81.0213,6.1282],[81.0199,6.1328],[80.9948,6.1339],[80.9856,6.1255],[80.9792,6.125],[80.9587,6.1601],[80.9583,6.175]]]}},{"type":"Feature","properties":{"name":"Mahaweli Ganga","named":true,"areaKm2":2368,"hybasId":4081158250},"geometry":{"type":"Polygon","coordinates":[[[80.6542,6.8792],[80.6496,6.8865],[80.6425,6.8884],[80.6381,6.8978],[80.6267,6.8996],[80.615,6.8955],[80.6108,6.8996],[80.6,6.9],[80.585,6.883],[80.5767,6.8837],[80.5578,6.9074],[80.5507,6.9092],[80.545,6.9283],[80.5343,6.9337],[80.5241,6.9533],[80.4926,6.9799],[80.4828,7.0064],[80.4629,7.0233],[80.4667,7.0271],[80.4587,7.0351],[80.4589,7.048],[80.4676,7.0619],[80.4899,7.0629],[80.5226,7.083],[80.5254,7.1024],[80.5292,7.1063],[80.5246,7.1142],[80.5371,7.1309],[80.5333,7.1396],[80.55,7.1646],[80.5462,7.1684],[80.5458,7.1917],[80.5494,7.1926],[80.5506,7.2132],[80.5464,7.2186],[80.5451,7.2323],[80.5384,7.2343],[80.5332,7.2447],[80.5217,7.2503],[80.52,7.2618],[80.5052,7.2632],[80.4875,7.2958],[80.4949,7.2965],[80.497,7.3044],[80.5118,7.2953],[80.5533,7.3091],[80.55,7.325],[80.5538,7.3309],[80.5545,7.3517],[80.5462,7.3684],[80.5458,7.3958],[80.5563,7.3995],[80.5645,7.3922],[80.5738,7.3911],[80.5792,7.397],[80.5631,7.427],[80.5581,7.4449],[80.5701,7.4466],[80.5716,7.4615],[80.575,7.4625],[80.5786,7.4563],[80.5798,7.4395],[80.5884,7.4259],[80.5952,7.424],[80.5965,7.4008],[80.6049,7.3996],[80.612,7.4048],[80.6409,7.3951],[80.6536,7.3813],[80.6589,7.3645],[80.6677,7.3548],[80.6863,7.3536],[80.6917,7.375],[80.7059,7.3955],[80.7121,7.4184],[80.7087,7.4608],[80.7142,7.4663],[80.7325,7.47],[80.7342,7.4632],[80.7458,7.4583],[80.7509,7.4465],[80.7583,7.4458],[80.7642,7.4379],[80.7774,7.4371],[80.8033,7.42],[80.8131,7.4007],[80.8088,7.3937],[80.8311,7.3672],[80.8337,7.3476],[80.8496,7.3316],[80.8509,7.3217],[80.8733,7.3205],[80.8775,7.3163],[80.9114,7.3202],[80.9257,7.2843],[80.9458,7.2875],[80.9496,7.2733],[80.9496,7.2101],[80.9458,7.1958],[80.9298,7.1865],[80.9286,7.1592],[80.925,7.1583],[80.9254,7.1392],[80.9295,7.135],[80.9254,7.1274],[80.925,7.1083],[80.9187,7.1077],[80.9094,7.0997],[80.8997,7.0844],[80.8843,7.0782],[80.8784,7.0591],[80.8676,7.0576],[80.8617,7.0466],[80.8468,7.0451],[80.833,7.0259],[80.8178,7.0207],[80.8139,7.0119],[80.8125,7.0167],[80.8083,7.0167],[80.7967,7.0116],[80.7958,7.0042],[80.7792,7],[80.7756,6.9728],[80.7912,6.9563],[80.7868,6.9426],[80.78,6.9408],[80.7783,6.934],[80.7675,6.9326],[80.7665,6.9279],[80.777,6.9131],[80.7897,6.9119],[80.8038,6.9032],[80.8203,6.873],[80.8215,6.8634],[80.8285,6.8616],[80.8328,6.848],[80.833,6.8392],[80.8129,6.8275],[80.8083,6.8188],[80.8125,6.8146],[80.8066,6.8087],[80.8,6.8083],[80.7939,6.8006],[80.7717,6.7994],[80.7646,6.7921],[80.7576,6.7964],[80.7522,6.7922],[80.7368,6.7911],[80.7186,6.7964],[80.7009,6.8089],[80.6991,6.8158],[80.6924,6.8176],[80.691,6.8283],[80.677,6.8339],[80.6548,6.8552],[80.6542,6.8792]]]}},{"type":"Feature","properties":{"name":"Kelani Ganga","named":true,"areaKm2":2325,"hybasId":4080049050},"geometry":{"type":"Polygon","coordinates":[[[80.2125,7.0667],[80.2078,7.0786],[80.2091,7.0909],[80.2325,7.0968],[80.234,7.1049],[80.2215,7.1187],[80.2202,7.1296],[80.2327,7.1479],[80.2341,7.1576],[80.2458,7.1583],[80.2413,7.1899],[80.2333,7.1979],[80.2413,7.2142],[80.2417,7.225],[80.2521,7.2213],[80.2701,7.2297],[80.3064,7.2286],[80.3229,7.2213],[80.3277,7.225],[80.3345,7.2119],[80.348,7.2131],[80.3646,7.2204],[80.3908,7.2116],[80.3926,7.2047],[80.4051,7.1921],[80.4158,7.1866],[80.4214,7.1645],[80.4328,7.148],[80.4339,7.1353],[80.4467,7.105],[80.4535,7.1033],[80.4542,7.0917],[80.4615,7.091],[80.4703,7.0814],[80.4715,7.0676],[80.4783,7.0658],[80.4792,7.0625],[80.4676,7.0619],[80.4589,7.048],[80.4583,7.0375],[80.4667,7.0271],[80.4629,7.0233],[80.4828,7.0064],[80.4926,6.9799],[80.5241,6.9533],[80.5343,6.9337],[80.545,6.9283],[80.5507,6.9092],[80.5578,6.9074],[80.5767,6.8837],[80.585,6.883],[80.5996,6.8975],[80.6108,6.8996],[80.615,6.8955],[80.6375,6.9],[80.6425,6.8884],[80.6536,6.8814],[80.6548,6.8552],[80.677,6.8339],[80.691,6.8283],[80.6924,6.8176],[80.6991,6.8158],[80.7009,6.8089],[80.7103,6.8006],[80.7368,6.7911],[80.7522,6.7922],[80.7576,6.7964],[80.7646,6.7921],[80.7743,6.7949],[80.775,6.7875],[80.7476,6.7621],[80.7309,6.7629],[80.7271,6.7667],[80.7059,6.758],[80.6983,6.7621],[80.6625,6.7625],[80.6616,6.759],[80.6542,6.7583],[80.653,6.7536],[80.6395,6.7547],[80.623,6.7619],[80.5625,6.7708],[80.548,6.7786],[80.5326,6.7797],[80.5199,6.7744],[80.4965,6.7884],[80.4958,6.8042],[80.5004,6.8053],[80.4922,6.8145],[80.4911,6.8216],[80.4958,6.8333],[80.4691,6.8288],[80.4559,6.8337],[80.4441,6.8455],[80.4267,6.8462],[80.4191,6.8538],[80.4066,6.858],[80.3941,6.8587],[80.3858,6.8538],[80.3775,6.8587],[80.3667,6.8542],[80.3659,6.8466],[80.3545,6.845],[80.349,6.8285],[80.3385,6.8299],[80.3323,6.8506],[80.3213,6.8452],[80.2958,6.85],[80.2951,6.8617],[80.28,6.8633],[80.2783,6.8742],[80.2687,6.8756],[80.2595,6.8835],[80.2573,6.8908],[80.2509,6.8923],[80.2493,6.876],[80.2425,6.874],[80.2375,6.8596],[80.2298,6.8573],[80.2285,6.8216],[80.2174,6.8217],[80.2131,6.8353],[80.2007,6.8368],[80.2,6.8208],[80.1941,6.817],[80.1792,6.8167],[80.1708,6.8313],[80.1797,6.8427],[80.174,6.8493],[80.1656,6.8505],[80.1564,6.8422],[80.15,6.8417],[80.1493,6.8259],[80.1423,6.8202],[80.1354,6.8244],[80.1272,6.8173],[80.1174,6.8159],[80.1159,6.801],[80.0927,6.7951],[80.0907,6.7884],[80.0843,6.7866],[80.0772,6.7756],[80.0583,6.7833],[80.0577,6.7991],[80.0506,6.8061],[80.0494,6.8272],[80.0454,6.8324],[80.0384,6.8342],[80.0366,6.8408],[80.0272,6.8453],[79.9978,6.8465],[79.9883,6.8547],[79.9866,6.8669],[79.9708,6.8625],[79.9705,6.8475],[79.9642,6.8413],[79.9559,6.8462],[79.9434,6.8413],[79.9225,6.8504],[79.9066,6.8705],[79.877,6.8714],[79.8631,6.8802],[79.8619,6.9071],[79.8751,6.9141],[79.8589,6.9311],[79.8578,6.9424],[79.8632,6.9574],[79.875,6.9667],[79.875,6.9792],[79.8667,6.9792],[79.8667,6.9833],[79.8741,6.984],[79.8911,7.0061],[79.8922,7.0147],[79.9006,7.0241],[79.9077,7.0259],[79.9119,7.0436],[79.9272,7.0453],[79.9366,7.0408],[79.9384,7.0339],[79.9491,7.0244],[79.9618,7.0297],[79.9688,7.0255],[79.9858,7.0337],[79.9983,7.033],[80.015,7.0205],[80.0275,7.0254],[80.0399,7.0246],[80.0647,7.0047],[80.0759,7.0243],[80.0866,7.0257],[80.0994,7.0561],[80.101,7.0704],[80.1159,7.0797],[80.1243,7.0744],[80.1396,7.0787],[80.1496,7.074],[80.1551,7.0631],[80.173,7.0619],[80.1827,7.0574],[80.1833,7.05],[80.1936,7.0464],[80.203,7.0453],[80.205,7.0533],[80.2119,7.0551],[80.2125,7.0667]]]}},{"type":"Feature","properties":{"name":"Kirindi Oya","named":true,"areaKm2":2005,"hybasId":4080050030},"geometry":{"type":"Polygon","coordinates":[[[81.0667,6.2792],[81.0591,6.2799],[81.0577,6.3021],[81.0499,6.3113],[81.0313,6.3244],[81.0216,6.3258],[81.0202,6.3355],[81.0004,6.3524],[81.008,6.3642],[81.0087,6.3858],[81.0125,6.3896],[81.0083,6.3938],[81.0129,6.4059],[81.0004,6.4226],[81.0042,6.4375],[81.0036,6.4522],[80.9995,6.4593],[81.026,6.4951],[81.0408,6.5008],[81.0422,6.5051],[81.025,6.5458],[80.9962,6.5725],[80.9917,6.5813],[80.9996,6.5934],[81.0004,6.61],[80.9854,6.6208],[80.9816,6.617],[80.9786,6.6491],[80.9667,6.6583],[80.9717,6.6783],[80.9826,6.6842],[80.9816,6.7004],[80.9975,6.7045],[81.0059,6.6996],[81.0125,6.7062],[81.0087,6.7101],[81.008,6.7475],[81.0121,6.7517],[81.0129,6.7691],[81.0205,6.7892],[81.0163,6.8024],[81.0048,6.8134],[81.0042,6.8208],[81.0083,6.8208],[81.0083,6.825],[81.0035,6.8265],[81.0048,6.8313],[81.0229,6.8535],[81.0367,6.855],[81.0383,6.8743],[81.0729,6.8785],[81.0937,6.8632],[81.1125,6.8625],[81.1131,6.8468],[81.1287,6.8354],[81.1244,6.8299],[81.1256,6.8145],[81.1381,6.7924],[81.1298,6.7866],[81.1292,6.7708],[81.1407,6.7702],[81.1467,6.7592],[81.1535,6.7574],[81.1547,6.7395],[81.1662,6.7229],[81.1619,6.7174],[81.1631,6.7061],[81.1797,6.6843],[81.1744,6.6674],[81.1786,6.6605],[81.1792,6.6458],[81.1714,6.6355],[81.1703,6.6201],[81.1745,6.6146],[81.1714,6.6105],[81.1703,6.5561],[81.1667,6.5458],[81.17,6.545],[81.1756,6.527],[81.1881,6.5061],[81.2161,6.473],[81.2167,6.4667],[81.2246,6.4608],[81.2339,6.4424],[81.2296,6.4271],[81.2425,6.405],[81.2646,6.3921],[81.2701,6.3964],[81.2866,6.391],[81.2958,6.3708],[81.3034,6.3756],[81.3116,6.3743],[81.3186,6.3631],[81.325,6.3625],[81.3409,6.3714],[81.3562,6.363],[81.3618,6.3672],[81.37,6.3659],[81.372,6.3578],[81.4022,6.3589],[81.4189,6.3631],[81.4436,6.3786],[81.4659,6.3619],[81.4717,6.3702],[81.4897,6.3714],[81.4951,6.3756],[81.5074,6.3743],[81.5203,6.3605],[81.52,6.355],[81.5046,6.349],[81.5005,6.3438],[81.5047,6.3382],[81.503,6.3337],[81.4882,6.3241],[81.4868,6.3134],[81.4425,6.295],[81.4408,6.2884],[81.4337,6.2865],[81.4283,6.2759],[81.4215,6.2741],[81.4201,6.2634],[81.398,6.2464],[81.3853,6.2453],[81.3759,6.2408],[81.3689,6.2297],[81.3462,6.224],[81.3282,6.1964],[81.3,6.1958],[81.2853,6.1911],[81.2772,6.1839],[81.2395,6.1786],[81.2301,6.1703],[81.2283,6.1631],[81.1875,6.1583],[81.1647,6.1422],[81.152,6.1411],[81.1439,6.1339],[81.1343,6.1326],[81.1296,6.1271],[81.1333,6.1223],[81.1271,6.1171],[81.1216,6.1214],[81.0772,6.1089],[81.025,6.1042],[81.0257,6.1116],[81.0483,6.1129],[81.0566,6.117],[81.0621,6.1225],[81.0629,6.1358],[81.0663,6.1392],[81.0621,6.1892],[81.0667,6.1938],[81.0583,6.2021],[81.0788,6.2226],[81.0792,6.2292],[81.0788,6.2399],[81.067,6.2642],[81.0667,6.2792]],[[81.1792,6.1792],[81.1799,6.1633],[81.1875,6.1625],[81.2007,6.1747],[81.1914,6.184],[81.1792,6.1792]]]}},{"type":"Feature","properties":{"name":"Mandekal Aru","named":true,"areaKm2":1876,"hybasId":4080049370},"geometry":{"type":"MultiPolygon","coordinates":[[[[80.0028,9.2708],[79.9928,9.2751],[79.987,9.284],[79.9722,9.2785],[79.966,9.2921],[79.9709,9.2988],[79.9782,9.3009],[79.9847,9.3125],[79.9905,9.3082],[79.9968,9.2926],[80.0074,9.2872],[80.009,9.2786],[80.0028,9.2708]]],[[[80.0153,9.4625],[80.0091,9.4633],[80.0035,9.4787],[80.0053,9.4881],[80.0163,9.4867],[80.0215,9.4796],[80.0153,9.4625]]],[[[79.8903,9.4375],[79.8842,9.4382],[79.8829,9.4448],[79.8906,9.4463],[79.8903,9.4375]]],[[[80.4,9.0083],[80.3841,9.009],[80.3827,9.0271],[80.3784,9.0326],[80.352,9.034],[80.3343,9.0468],[80.3324,9.0532],[80.3062,9.0632],[80.2813,9.0827],[80.2642,9.083],[80.2437,9.075],[80.2358,9.083],[80.2167,9.0833],[80.2159,9.0757],[80.1979,9.0744],[80.192,9.0702],[80.1795,9.0756],[80.1548,9.0577],[80.1465,9.0645],[80.1409,9.0823],[80.1341,9.0844],[80.1325,9.0997],[80.1253,9.1048],[80.0842,9.1035],[80.0783,9.0799],[80.0708,9.0792],[80.0744,9.1021],[80.0702,9.1079],[80.0744,9.1145],[80.0756,9.1313],[80.0827,9.1395],[80.0841,9.1493],[80.0958,9.1542],[80.1049,9.2032],[80.1116,9.2051],[80.116,9.2145],[80.1173,9.2522],[80.1215,9.2611],[80.1091,9.2675],[80.1077,9.2796],[80.1134,9.2907],[80.1215,9.2966],[80.089,9.325],[80.0869,9.3204],[80.0923,9.3102],[80.087,9.3077],[80.072,9.3168],[80.0699,9.3241],[80.0508,9.33],[80.0494,9.3424],[80.059,9.3588],[80.0494,9.3838],[80.0584,9.3988],[80.0728,9.4077],[80.1063,9.4173],[80.1438,9.4381],[80.1551,9.4535],[80.1839,9.4784],[80.1786,9.498],[80.148,9.5328],[80.0814,9.5828],[80.0494,9.597],[80.0508,9.6033],[80.0603,9.6119],[80.0771,9.6162],[80.0881,9.6113],[80.0786,9.6071],[80.1032,9.5993],[80.1145,9.5797],[80.1272,9.5786],[80.1478,9.5589],[80.1743,9.5453],[80.1909,9.5506],[80.1991,9.5493],[80.205,9.5384],[80.2155,9.5331],[80.2179,9.5422],[80.2282,9.541],[80.2395,9.5256],[80.2699,9.516],[80.2717,9.5092],[80.2788,9.5074],[80.2839,9.5007],[80.2827,9.4884],[80.2779,9.4873],[80.265,9.4964],[80.2579,9.4887],[80.2636,9.4871],[80.2686,9.4911],[80.2797,9.4761],[80.274,9.4676],[80.266,9.4639],[80.2779,9.4584],[80.2878,9.4592],[80.2839,9.4646],[80.2885,9.4741],[80.2948,9.4756],[80.2967,9.4634],[80.3045,9.4619],[80.3152,9.4756],[80.3253,9.4594],[80.3323,9.4577],[80.334,9.4688],[80.342,9.4756],[80.3587,9.4702],[80.377,9.4827],[80.3919,9.4842],[80.3881,9.4896],[80.3917,9.5167],[80.4064,9.5161],[80.4155,9.508],[80.4175,9.5157],[80.4218,9.5172],[80.4395,9.5047],[80.4571,9.5036],[80.4592,9.5118],[80.4689,9.5131],[80.475,9.5208],[80.4792,9.5208],[80.475,9.5104],[80.4788,9.5066],[80.4792,9.4958],[80.475,9.4917],[80.4646,9.4958],[80.4337,9.4733],[80.4295,9.4649],[80.4292,9.4333],[80.4241,9.4259],[80.4173,9.4241],[80.4161,9.4103],[80.3953,9.3659],[80.4006,9.3576],[80.3917,9.35],[80.4004,9.3392],[80.3923,9.2937],[80.3966,9.2799],[80.4042,9.2792],[80.4045,9.2517],[80.4121,9.2441],[80.4125,9.1958],[80.4076,9.1549],[80.4,9.1542],[80.4163,9.1399],[80.4212,9.1142],[80.4619,9.0772],[80.4715,9.0509],[80.4783,9.0491],[80.4833,9.0417],[80.484,9.0302],[80.4914,9.0281],[80.4994,9.0188],[80.4952,9.0046],[80.5078,8.9813],[80.5035,8.9755],[80.5048,8.9687],[80.5216,8.9257],[80.5292,8.925],[80.5288,8.9142],[80.5208,8.9083],[80.5021,8.9167],[80.49,8.908],[80.4816,8.9163],[80.4642,8.9212],[80.4504,8.9351],[80.4455,8.9566],[80.417,8.9767],[80.4121,8.9941],[80.4066,8.9996],[80.4,9],[80.4,9.0083]],[[80.4694,9.5042],[80.4693,9.5086],[80.4662,9.5058],[80.4694,9.5042]],[[80.2667,9.4708],[80.27,9.4717],[80.2708,9.475],[80.2675,9.4741],[80.2667,9.4708]]]]}},{"type":"Feature","properties":{"name":"Maduru Oya","named":true,"areaKm2":1754,"hybasId":4080049740},"geometry":{"type":"Polygon","coordinates":[[[81.1833,7.2917],[81.1712,7.3017],[81.167,7.3142],[81.1663,7.335],[81.1712,7.3434],[81.1629,7.3559],[81.1621,7.3767],[81.1667,7.3813],[81.1608,7.3871],[81.1375,7.3875],[81.133,7.4358],[81.125,7.4437],[81.1288,7.4476],[81.1292,7.4792],[81.1174,7.4842],[81.1161,7.4924],[81.1244,7.5061],[81.1256,7.5314],[81.1287,7.5354],[81.1173,7.5426],[81.1215,7.5796],[81.1157,7.5909],[81.1039,7.5926],[81.1077,7.5978],[81.1083,7.6125],[81.1163,7.6184],[81.116,7.6396],[81.1118,7.6485],[81.12,7.651],[81.1215,7.6586],[81.1131,7.6771],[81.1202,7.6854],[81.1215,7.6961],[81.1164,7.7033],[81.1364,7.7049],[81.141,7.7146],[81.125,7.7542],[81.1343,7.7663],[81.145,7.7717],[81.1467,7.7783],[81.1533,7.78],[81.1551,7.7869],[81.1645,7.7953],[81.1712,7.835],[81.1629,7.8517],[81.1631,7.874],[81.1743,7.8801],[81.1797,7.9064],[81.1869,7.9145],[81.1881,7.9323],[81.208,7.9559],[81.2083,7.9708],[81.2191,7.9712],[81.2309,7.9788],[81.2439,7.9797],[81.2741,7.9922],[81.2991,7.9828],[81.3103,7.9953],[81.3292,7.9958],[81.3351,8.0038],[81.3441,7.9996],[81.365,8.0038],[81.3767,7.9879],[81.4024,7.9788],[81.427,7.9589],[81.4451,7.9536],[81.4521,7.9579],[81.4603,7.9506],[81.4741,7.9493],[81.475,7.9458],[81.4909,7.9506],[81.503,7.9413],[81.5054,7.9506],[81.5116,7.9492],[81.5134,7.9425],[81.5244,7.9355],[81.525,7.9292],[81.5333,7.9292],[81.5381,7.8967],[81.5452,7.8949],[81.5458,7.8875],[81.5537,7.8923],[81.5576,7.8904],[81.559,7.877],[81.5715,7.8463],[81.5696,7.8424],[81.5577,7.8407],[81.559,7.8228],[81.5792,7.8],[81.5647,7.7881],[81.5436,7.7869],[81.5174,7.7744],[81.5103,7.7756],[81.4882,7.7922],[81.459,7.7741],[81.4576,7.7634],[81.4333,7.7583],[81.4229,7.75],[81.4108,7.758],[81.4025,7.7587],[81.3941,7.7538],[81.3816,7.7629],[81.3587,7.7441],[81.3525,7.7337],[81.3309,7.7337],[81.3271,7.7375],[81.3149,7.7254],[81.3134,7.7217],[81.3214,7.7196],[81.3203,7.7103],[81.3074,7.6839],[81.2917,7.6833],[81.2955,7.6774],[81.2913,7.6738],[81.2994,7.6647],[81.3,7.6458],[81.2758,7.6324],[81.2742,7.6216],[81.2635,7.6201],[81.258,7.6092],[81.2383,7.6032],[81.2369,7.5954],[81.2423,7.587],[81.2381,7.5813],[81.2375,7.55],[81.2288,7.5385],[81.2216,7.5366],[81.2203,7.5284],[81.2256,7.5201],[81.2203,7.502],[81.2125,7.4917],[81.2167,7.4804],[81.2091,7.4782],[81.2035,7.463],[81.209,7.4505],[81.2047,7.4396],[81.209,7.4175],[81.2202,7.4159],[81.2215,7.3812],[81.2244,7.3771],[81.2214,7.3729],[81.2375,7.3542],[81.2381,7.3395],[81.2551,7.3171],[81.2658,7.3116],[81.2714,7.3007],[81.2703,7.2895],[81.263,7.2813],[81.2744,7.2647],[81.275,7.25],[81.2715,7.2491],[81.2671,7.2313],[81.2704,7.2271],[81.2672,7.223],[81.2659,7.1924],[81.2552,7.1911],[81.2534,7.2034],[81.2396,7.2078],[81.2338,7.2035],[81.2255,7.209],[81.2199,7.2009],[81.2005,7.191],[81.1967,7.1928],[81.2038,7.2101],[81.2045,7.2267],[81.192,7.2392],[81.1795,7.2684],[81.1833,7.2917]]]}},{"type":"Feature","properties":{"name":"Gal Oya","named":true,"areaKm2":1723,"hybasId":4080049840},"geometry":{"type":"Polygon","coordinates":[[[81.5375,7.275],[81.552,7.2869],[81.5663,7.2926],[81.5717,7.3033],[81.5871,7.3093],[81.5925,7.32],[81.6036,7.327],[81.6054,7.3339],[81.623,7.3328],[81.6324,7.3244],[81.6478,7.3328],[81.6583,7.3333],[81.6642,7.3295],[81.667,7.3184],[81.6851,7.3004],[81.6958,7.3],[81.6967,7.3035],[81.7189,7.3047],[81.7311,7.3119],[81.7439,7.3131],[81.752,7.3203],[81.7897,7.3214],[81.8186,7.3286],[81.8437,7.3006],[81.8618,7.295],[81.8634,7.284],[81.8708,7.2833],[81.8708,7.2792],[81.859,7.2784],[81.8577,7.2312],[81.8533,7.2221],[81.8498,7.2202],[81.8301,7.234],[81.8292,7.225],[81.8204,7.2298],[81.7995,7.2202],[81.7813,7.2285],[81.7635,7.2298],[81.7617,7.2175],[81.751,7.2159],[81.75,7.2125],[81.7083,7.2125],[81.7007,7.2075],[81.6993,7.1802],[81.6897,7.1756],[81.6704,7.1744],[81.6634,7.1794],[81.6574,7.1591],[81.6466,7.1575],[81.6452,7.1437],[81.6365,7.1299],[81.6228,7.1286],[81.6092,7.116],[81.6075,7.1092],[81.5968,7.1038],[81.5913,7.0926],[81.5788,7.0934],[81.5712,7.0858],[81.5667,7.0583],[81.5603,7.0578],[81.5467,7.0452],[81.5449,7.0381],[81.5333,7.0375],[81.5304,7.0506],[81.524,7.0296],[81.5051,7.0161],[81.4759,7.0173],[81.474,7.0246],[81.448,7.0453],[81.425,7.05],[81.425,7.0292],[81.4201,7.0134],[81.4132,7.0116],[81.4119,7.002],[81.403,6.9869],[81.3924,6.9922],[81.3796,6.9865],[81.375,6.975],[81.3417,6.975],[81.3413,6.9684],[81.3358,6.9629],[81.3062,6.9631],[81.3011,6.9669],[81.2952,6.9797],[81.3004,6.9867],[81.2992,6.9952],[81.2786,6.9964],[81.2479,6.9838],[81.2382,6.9884],[81.2369,6.9966],[81.2453,7.0103],[81.2464,7.0299],[81.2422,7.0353],[81.2411,7.0522],[81.2327,7.0647],[81.2268,7.0714],[81.2174,7.07],[81.216,7.0508],[81.2078,7.0494],[81.1978,7.0548],[81.1882,7.0634],[81.1868,7.0824],[81.1708,7.0833],[81.1587,7.0934],[81.158,7.1024],[81.1379,7.1267],[81.1375,7.1333],[81.1434,7.1413],[81.1524,7.142],[81.1621,7.1517],[81.1667,7.175],[81.1826,7.1843],[81.1841,7.1951],[81.1958,7.1958],[81.2005,7.191],[81.2199,7.2009],[81.2255,7.209],[81.2338,7.2035],[81.2396,7.2078],[81.2534,7.2034],[81.2552,7.1911],[81.2659,7.1924],[81.2672,7.223],[81.2704,7.2271],[81.2671,7.2313],[81.2715,7.2491],[81.2899,7.2462],[81.2983,7.2504],[81.3108,7.267],[81.3274,7.2621],[81.3358,7.2538],[81.3441,7.2545],[81.3517,7.2621],[81.3625,7.2625],[81.3632,7.2552],[81.3825,7.2492],[81.3843,7.2372],[81.4,7.2417],[81.4006,7.2564],[81.4078,7.2686],[81.4089,7.2949],[81.4199,7.3004],[81.4217,7.3075],[81.4366,7.3134],[81.4411,7.3228],[81.4625,7.3292],[81.4702,7.3395],[81.4716,7.3493],[81.4875,7.35],[81.4887,7.3453],[81.5064,7.3464],[81.5118,7.3506],[81.5314,7.3494],[81.5413,7.3449],[81.5464,7.3382],[81.5453,7.3311],[81.5381,7.323],[81.5369,7.3103],[81.5286,7.2924],[81.5298,7.2801],[81.5375,7.275]]]}},{"type":"Feature","properties":{"name":"Kunchikumban Aru","named":true,"areaKm2":1661,"hybasId":4080049560},"geometry":{"type":"Polygon","coordinates":[[[80.8458,8.3333],[80.8455,8.3142],[80.8371,8.3017],[80.8379,8.2892],[80.8455,8.2816],[80.845,8.2717],[80.8258,8.2659],[80.825,8.2583],[80.8042,8.2583],[80.7962,8.2483],[80.7955,8.2392],[80.7879,8.2274],[80.7871,8.2101],[80.7712,8.1899],[80.7663,8.1601],[80.7625,8.1563],[80.767,8.1517],[80.7663,8.1351],[80.7629,8.1316],[80.7621,8.1184],[80.7538,8.11],[80.7545,8.0767],[80.7587,8.0642],[80.775,8.05],[80.7744,7.9561],[80.7703,7.9507],[80.7756,7.9424],[80.7744,7.927],[80.7667,7.9167],[80.7667,7.9292],[80.7592,7.9298],[80.7575,7.9366],[80.7509,7.9384],[80.745,7.9533],[80.7228,7.9631],[80.7131,7.973],[80.7161,7.9771],[80.7131,7.9813],[80.7202,7.9895],[80.7215,8.0323],[80.7285,8.0343],[80.7298,8.0522],[80.7336,8.0574],[80.7174,8.0633],[80.716,8.0772],[80.7048,8.0895],[80.6996,8.1608],[80.6962,8.1642],[80.6955,8.185],[80.6996,8.1941],[80.6879,8.2101],[80.6871,8.2274],[80.6837,8.2309],[80.6833,8.2542],[80.692,8.2642],[80.6837,8.2767],[80.6875,8.2958],[80.6795,8.3059],[80.6754,8.3274],[80.6869,8.3436],[80.6912,8.3646],[80.688,8.3688],[80.6953,8.3853],[80.6964,8.4147],[80.7006,8.4257],[80.6922,8.4395],[80.6911,8.4522],[80.675,8.4708],[80.6829,8.476],[80.6954,8.4937],[80.6911,8.4993],[80.7051,8.5202],[80.7333,8.5208],[80.7295,8.54],[80.7392,8.5496],[80.7458,8.55],[80.7462,8.5733],[80.758,8.5976],[80.7583,8.6083],[80.7642,8.6121],[80.767,8.6358],[80.7875,8.6604],[80.7795,8.6684],[80.7788,8.685],[80.7871,8.6976],[80.7879,8.7108],[80.7913,8.7142],[80.792,8.7399],[80.7996,8.7517],[80.8004,8.7816],[80.8038,8.7851],[80.8045,8.7975],[80.7962,8.8184],[80.7968,8.8329],[80.8034,8.8381],[80.8276,8.8292],[80.8369,8.8395],[80.8382,8.8491],[80.8479,8.8537],[80.8562,8.8463],[80.8978,8.8786],[80.9061,8.8828],[80.9281,8.884],[80.9304,8.8916],[80.9416,8.897],[80.952,8.9119],[80.9954,8.9256],[81.0076,8.9242],[81.0083,8.9167],[81.0208,8.9167],[81.0208,8.9125],[81.0167,8.9125],[81.0203,8.8979],[80.9994,8.8759],[81.0008,8.8674],[81.0105,8.8661],[81.0244,8.8574],[81.025,8.8417],[81.0215,8.8408],[81.0203,8.8284],[81.0256,8.8201],[81.0163,8.8051],[81.0022,8.7964],[80.9811,8.7953],[80.9676,8.7871],[80.9658,8.78],[80.959,8.7783],[80.9533,8.755],[80.9333,8.7458],[80.9333,8.7125],[80.9619,8.6939],[80.9674,8.6676],[80.9708,8.6667],[80.9705,8.6559],[80.9439,8.6297],[80.9381,8.6283],[80.9369,8.5978],[80.9288,8.5843],[80.9214,8.5824],[80.9167,8.5458],[80.9256,8.5343],[80.9131,8.5147],[80.9118,8.5009],[80.9083,8.5],[80.9125,8.4938],[80.908,8.4809],[80.9,8.4729],[80.917,8.4475],[80.9163,8.4309],[80.9087,8.4233],[80.9042,8.4042],[80.8843,8.3954],[80.8699,8.3465],[80.8561,8.3453],[80.8458,8.3333]]]}},{"type":"Feature","properties":{"name":"Per Aru","named":true,"areaKm2":1655,"hybasId":4080049450},"geometry":{"type":"Polygon","coordinates":[[[80.6708,9.4208],[80.7309,9.3629],[80.7726,9.3295],[80.79,9.3205],[80.8163,9.2899],[80.8214,9.2728],[80.8494,9.2272],[80.8547,9.1978],[80.8792,9.1375],[80.9036,9.1022],[80.9381,9.0353],[80.9661,8.9939],[80.9667,8.9875],[80.9608,8.9837],[80.9467,8.9882],[80.9033,9.0451],[80.8929,9.0464],[80.8796,9.0271],[80.8968,9.009],[80.9083,9.0083],[80.9083,9.0042],[80.8853,8.9952],[80.8772,8.9881],[80.8675,8.9867],[80.8615,8.9674],[80.8479,8.9631],[80.8397,8.9702],[80.8228,8.9715],[80.8049,8.98],[80.7994,9.0195],[80.8077,9.0218],[80.8083,9.0333],[80.7691,9.0288],[80.75,9.0375],[80.7449,9.0254],[80.7337,9.0199],[80.7189,9.0006],[80.7093,8.9993],[80.7,8.9875],[80.6991,8.991],[80.6811,8.9922],[80.6647,9.0078],[80.6534,9.0131],[80.6409,9.0078],[80.625,9.0125],[80.6191,9.0045],[80.6042,9.0042],[80.5996,9.0115],[80.584,9.0218],[80.5828,9.0314],[80.5756,9.0395],[80.5744,9.0522],[80.5672,9.0603],[80.5661,9.0855],[80.5533,9.1035],[80.5417,9.1042],[80.5411,9.1189],[80.5296,9.1354],[80.5381,9.1466],[80.5338,9.1521],[80.5381,9.1674],[80.5292,9.1792],[80.5333,9.1833],[80.5295,9.1892],[80.5292,9.2042],[80.5203,9.2157],[80.5134,9.2175],[80.5036,9.2324],[80.4965,9.2342],[80.4922,9.252],[80.4911,9.2591],[80.4954,9.2646],[80.4881,9.2728],[80.4875,9.2917],[80.491,9.2926],[80.4924,9.3033],[80.4993,9.305],[80.5006,9.3132],[80.4958,9.325],[80.5036,9.3353],[80.5089,9.3647],[80.5203,9.377],[80.5244,9.3895],[80.5256,9.4218],[80.5172,9.4311],[80.5161,9.4522],[80.5116,9.4616],[80.475,9.4848],[80.4792,9.4958],[80.4855,9.4964],[80.4937,9.5037],[80.5074,9.4993],[80.5134,9.4884],[80.5228,9.4839],[80.5397,9.4828],[80.5631,9.4738],[80.5619,9.4645],[80.5536,9.4551],[80.5551,9.4508],[80.5625,9.45],[80.5636,9.4544],[80.578,9.4456],[80.5869,9.4603],[80.5958,9.4625],[80.5967,9.459],[80.6274,9.458],[80.6566,9.4371],[80.6708,9.4208]],[[80.5028,9.4792],[80.509,9.4907],[80.4972,9.4923],[80.4952,9.4852],[80.5028,9.4792]],[[80.6958,9.3833],[80.6675,9.4116],[80.6661,9.4054],[80.6824,9.3953],[80.6842,9.3884],[80.6958,9.3833]]]}},{"type":"Feature","properties":{"name":"Amban Ganga","named":true,"areaKm2":1625,"hybasId":4081157070},"geometry":{"type":"Polygon","coordinates":[[[80.8042,7.8583],[80.812,7.8854],[80.8077,7.9033],[80.7994,7.9054],[80.8078,7.9228],[80.809,7.9365],[80.8145,7.9411],[80.825,7.9417],[80.8532,7.9203],[80.8576,7.9218],[80.859,7.9324],[80.8811,7.9411],[80.9125,7.9375],[80.9167,7.9542],[80.9275,7.9496],[80.9483,7.9504],[80.9559,7.958],[80.9691,7.9587],[80.9851,7.9663],[81,7.9667],[81.0051,7.9546],[81.016,7.9491],[81.0173,7.9259],[81.0246,7.924],[81.0301,7.9132],[81.0542,7.9083],[81.0545,7.8976],[81.0587,7.8934],[81.0542,7.875],[81.0583,7.8667],[81.0426,7.8618],[81.0417,7.8583],[81.0061,7.8578],[80.9967,7.8533],[80.9907,7.8424],[80.9659,7.8369],[80.9604,7.8412],[80.9467,7.8366],[80.945,7.83],[80.9355,7.8256],[80.9284,7.8244],[80.9229,7.8287],[80.9118,7.8244],[80.9064,7.8286],[80.9004,7.8233],[80.8996,7.8017],[80.8913,7.7809],[80.892,7.7642],[80.8958,7.7604],[80.892,7.7566],[80.8917,7.7333],[80.8837,7.7233],[80.883,7.6976],[80.8754,7.6858],[80.8744,7.627],[80.8703,7.6216],[80.8745,7.6063],[80.8703,7.6007],[80.8744,7.5939],[80.8756,7.5676],[80.8792,7.5667],[80.8788,7.5351],[80.8746,7.5309],[80.883,7.5149],[80.8833,7.4875],[80.8686,7.4828],[80.8605,7.4756],[80.8478,7.4744],[80.8229,7.4588],[80.8188,7.462],[80.809,7.4574],[80.8078,7.4478],[80.792,7.4316],[80.7851,7.4295],[80.7774,7.4371],[80.7642,7.4379],[80.7509,7.4465],[80.7417,7.4625],[80.7342,7.4632],[80.7325,7.47],[80.7142,7.4663],[80.7087,7.4608],[80.7087,7.4351],[80.7129,7.4309],[80.7083,7.3958],[80.692,7.3774],[80.6863,7.3536],[80.6677,7.3548],[80.6589,7.3645],[80.6536,7.3813],[80.6409,7.3951],[80.612,7.4048],[80.6049,7.3996],[80.5965,7.4008],[80.5952,7.424],[80.5884,7.4259],[80.5798,7.4395],[80.5754,7.4691],[80.583,7.4767],[80.5833,7.4917],[80.5756,7.502],[80.5744,7.5314],[80.5703,7.5424],[80.5744,7.5478],[80.5756,7.5772],[80.5797,7.5841],[80.5744,7.6007],[80.5787,7.6063],[80.5756,7.6103],[80.5797,7.6257],[80.5755,7.6313],[80.5828,7.652],[80.5839,7.6591],[80.5796,7.6646],[80.5839,7.6757],[80.5672,7.702],[80.5767,7.7163],[80.5833,7.7167],[80.5953,7.7064],[80.5911,7.703],[80.5936,7.7006],[80.6076,7.6953],[80.6375,7.7],[80.6327,7.7281],[80.6425,7.7298],[80.663,7.7119],[80.6697,7.7169],[80.6717,7.7241],[80.6938,7.7298],[80.6993,7.7342],[80.7083,7.7792],[80.7208,7.7792],[80.7259,7.7994],[80.7438,7.8006],[80.7488,7.8043],[80.755,7.8242],[80.7657,7.8258],[80.7892,7.858],[80.8042,7.8583]]]}},{"type":"Feature","properties":{"name":"Mahaweli Ganga","named":true,"areaKm2":1609,"hybasId":4081157620},"geometry":{"type":"Polygon","coordinates":[[[81.1375,7.1333],[81.1379,7.1267],[81.1684,7.0837],[81.1703,7.052],[81.1671,7.0479],[81.1714,7.0424],[81.1703,7.0228],[81.1661,7.0174],[81.1673,7.0051],[81.1744,7.0033],[81.1756,6.9811],[81.1833,6.9542],[81.1686,6.9494],[81.1593,6.9411],[81.1491,6.9174],[81.1409,6.9161],[81.1208,6.925],[81.109,6.9116],[81.1078,6.8909],[81.1119,6.8855],[81.1081,6.8822],[81.1119,6.8772],[81.1125,6.8625],[81.0937,6.8632],[81.0729,6.8785],[81.0383,6.8743],[81.0367,6.855],[81.0229,6.8535],[81.0048,6.8313],[81.0035,6.8265],[81.0083,6.825],[81.0083,6.8208],[80.9924,6.8216],[80.9917,6.8292],[80.9994,6.8395],[81.009,6.8671],[81.0032,6.8784],[80.9925,6.88],[80.984,6.902],[80.9833,6.9208],[80.9994,6.9395],[81.0006,6.948],[81.0078,6.9561],[81.0089,6.9799],[81.0046,6.9854],[81.0129,6.999],[81.02,7.0009],[81.0205,7.0191],[81.0083,7.0312],[81.0115,7.0407],[81.0008,7.0461],[80.9992,7.0618],[80.977,7.0631],[80.9667,7.0679],[80.9715,7.0837],[80.9673,7.0895],[80.9673,7.1074],[80.9784,7.1134],[80.9797,7.1216],[80.9755,7.1271],[80.9786,7.1311],[80.9792,7.1708],[80.9728,7.1714],[80.9592,7.184],[80.9574,7.191],[80.9467,7.1924],[80.95,7.2625],[80.9458,7.2875],[80.9257,7.2843],[80.9114,7.3202],[80.8775,7.3163],[80.8733,7.3205],[80.8509,7.3217],[80.8496,7.3316],[80.8337,7.3476],[80.8333,7.3667],[80.8176,7.3798],[80.8088,7.3937],[80.8131,7.4007],[80.8033,7.42],[80.7917,7.4292],[80.8078,7.4478],[80.809,7.4574],[80.8188,7.462],[80.8229,7.4588],[80.8478,7.4744],[80.8605,7.4756],[80.8686,7.4828],[80.8833,7.4875],[80.883,7.5149],[80.8746,7.5309],[80.8788,7.5351],[80.8792,7.5667],[80.9189,7.5714],[80.9311,7.5786],[80.9439,7.5797],[80.9619,7.5926],[80.9717,7.6075],[80.9792,7.6083],[80.995,7.5991],[81.0006,7.5728],[81.0131,7.5593],[81.0078,7.5507],[81.0131,7.5134],[81.0244,7.5064],[81.0254,7.4892],[81.0292,7.4854],[81.025,7.4813],[81.0292,7.4771],[81.025,7.4729],[81.0339,7.4478],[81.0453,7.4355],[81.0464,7.4051],[81.0563,7.4005],[81.0614,7.4044],[81.0634,7.3964],[81.0828,7.3814],[81.084,7.3562],[81.0923,7.3353],[81.1035,7.323],[81.1049,7.3091],[81.1161,7.3075],[81.1288,7.2899],[81.1337,7.2392],[81.1413,7.2316],[81.1545,7.1934],[81.1667,7.175],[81.1621,7.1517],[81.1524,7.142],[81.1434,7.1413],[81.1375,7.1333]]]}},{"type":"Feature","properties":{"name":"Kunchikumban Aru","named":true,"areaKm2":1599,"hybasId":4080049570},"geometry":{"type":"MultiPolygon","coordinates":[[[[81.2278,8.5125],[81.2245,8.5141],[81.2277,8.5169],[81.2278,8.5125]]],[[[81.2069,8.7208],[81.1994,8.7218],[81.2033,8.7256],[81.208,8.7237],[81.2069,8.7208]]],[[[81.1958,8.5042],[81.1964,8.4853],[81.205,8.4717],[81.2243,8.4619],[81.2311,8.4661],[81.25,8.4667],[81.2493,8.4592],[81.2118,8.4536],[81.1978,8.4589],[81.1854,8.4704],[81.1762,8.4621],[81.1742,8.4699],[81.1699,8.4714],[81.1593,8.4619],[81.1577,8.451],[81.1426,8.4451],[81.1339,8.4355],[81.1328,8.4228],[81.1241,8.4092],[81.1175,8.4075],[81.1125,8.3917],[81.1007,8.3866],[81.0993,8.3759],[81.0712,8.3566],[81.0708,8.3417],[81.0592,8.3366],[81.0542,8.3208],[81.0483,8.317],[81.0108,8.3163],[81.0024,8.3246],[80.9758,8.3284],[80.9744,8.3187],[80.9619,8.302],[80.9494,8.2883],[80.9395,8.2869],[80.93,8.2786],[80.9285,8.2687],[80.9208,8.2625],[80.9083,8.2625],[80.9074,8.2659],[80.8966,8.2675],[80.8951,8.2823],[80.8829,8.2881],[80.8772,8.284],[80.8562,8.2827],[80.848,8.2756],[80.8379,8.2892],[80.8371,8.3017],[80.8455,8.3142],[80.8458,8.3333],[80.8561,8.3453],[80.8699,8.3465],[80.8843,8.3954],[80.9042,8.4042],[80.9087,8.4233],[80.9163,8.4309],[80.917,8.4475],[80.9,8.4729],[80.908,8.4809],[80.9125,8.4938],[80.9087,8.4976],[80.9131,8.5147],[80.9256,8.5343],[80.9172,8.5436],[80.9214,8.5824],[80.9288,8.5843],[80.9369,8.5978],[80.9381,8.6283],[80.9439,8.6297],[80.9705,8.6559],[80.9708,8.6667],[80.9674,8.6676],[80.9619,8.6939],[80.9355,8.7119],[80.9333,8.7458],[80.9533,8.755],[80.959,8.7783],[80.9658,8.78],[80.9676,8.7871],[80.9811,8.7953],[81.0022,8.7964],[81.0163,8.8051],[81.0256,8.8201],[81.0203,8.8284],[81.0215,8.8408],[81.025,8.8417],[81.0244,8.8574],[81.0105,8.8661],[81.0008,8.8674],[80.9994,8.8759],[81.0203,8.8979],[81.0167,8.9125],[81.0241,8.9116],[81.0384,8.8839],[81.0645,8.8631],[81.0741,8.8634],[81.0762,8.8714],[81.0825,8.87],[81.0911,8.8522],[81.0922,8.8395],[81.1131,8.8061],[81.1283,8.7908],[81.1301,8.784],[81.1536,8.7647],[81.1589,8.752],[81.1869,8.7188],[81.2048,8.6812],[81.2176,8.6634],[81.2249,8.6613],[81.2298,8.6546],[81.2244,8.6421],[81.2298,8.6296],[81.2202,8.6174],[81.2256,8.5978],[81.2345,8.5834],[81.2405,8.5791],[81.243,8.5881],[81.2495,8.5813],[81.241,8.5716],[81.2506,8.5591],[81.2493,8.5427],[81.2418,8.5405],[81.2361,8.5285],[81.2293,8.5302],[81.2202,8.5454],[81.2298,8.562],[81.2281,8.5715],[81.2088,8.5619],[81.2014,8.5666],[81.1955,8.5593],[81.2074,8.5576],[81.2093,8.5509],[81.2173,8.5486],[81.2159,8.5385],[81.2077,8.5361],[81.2167,8.5321],[81.2119,8.5255],[81.2169,8.5093],[81.1958,8.5042]],[[81.1333,8.4917],[81.1375,8.4917],[81.1467,8.5075],[81.1561,8.5119],[81.1701,8.5172],[81.1833,8.5125],[81.1827,8.5241],[81.1575,8.5422],[81.1507,8.5366],[81.1494,8.527],[81.1324,8.509],[81.125,8.5083],[81.1254,8.5017],[81.1333,8.4917]]]]}},{"type":"Feature","properties":{"name":"Maha Oya","named":true,"areaKm2":1516,"hybasId":4080049090},"geometry":{"type":"Polygon","coordinates":[[[80.4833,7.0625],[80.4715,7.0676],[80.4703,7.0814],[80.4615,7.091],[80.4542,7.0917],[80.4535,7.1033],[80.4467,7.105],[80.4339,7.1353],[80.4328,7.148],[80.4214,7.1645],[80.4158,7.1866],[80.4051,7.1921],[80.3926,7.2047],[80.3908,7.2116],[80.3814,7.2161],[80.3646,7.2204],[80.348,7.2131],[80.3345,7.2119],[80.3277,7.225],[80.3229,7.2213],[80.3064,7.2286],[80.2701,7.2297],[80.2521,7.2213],[80.2417,7.225],[80.2413,7.2142],[80.2333,7.1979],[80.2413,7.1899],[80.2458,7.1583],[80.2341,7.1576],[80.2333,7.15],[80.2167,7.15],[80.216,7.1574],[80.2092,7.1592],[80.2038,7.1699],[80.1967,7.1717],[80.1917,7.1792],[80.1913,7.1899],[80.1858,7.1955],[80.1767,7.1962],[80.1646,7.2042],[80.1525,7.1996],[80.1437,7.2077],[80.1383,7.2037],[80.1299,7.205],[80.1286,7.223],[80.1244,7.2297],[80.1286,7.2354],[80.1199,7.2491],[80.1105,7.2536],[80.1011,7.2548],[80.0994,7.2453],[80.1048,7.2368],[80.0991,7.2298],[80.077,7.2286],[80.048,7.2047],[80.0283,7.2368],[79.9936,7.2422],[79.9855,7.2494],[79.9743,7.2506],[79.9605,7.2422],[79.9311,7.2411],[79.9147,7.2339],[79.8667,7.2292],[79.85,7.2708],[79.8417,7.2708],[79.8417,7.275],[79.8491,7.2757],[79.8561,7.2869],[79.8949,7.2923],[79.902,7.3036],[79.9147,7.3047],[79.9228,7.3119],[79.9397,7.3131],[79.9535,7.3217],[79.9547,7.3341],[79.9509,7.3452],[79.9783,7.3464],[79.9804,7.3547],[80,7.3458],[80.0105,7.3465],[80.0229,7.3536],[80.0479,7.3422],[80.0695,7.3506],[80.072,7.3416],[80.0949,7.3508],[80.0968,7.3576],[80.1076,7.3591],[80.1083,7.3667],[80.1282,7.3715],[80.1342,7.3825],[80.158,7.4017],[80.1583,7.4375],[80.1908,7.4423],[80.2004,7.4574],[80.2147,7.4631],[80.2292,7.4792],[80.2451,7.4785],[80.2512,7.4544],[80.2701,7.4406],[80.2708,7.425],[80.2858,7.4246],[80.2928,7.4164],[80.3022,7.4202],[80.3124,7.4155],[80.3175,7.4007],[80.3373,7.4029],[80.3425,7.3925],[80.3493,7.3908],[80.3507,7.3759],[80.3542,7.375],[80.3591,7.3909],[80.373,7.3923],[80.3785,7.3967],[80.3792,7.4167],[80.3839,7.4218],[80.3797,7.4269],[80.3887,7.4422],[80.4022,7.4411],[80.4125,7.4375],[80.4119,7.4187],[80.4084,7.4139],[80.416,7.4077],[80.4355,7.4089],[80.4443,7.4167],[80.4577,7.4022],[80.4631,7.3839],[80.4539,7.3634],[80.4633,7.3621],[80.4741,7.3676],[80.4763,7.3756],[80.4855,7.3744],[80.5033,7.3616],[80.5176,7.3384],[80.5441,7.3288],[80.5547,7.3134],[80.5533,7.3091],[80.523,7.2964],[80.5118,7.2953],[80.497,7.3044],[80.4949,7.2965],[80.4875,7.2958],[80.5052,7.2632],[80.52,7.2618],[80.5217,7.2503],[80.5332,7.2447],[80.5384,7.2343],[80.5451,7.2323],[80.5464,7.2186],[80.5506,7.2132],[80.5494,7.1926],[80.5458,7.1917],[80.5462,7.1684],[80.55,7.1646],[80.5333,7.1396],[80.5371,7.1309],[80.5246,7.1142],[80.5292,7.1063],[80.5254,7.1024],[80.525,7.0833],[80.5149,7.0754],[80.4833,7.0625]]]}},{"type":"Feature","properties":{"name":"Mi Oya","named":true,"areaKm2":1504,"hybasId":4080049200},"geometry":{"type":"Polygon","coordinates":[[[80.2583,8.0333],[80.2688,8.0296],[80.2743,8.0339],[80.2784,8.0323],[80.2801,8.0256],[80.2936,8.0131],[80.3286,8.0032],[80.3303,7.9753],[80.352,7.9548],[80.3605,7.9535],[80.3687,7.9465],[80.3826,7.9451],[80.3833,7.9375],[80.3979,7.9412],[80.4451,7.9119],[80.4522,7.9131],[80.461,7.9209],[80.4661,7.9147],[80.4672,7.8936],[80.4797,7.8802],[80.4744,7.8674],[80.4799,7.8467],[80.4871,7.8399],[80.4863,7.8293],[80.4713,7.8202],[80.4479,7.8286],[80.4421,7.8244],[80.4338,7.8298],[80.4188,7.8215],[80.402,7.8202],[80.3963,7.816],[80.38,7.8216],[80.3784,7.8326],[80.3667,7.8333],[80.3587,7.8275],[80.3583,7.8208],[80.3458,7.825],[80.337,7.8367],[80.3258,7.8383],[80.3242,7.8493],[80.3063,7.8535],[80.2917,7.8542],[80.2782,7.8454],[80.2729,7.8496],[80.2353,7.8339],[80.2282,7.8452],[80.2,7.8458],[80.2,7.8375],[80.1833,7.8417],[80.1729,7.838],[80.1467,7.8467],[80.1449,7.8535],[80.1061,7.8506],[80.0926,7.8549],[80.0866,7.866],[80.0759,7.8674],[80.0741,7.8743],[80.0559,7.8746],[80.0399,7.8629],[80.0292,7.8625],[80.0059,7.8629],[79.9899,7.8705],[79.9434,7.8754],[79.9254,7.8892],[79.9246,7.9024],[79.9089,7.9189],[79.9131,7.9424],[79.9079,7.949],[79.9007,7.9509],[79.8994,7.9647],[79.8917,7.975],[79.8913,8.0024],[79.8875,8.0063],[79.8913,8.0101],[79.892,8.0267],[79.8879,8.0309],[79.8875,8.05],[79.862,8.0452],[79.8412,8.0698],[79.8133,8.0757],[79.8119,8.0841],[79.8202,8.0937],[79.8125,8.1042],[79.8229,8.1005],[79.8284,8.1047],[79.8451,8.0994],[79.8564,8.1006],[79.8658,8.105],[79.8718,8.1204],[79.8784,8.1256],[79.8901,8.1209],[79.9311,8.1703],[79.9358,8.1705],[79.948,8.1589],[79.9701,8.1672],[80.0021,8.1505],[80.0076,8.1547],[80.0199,8.1535],[80.0259,8.1424],[80.0409,8.1369],[80.0534,8.1422],[80.0658,8.141],[80.0621,8.1309],[80.067,8.1225],[80.0629,8.1149],[80.0625,8.1],[80.0684,8.0962],[80.0983,8.0955],[80.1108,8.0913],[80.1189,8.0839],[80.1299,8.0881],[80.1449,8.0826],[80.1515,8.0708],[80.1632,8.0756],[80.1716,8.0703],[80.1853,8.0786],[80.1968,8.0797],[80.2241,8.0577],[80.2259,8.0506],[80.2446,8.0494],[80.2458,8.0542],[80.25,8.0542],[80.25,8.05],[80.258,8.0441],[80.2583,8.0333]]]}},{"type":"Feature","properties":{"name":"Menik Ganga","named":true,"areaKm2":1402,"hybasId":4080050020},"geometry":{"type":"Polygon","coordinates":[[[81.1792,6.6458],[81.1786,6.6605],[81.1744,6.6674],[81.1797,6.6843],[81.1631,6.7061],[81.1619,6.7174],[81.1662,6.7229],[81.1547,6.7395],[81.1535,6.7574],[81.1467,6.7592],[81.1407,6.7702],[81.1292,6.7708],[81.1298,6.7866],[81.1381,6.7924],[81.1256,6.8145],[81.1244,6.8299],[81.1287,6.8354],[81.1131,6.8468],[81.1119,6.8772],[81.1081,6.8822],[81.1125,6.8833],[81.1078,6.8909],[81.109,6.9116],[81.1205,6.9226],[81.1272,6.9244],[81.1409,6.9161],[81.1491,6.9174],[81.1593,6.9411],[81.1686,6.9494],[81.1833,6.9542],[81.1993,6.9492],[81.2048,6.9135],[81.2146,6.9046],[81.2201,6.9089],[81.2243,6.9073],[81.2343,6.8797],[81.2436,6.8714],[81.2616,6.866],[81.2745,6.8479],[81.2619,6.8174],[81.2661,6.798],[81.2619,6.7762],[81.2712,6.7738],[81.2619,6.7618],[81.2672,6.7534],[81.263,6.7479],[81.2714,6.702],[81.2786,6.6939],[81.2792,6.6875],[81.2871,6.6923],[81.2992,6.6909],[81.3006,6.677],[81.3093,6.6593],[81.3187,6.6548],[81.35,6.6583],[81.3464,6.6436],[81.3645,6.6214],[81.3938,6.6287],[81.4074,6.6243],[81.4145,6.6131],[81.4408,6.6035],[81.455,6.5759],[81.466,6.5699],[81.4703,6.5564],[81.4892,6.5504],[81.5006,6.5132],[81.4869,6.4882],[81.4881,6.4677],[81.5061,6.4589],[81.5199,6.4577],[81.5353,6.4381],[81.5494,6.4324],[81.5537,6.4104],[81.5411,6.3926],[81.5458,6.3765],[81.5397,6.3714],[81.527,6.3703],[81.5217,6.3634],[81.5241,6.3592],[81.5208,6.3583],[81.5074,6.3743],[81.4951,6.3756],[81.4897,6.3714],[81.4717,6.3702],[81.4659,6.3619],[81.4458,6.3792],[81.4189,6.3631],[81.372,6.3578],[81.37,6.3659],[81.3618,6.3672],[81.3562,6.363],[81.3409,6.3714],[81.3272,6.3631],[81.3186,6.3631],[81.3116,6.3743],[81.3034,6.3756],[81.298,6.3714],[81.2866,6.391],[81.2701,6.3964],[81.2646,6.3921],[81.2425,6.405],[81.2296,6.4271],[81.2339,6.4424],[81.2246,6.4608],[81.1881,6.5061],[81.1756,6.527],[81.17,6.545],[81.1667,6.5458],[81.1703,6.5561],[81.1714,6.6105],[81.1745,6.6146],[81.1703,6.6201],[81.1714,6.6355],[81.1792,6.6458]]]}},{"type":"Feature","properties":{"name":"Basin 80","named":false,"areaKm2":1391,"hybasId":4080050150},"geometry":{"type":"MultiPolygon","coordinates":[[[[79.7778,9.6417],[79.7619,9.6514],[79.7631,9.6688],[79.7678,9.6788],[79.7825,9.6923],[79.7951,9.6909],[79.7964,9.6805],[79.7882,9.6782],[79.7778,9.6417]]],[[[79.8153,9.6833],[79.8086,9.6842],[79.8035,9.6913],[79.8092,9.7173],[79.8173,9.7154],[79.8153,9.6833]]],[[[79.7778,9.5833],[79.7675,9.584],[79.7577,9.6036],[79.7636,9.6206],[79.7703,9.6256],[79.7798,9.6239],[79.7744,9.6047],[79.7798,9.5964],[79.7778,9.5833]]],[[[79.7278,9.475],[79.702,9.4756],[79.6895,9.4797],[79.6689,9.4953],[79.6549,9.5009],[79.6494,9.5159],[79.6506,9.5532],[79.6575,9.5589],[79.6741,9.5577],[79.6759,9.5506],[79.6978,9.5339],[79.724,9.5327],[79.7339,9.5049],[79.7328,9.4853],[79.7278,9.475]]],[[[79.5319,9.3833],[79.5216,9.384],[79.5203,9.3949],[79.5278,9.3958],[79.5338,9.3883],[79.5319,9.3833]]],[[[79.8417,9.6208],[79.8327,9.6217],[79.8408,9.6297],[79.8417,9.6208]]],[[[79.8625,9.6458],[79.8589,9.6354],[79.8673,9.6256],[79.8658,9.6177],[79.8582,9.6154],[79.8673,9.6048],[79.8619,9.5962],[79.8661,9.5854],[79.8616,9.566],[79.8354,9.5673],[79.7963,9.5759],[79.7869,9.5869],[79.7883,9.5997],[79.7955,9.6048],[79.7992,9.6029],[79.8011,9.591],[79.8077,9.5979],[79.8035,9.6038],[79.8098,9.6298],[79.8242,9.6284],[79.8261,9.616],[79.8406,9.6174],[79.8417,9.6208],[79.8492,9.6216],[79.8552,9.6451],[79.8625,9.6458]]],[[[80.4542,9.5333],[80.45,9.5262],[80.4584,9.5237],[80.4628,9.5175],[80.442,9.5119],[80.4354,9.5131],[80.4188,9.5286],[80.4105,9.5215],[80.3969,9.5201],[80.3958,9.5167],[80.3799,9.5174],[80.3655,9.5374],[80.351,9.5468],[80.3488,9.554],[80.3396,9.5619],[80.3187,9.5673],[80.2813,9.5994],[80.252,9.6131],[80.2313,9.6285],[80.1712,9.6548],[80.1669,9.6526],[80.1744,9.6438],[80.1757,9.6257],[80.209,9.628],[80.2074,9.6218],[80.2008,9.6198],[80.1992,9.6093],[80.191,9.6069],[80.2,9.6029],[80.205,9.5885],[80.2131,9.5861],[80.2049,9.5785],[80.1687,9.5965],[80.1396,9.6244],[80.1021,9.641],[80.0958,9.6417],[80.1187,9.6173],[80.1367,9.6117],[80.1377,9.6051],[80.1284,9.6037],[80.102,9.6131],[80.0522,9.6452],[80.0208,9.6458],[80.0199,9.6424],[80.009,9.6409],[80.0077,9.6228],[80.0035,9.6171],[80.0083,9.6097],[79.988,9.5952],[79.9668,9.6012],[79.9614,9.6121],[79.948,9.6244],[79.9338,9.6298],[79.9177,9.6285],[79.9156,9.6211],[79.9049,9.6119],[79.8709,9.6345],[79.8625,9.6458],[79.8577,9.6605],[79.8423,9.6812],[79.8369,9.6995],[79.8386,9.7089],[79.8495,9.7036],[79.8587,9.7052],[79.8494,9.7159],[79.8589,9.7284],[79.8536,9.7453],[79.8549,9.7575],[79.8659,9.7673],[79.8745,9.7619],[79.8813,9.7631],[79.9042,9.7708],[79.9103,9.7786],[79.9272,9.7797],[79.9408,9.7884],[79.9478,9.7994],[79.9909,9.8172],[79.9979,9.813],[80.0326,9.8256],[80.0743,9.8119],[80.1105,9.8131],[80.1186,9.8203],[80.1395,9.8286],[80.1897,9.8297],[80.2034,9.8381],[80.2399,9.833],[80.258,9.8233],[80.2587,9.8142],[80.2712,9.7892],[80.308,9.7399],[80.3254,9.7101],[80.3767,9.6545],[80.5191,9.5455],[80.5351,9.5254],[80.5524,9.5163],[80.5934,9.4795],[80.6024,9.4788],[80.615,9.4705],[80.6205,9.4649],[80.6208,9.4583],[80.5842,9.4634],[80.5788,9.474],[80.548,9.4953],[80.527,9.5006],[80.498,9.5161],[80.475,9.5208],[80.4691,9.5288],[80.4542,9.5333]],[[79.8778,9.6958],[79.8837,9.7032],[79.8721,9.7048],[79.8702,9.6968],[79.8778,9.6958]],[[79.9042,9.7625],[79.9007,9.7616],[79.9,9.7542],[79.9035,9.7551],[79.9042,9.7625]],[[80.3861,9.525],[80.386,9.5294],[80.3829,9.5266],[80.3861,9.525]],[[80.0875,9.65],[80.0884,9.6467],[80.0917,9.6458],[80.0908,9.6491],[80.0875,9.65]],[[79.9042,9.6792],[79.8996,9.678],[79.903,9.6744],[79.9042,9.6792]],[[79.9042,9.6792],[79.9159,9.6839],[79.9365,9.6827],[79.9422,9.6759],[79.9333,9.6598],[79.9729,9.6338],[79.9825,9.6384],[79.9842,9.645],[79.9919,9.647],[79.9869,9.6534],[79.989,9.6589],[79.995,9.6575],[79.9967,9.6506],[80.0125,9.65],[80.0118,9.6574],[80.001,9.6629],[79.995,9.6865],[79.9909,9.6881],[79.9826,9.6828],[79.9595,9.6964],[79.9574,9.6882],[79.9429,9.6869],[79.9157,9.7452],[79.9,9.7458],[79.8994,9.7259],[79.8914,9.7239],[79.8964,9.7174],[79.8951,9.7092],[79.8869,9.7071],[79.8883,9.7009],[79.8951,9.6991],[79.8965,9.6884],[79.9035,9.6866],[79.9042,9.6792]],[[80.4542,9.5333],[80.453,9.5379],[80.4494,9.5345],[80.4542,9.5333]]]]}},{"type":"Feature","properties":{"name":"Yoda Ela","named":true,"areaKm2":1185,"hybasId":4081156550},"geometry":{"type":"Polygon","coordinates":[[[80.8833,7.9417],[80.859,7.9324],[80.8576,7.9218],[80.8532,7.9203],[80.825,7.9417],[80.8145,7.9411],[80.809,7.9365],[80.8078,7.9228],[80.7994,7.9054],[80.8077,7.9033],[80.812,7.8854],[80.8078,7.8645],[80.7858,7.8545],[80.7715,7.8634],[80.7667,7.9167],[80.7744,7.927],[80.7756,7.9424],[80.7703,7.9507],[80.7744,7.9561],[80.775,8.05],[80.7587,8.0642],[80.7545,8.0767],[80.7538,8.11],[80.7621,8.1184],[80.7629,8.1316],[80.7663,8.1351],[80.767,8.1517],[80.7625,8.1563],[80.7663,8.1601],[80.7712,8.1899],[80.7871,8.2101],[80.7879,8.2274],[80.7955,8.2392],[80.7962,8.2483],[80.8038,8.2559],[80.825,8.2583],[80.8258,8.2659],[80.845,8.2717],[80.8562,8.2827],[80.8772,8.284],[80.8829,8.2881],[80.8951,8.2823],[80.8966,8.2675],[80.9074,8.2659],[80.9035,8.258],[80.9077,8.2521],[80.9035,8.2431],[80.9159,8.2367],[80.9174,8.2174],[80.9409,8.2115],[80.9423,8.202],[80.95,8.1958],[80.95,8.1875],[80.9642,8.1754],[80.9809,8.167],[80.9941,8.1663],[81.0021,8.1583],[81.0063,8.1625],[81.0246,8.1483],[81.045,8.1465],[81.0467,8.158],[81.052,8.1619],[81.0688,8.1661],[81.0897,8.1631],[81.1083,8.1792],[81.1191,8.1663],[81.1483,8.167],[81.1566,8.1754],[81.165,8.1746],[81.1705,8.1691],[81.1754,8.1476],[81.1833,8.1417],[81.1743,8.1134],[81.1674,8.1116],[81.166,8.1009],[81.1604,8.0963],[81.1549,8.1006],[81.1467,8.0993],[81.1413,8.085],[81.108,8.0559],[81.1129,8.0475],[81.1121,8.0351],[81.108,8.0309],[81.1087,8.0184],[81.1125,8.0146],[81.1087,8.0108],[81.108,7.9601],[81.0979,7.9458],[81.0729,7.9667],[81.0684,7.9621],[81.0438,7.9708],[81.0392,7.9663],[81.0309,7.967],[81.0184,7.9754],[81.0059,7.9746],[81.0004,7.9691],[80.9691,7.9587],[80.9559,7.958],[80.9483,7.9504],[80.9275,7.9496],[80.9167,7.9542],[80.9125,7.9375],[80.8892,7.9379],[80.8833,7.9417]]]}},{"type":"Feature","properties":{"name":"Nay Aru","named":true,"areaKm2":1178,"hybasId":4080049310},"geometry":{"type":"MultiPolygon","coordinates":[[[[79.6819,9.0708],[79.6702,9.0717],[79.6784,9.0798],[79.683,9.0778],[79.6819,9.0708]]],[[[79.6486,9.0667],[79.6368,9.0675],[79.6388,9.0757],[79.6545,9.0741],[79.6486,9.0667]]],[[[80.05,9.0375],[80.0506,9.048],[80.0661,9.0645],[80.0674,9.0741],[80.075,9.075],[80.0842,9.0592],[80.0917,9.0542],[80.0983,9.0587],[80.1191,9.0538],[80.1559,9.0295],[80.1833,9.025],[80.2064,9.0256],[80.2104,9.0287],[80.2272,9.0244],[80.2408,9.0201],[80.2425,9.0134],[80.2686,8.9964],[80.2782,8.9951],[80.2829,8.9896],[80.2786,8.9841],[80.2798,8.9717],[80.2996,8.9608],[80.308,8.9483],[80.3087,8.9309],[80.3203,8.9189],[80.3257,8.9009],[80.3325,8.8991],[80.3464,8.8802],[80.3411,8.8674],[80.3423,8.8551],[80.3506,8.853],[80.3494,8.8395],[80.3421,8.8313],[80.3454,8.8271],[80.3426,8.8129],[80.3658,8.8033],[80.3705,8.7941],[80.3608,8.7879],[80.3392,8.783],[80.3191,8.7545],[80.3059,8.7538],[80.3024,8.7504],[80.2909,8.7589],[80.2854,8.7546],[80.2799,8.7593],[80.2785,8.7699],[80.2564,8.7828],[80.227,8.7881],[80.22,8.7991],[80.2022,8.8078],[80.1833,8.8],[80.1705,8.8197],[80.1465,8.8342],[80.1452,8.8522],[80.1284,8.8715],[80.1188,8.8631],[80.1091,8.8617],[80.1077,8.8478],[80.0995,8.8383],[80.0885,8.8367],[80.0774,8.8295],[80.0691,8.8288],[80.0608,8.8337],[80.0566,8.8295],[80.0233,8.8288],[80.0066,8.8413],[79.9967,8.8366],[79.9949,8.8296],[79.9882,8.8244],[79.9799,8.8297],[79.9728,8.8286],[79.9382,8.8119],[79.9299,8.8172],[79.9241,8.809],[79.9167,8.8083],[79.9119,8.8162],[79.916,8.8228],[79.9215,8.8605],[79.9298,8.8787],[79.9285,8.8897],[79.9244,8.9022],[79.8923,8.9478],[79.8881,8.9563],[79.8917,8.9613],[79.8836,8.9636],[79.8739,8.9787],[79.8355,9.016],[79.7938,9.0452],[79.7605,9.0619],[79.723,9.0744],[79.6966,9.0757],[79.6951,9.0865],[79.6874,9.0887],[79.6978,9.1035],[79.7313,9.1119],[79.7897,9.1035],[79.8605,9.0785],[79.8829,9.0614],[79.9077,9.0355],[79.9094,9.0295],[79.9298,9.0153],[79.9279,9.0077],[79.9145,9.009],[79.8838,9.0298],[79.8785,9.0273],[79.8802,9.0213],[79.9062,8.9965],[79.9298,8.9861],[79.9284,8.9757],[79.9145,8.9744],[79.8994,8.9653],[79.9242,8.9618],[79.926,8.9494],[79.9438,8.9506],[79.9645,8.9702],[79.9813,8.9756],[79.9875,8.9833],[79.9881,8.9948],[80.0145,9.0161],[80.0284,9.0214],[80.0364,9.0164],[80.05,9.0375]]]]}},{"type":"Feature","properties":{"name":"Churiyan Aru","named":true,"areaKm2":1130,"hybasId":4080049540},"geometry":{"type":"Polygon","coordinates":[[[80.6083,9],[80.6083,9.0042],[80.6167,9.0042],[80.6246,9.01],[80.6355,9.0119],[80.6409,9.0078],[80.6534,9.0131],[80.6647,9.0078],[80.6811,8.9922],[80.6991,8.991],[80.7,8.9875],[80.7093,8.9993],[80.7189,9.0006],[80.7282,9.0089],[80.7337,9.0199],[80.7449,9.0254],[80.7494,9.0353],[80.7566,9.0371],[80.7691,9.0288],[80.8083,9.0333],[80.8077,9.0218],[80.7994,9.0195],[80.8049,8.98],[80.8228,8.9715],[80.8397,8.9702],[80.8479,8.9631],[80.8615,8.9674],[80.8675,8.9867],[80.8772,8.9881],[80.9059,9.0038],[80.9119,8.9938],[80.9072,8.9834],[80.8968,8.9782],[80.8863,8.9584],[80.8716,8.9534],[80.8702,8.9395],[80.8631,8.9313],[80.8617,8.9218],[80.8468,8.9157],[80.8447,8.9087],[80.8313,8.8965],[80.8087,8.8864],[80.7875,8.8583],[80.7879,8.8434],[80.7958,8.8292],[80.8004,8.8017],[80.8045,8.7975],[80.8,8.7542],[80.792,8.7399],[80.7913,8.7142],[80.7879,8.7108],[80.7871,8.6976],[80.7788,8.685],[80.7795,8.6684],[80.7875,8.6604],[80.767,8.6358],[80.7667,8.6125],[80.7608,8.6087],[80.7504,8.5858],[80.7462,8.5733],[80.7458,8.55],[80.7392,8.5496],[80.7295,8.54],[80.7333,8.5208],[80.7051,8.5202],[80.6911,8.4993],[80.6954,8.4937],[80.6829,8.476],[80.675,8.4708],[80.6708,8.4708],[80.6632,8.4801],[80.6631,8.5022],[80.6714,8.5214],[80.6619,8.5522],[80.6408,8.5868],[80.6258,8.5882],[80.6244,8.5964],[80.6292,8.6125],[80.6142,8.617],[80.6075,8.6283],[80.6009,8.63],[80.5991,8.6366],[80.5925,8.6384],[80.5838,8.6563],[80.5912,8.6646],[80.5828,8.6841],[80.587,8.6896],[80.5797,8.7145],[80.5792,8.7333],[80.5866,8.7342],[80.5884,8.7408],[80.602,8.7494],[80.6158,8.7507],[80.6244,8.7645],[80.6241,8.77],[80.6173,8.7717],[80.612,8.7843],[80.6214,8.8011],[80.613,8.8103],[80.6119,8.823],[80.6047,8.8311],[80.5953,8.8613],[80.6044,8.8636],[80.5994,8.8718],[80.6078,8.8811],[80.6036,8.8884],[80.6089,8.8968],[80.6036,8.9134],[80.6079,8.9188],[80.6005,8.9269],[80.5995,8.9384],[80.6036,8.9436],[80.6047,8.9564],[80.6161,8.9728],[80.6172,8.9844],[80.6089,8.9936],[80.6083,9]]]}},{"type":"Feature","properties":{"name":"Uppu Aru","named":true,"areaKm2":1064,"hybasId":4080049680},"geometry":{"type":"MultiPolygon","coordinates":[[[[81.1833,8.1375],[81.1825,8.1342],[81.1792,8.1333],[81.18,8.1366],[81.1833,8.1375]]],[[[81.2333,8.0208],[81.2244,8.0324],[81.2173,8.0342],[81.216,8.0533],[81.1993,8.0631],[81.1937,8.0588],[81.1839,8.0677],[81.1828,8.0966],[81.2006,8.1299],[81.1947,8.1419],[81.1833,8.1375],[81.1833,8.1417],[81.1792,8.1417],[81.1705,8.1691],[81.165,8.1746],[81.1566,8.1754],[81.1483,8.167],[81.1191,8.1663],[81.105,8.1783],[81.1033,8.1717],[81.0897,8.1631],[81.0688,8.1661],[81.052,8.1619],[81.0467,8.158],[81.045,8.1465],[81.025,8.1458],[81.0063,8.1625],[81.0021,8.1583],[80.9941,8.1663],[80.9809,8.167],[80.9642,8.1754],[80.9423,8.202],[80.9409,8.2115],[80.9174,8.2174],[80.9159,8.2367],[80.9035,8.2431],[80.9077,8.2521],[80.9035,8.258],[80.9054,8.2616],[80.9249,8.2637],[80.93,8.2786],[80.9395,8.2869],[80.9494,8.2883],[80.9619,8.302],[80.9744,8.3187],[80.9758,8.3284],[81.0024,8.3246],[81.0108,8.3163],[81.0483,8.317],[81.0592,8.3366],[81.0686,8.3411],[81.0712,8.3566],[81.0993,8.3759],[81.1007,8.3866],[81.1103,8.3911],[81.1175,8.4075],[81.1241,8.4092],[81.1328,8.4228],[81.1339,8.4355],[81.1426,8.4451],[81.1577,8.451],[81.1593,8.4619],[81.1699,8.4714],[81.1742,8.4699],[81.1762,8.4621],[81.1854,8.4704],[81.1978,8.4589],[81.2118,8.4536],[81.2493,8.4592],[81.25,8.4667],[81.2542,8.4667],[81.2545,8.46],[81.2601,8.4545],[81.2733,8.4538],[81.2917,8.4396],[81.2879,8.4358],[81.2888,8.4291],[81.2937,8.4257],[81.3252,8.42],[81.3215,8.4146],[81.3257,8.3854],[81.3298,8.3794],[81.3243,8.3711],[81.3257,8.3386],[81.3292,8.3375],[81.32,8.2967],[81.3021,8.2838],[81.2979,8.287],[81.2924,8.2828],[81.2759,8.2884],[81.2689,8.2994],[81.2663,8.285],[81.2339,8.2561],[81.2381,8.2507],[81.2339,8.2439],[81.2286,8.2061],[81.2244,8.2007],[81.2256,8.1811],[81.23,8.1717],[81.2478,8.1589],[81.2504,8.1475],[81.265,8.133],[81.2809,8.1371],[81.2827,8.1177],[81.2506,8.0897],[81.2494,8.077],[81.2414,8.0636],[81.2458,8.0625],[81.2458,8.0542],[81.2381,8.0355],[81.2368,8.0217],[81.2333,8.0208]]]]}},{"type":"Feature","properties":{"name":"Nilwala Gannga","named":true,"areaKm2":1041,"hybasId":4080048910},"geometry":{"type":"Polygon","coordinates":[[[80.6958,6.3208],[80.6717,6.3256],[80.6708,6.3292],[80.6456,6.3242],[80.6494,6.3187],[80.6365,6.3008],[80.6243,6.2989],[80.6258,6.2883],[80.6456,6.2867],[80.6507,6.2794],[80.6423,6.2563],[80.6616,6.2536],[80.6661,6.2439],[80.6618,6.205],[80.6563,6.2006],[80.6505,6.2048],[80.6465,6.2029],[80.6417,6.1847],[80.6576,6.1784],[80.6591,6.1635],[80.6744,6.152],[80.6701,6.1384],[80.6634,6.1366],[80.6615,6.1296],[80.6175,6.1075],[80.6167,6.1042],[80.6208,6.1042],[80.6253,6.097],[80.6208,6.0958],[80.6215,6.0716],[80.6537,6.0701],[80.6618,6.0604],[80.6616,6.0551],[80.6499,6.047],[80.6619,6.0397],[80.666,6.0228],[80.6532,6.0008],[80.6425,5.9992],[80.6409,5.9885],[80.623,5.9798],[80.6125,5.9792],[80.6169,5.9634],[80.605,5.9617],[80.6034,5.9507],[80.5838,5.9452],[80.5771,5.9494],[80.5583,5.9458],[80.5583,5.9417],[80.5542,5.9417],[80.5492,5.9574],[80.5449,5.9589],[80.5397,5.9547],[80.5,5.9458],[80.4993,5.9617],[80.4758,5.9716],[80.4744,5.9838],[80.4792,5.9905],[80.4702,5.9966],[80.4785,6.0062],[80.4792,6.0125],[80.4741,6.0201],[80.4549,6.0259],[80.4536,6.0363],[80.4625,6.0417],[80.4511,6.0503],[80.4465,6.0603],[80.4506,6.0842],[80.4366,6.0993],[80.4133,6.1007],[80.4119,6.1105],[80.3923,6.1353],[80.4047,6.1491],[80.4035,6.1616],[80.3922,6.1686],[80.3744,6.1993],[80.3825,6.205],[80.3885,6.2204],[80.3938,6.2245],[80.4083,6.2208],[80.4036,6.2355],[80.384,6.2467],[80.3797,6.2603],[80.3801,6.2744],[80.4022,6.2756],[80.4131,6.2804],[80.4035,6.3116],[80.3953,6.3137],[80.3965,6.3241],[80.4108,6.3288],[80.4288,6.3108],[80.4466,6.3036],[80.4562,6.3119],[80.4826,6.3091],[80.4833,6.3167],[80.4961,6.3114],[80.4911,6.3049],[80.4929,6.3003],[80.5118,6.2869],[80.5244,6.2926],[80.5299,6.3241],[80.5771,6.3454],[80.5909,6.3369],[80.6186,6.3494],[80.6333,6.35],[80.6342,6.3536],[80.6689,6.3536],[80.6936,6.3381],[80.7033,6.3368],[80.7044,6.3321],[80.6958,6.3208]]]}},{"type":"Feature","properties":{"name":"Verugal Aru","named":true,"areaKm2":1007,"hybasId":4080049690},"geometry":{"type":"Polygon","coordinates":[[[81.2833,8.1375],[81.265,8.133],[81.2504,8.1475],[81.25,8.1583],[81.23,8.1717],[81.2256,8.1811],[81.2244,8.2007],[81.2286,8.2061],[81.2339,8.2439],[81.2381,8.2507],[81.2339,8.2561],[81.2663,8.285],[81.2667,8.3],[81.274,8.2954],[81.2759,8.2884],[81.2924,8.2828],[81.2979,8.287],[81.3021,8.2838],[81.3158,8.2925],[81.3244,8.3061],[81.3292,8.3375],[81.3257,8.3386],[81.3243,8.3711],[81.3298,8.3794],[81.3257,8.3854],[81.3215,8.4146],[81.3252,8.42],[81.2937,8.4257],[81.2875,8.4333],[81.2917,8.4396],[81.2733,8.4538],[81.2601,8.4545],[81.2545,8.46],[81.2542,8.4667],[81.2782,8.4673],[81.287,8.4854],[81.2786,8.5034],[81.2804,8.5082],[81.3116,8.5175],[81.3135,8.5246],[81.3201,8.5297],[81.3311,8.5172],[81.3491,8.5075],[81.3579,8.4938],[81.3536,8.4882],[81.3619,8.473],[81.3797,8.3895],[81.3881,8.3686],[81.3964,8.3593],[81.3911,8.3507],[81.3922,8.3228],[81.3964,8.2978],[81.4036,8.2855],[81.4129,8.2309],[81.417,8.2184],[81.4246,8.2108],[81.4254,8.1934],[81.4375,8.1771],[81.433,8.1725],[81.4337,8.1642],[81.4462,8.1267],[81.4604,8.113],[81.4657,8.117],[81.4666,8.111],[81.4577,8.1008],[81.4714,8.052],[81.4844,8.0255],[81.5103,8.0006],[81.5199,7.9992],[81.5219,7.9919],[81.5286,7.9869],[81.545,7.9964],[81.5548,7.9948],[81.5536,7.9853],[81.5411,7.9717],[81.5423,7.9603],[81.5536,7.9436],[81.5491,7.9342],[81.525,7.9292],[81.5244,7.9355],[81.5134,7.9425],[81.5116,7.9492],[81.5054,7.9506],[81.503,7.9413],[81.4909,7.9506],[81.475,7.9458],[81.4741,7.9493],[81.4603,7.9506],[81.4521,7.9579],[81.4451,7.9536],[81.427,7.9589],[81.4024,7.9788],[81.3767,7.9879],[81.365,8.0038],[81.3441,7.9996],[81.3351,8.0038],[81.3295,7.9983],[81.3103,7.9953],[81.2991,7.9828],[81.2741,7.9922],[81.2375,7.9792],[81.2333,8.0208],[81.2368,8.0217],[81.2381,8.0355],[81.2453,8.052],[81.2458,8.0625],[81.2414,8.0636],[81.2494,8.077],[81.2506,8.0897],[81.2827,8.1177],[81.2833,8.1375]]]}},{"type":"Feature","properties":{"name":"Modaragam Aru","named":true,"areaKm2":999,"hybasId":4080049260},"geometry":{"type":"Polygon","coordinates":[[[80.075,8.375],[80.0667,8.375],[80.0658,8.3825],[80.0583,8.3875],[80.0538,8.3983],[80.0375,8.4104],[80.0417,8.4146],[80.0379,8.4184],[80.0375,8.475],[80.0255,8.4896],[80.0287,8.4938],[80.0246,8.499],[80.0093,8.5089],[80.0032,8.5201],[79.9759,8.5257],[79.9707,8.5363],[79.9659,8.5381],[79.9576,8.5328],[79.9301,8.5424],[79.9208,8.5667],[79.9341,8.5714],[79.9426,8.5661],[79.9575,8.5759],[79.9592,8.5826],[79.9674,8.5839],[79.9854,8.5755],[79.9924,8.5797],[80.0396,8.5588],[80.0532,8.5671],[80.0551,8.5743],[80.0702,8.5801],[80.0708,8.5875],[80.0816,8.592],[80.1125,8.5875],[80.1137,8.5922],[80.1408,8.5866],[80.1426,8.5799],[80.1533,8.5785],[80.1554,8.5703],[80.1772,8.5714],[80.1818,8.575],[80.1869,8.5689],[80.1886,8.5539],[80.2033,8.5592],[80.2051,8.566],[80.2167,8.5667],[80.2228,8.5589],[80.2449,8.5535],[80.2504,8.5184],[80.2625,8.4938],[80.2583,8.4896],[80.267,8.4767],[80.2871,8.4608],[80.2913,8.4483],[80.3066,8.4413],[80.3163,8.4316],[80.317,8.4225],[80.3229,8.4167],[80.3271,8.4208],[80.3375,8.4167],[80.347,8.4001],[80.3619,8.395],[80.3625,8.3667],[80.3588,8.3604],[80.3631,8.3549],[80.3619,8.3395],[80.3578,8.3341],[80.3631,8.3257],[80.3542,8.3083],[80.3577,8.3074],[80.3589,8.2936],[80.3662,8.2813],[80.3631,8.2728],[80.3728,8.2589],[80.3795,8.2392],[80.3996,8.2191],[80.4121,8.1941],[80.4125,8.1792],[80.4083,8.1792],[80.4024,8.1871],[80.3917,8.1875],[80.3911,8.198],[80.373,8.2119],[80.3551,8.2131],[80.3533,8.22],[80.3439,8.2244],[80.3176,8.2256],[80.3116,8.2408],[80.2884,8.2465],[80.2866,8.2535],[80.2583,8.2583],[80.2441,8.2705],[80.2351,8.2712],[80.2254,8.2851],[80.225,8.2958],[80.2051,8.2965],[80.1991,8.3116],[80.18,8.3217],[80.1783,8.3285],[80.1618,8.3297],[80.1563,8.3255],[80.1407,8.3297],[80.1314,8.3214],[80.1042,8.3167],[80.0993,8.3449],[80.0923,8.3467],[80.0911,8.3605],[80.075,8.375]]]}},{"type":"Feature","properties":{"name":"Aruvi Aru","named":true,"areaKm2":966,"hybasId":4081155750},"geometry":{"type":"Polygon","coordinates":[[[80.6833,8.2542],[80.6767,8.2545],[80.6649,8.2663],[80.6524,8.2705],[80.64,8.2663],[80.6274,8.2746],[80.5941,8.2754],[80.5899,8.2712],[80.5767,8.2712],[80.5733,8.2746],[80.5517,8.2754],[80.5441,8.283],[80.5292,8.2875],[80.5241,8.3033],[80.5175,8.305],[80.5036,8.3341],[80.5128,8.3489],[80.4881,8.3647],[80.4922,8.3799],[80.4881,8.3853],[80.4869,8.4022],[80.47,8.4241],[80.4632,8.4259],[80.4616,8.4366],[80.4397,8.4494],[80.4259,8.4507],[80.4199,8.4618],[80.4092,8.4632],[80.399,8.4827],[80.375,8.4833],[80.3657,8.4951],[80.3507,8.5009],[80.3493,8.5116],[80.305,8.53],[80.2993,8.5491],[80.2923,8.5509],[80.2875,8.5625],[80.2976,8.5705],[80.3233,8.5754],[80.3288,8.5809],[80.3292,8.5875],[80.3399,8.5871],[80.3517,8.5754],[80.3608,8.5746],[80.3684,8.567],[80.3896,8.575],[80.3934,8.5712],[80.4142,8.5705],[80.4188,8.575],[80.4309,8.567],[80.4392,8.5663],[80.4561,8.5828],[80.475,8.5875],[80.4978,8.6036],[80.5116,8.6048],[80.5125,8.6083],[80.5189,8.6078],[80.5333,8.5958],[80.5483,8.5962],[80.5559,8.6038],[80.585,8.5996],[80.6108,8.6205],[80.6292,8.6125],[80.6244,8.5964],[80.6258,8.5882],[80.6408,8.5868],[80.6452,8.5813],[80.6619,8.5522],[80.6714,8.5214],[80.6631,8.5022],[80.6632,8.4801],[80.6783,8.47],[80.6911,8.4522],[80.6922,8.4395],[80.7006,8.4257],[80.6964,8.4147],[80.6953,8.3853],[80.688,8.3688],[80.6912,8.3646],[80.6869,8.3436],[80.6754,8.3274],[80.6795,8.3059],[80.6871,8.2983],[80.6837,8.2767],[80.692,8.2642],[80.6833,8.2542]]]}},{"type":"Feature","properties":{"name":"Gin Ganga","named":true,"areaKm2":928,"hybasId":4080048950},"geometry":{"type":"Polygon","coordinates":[[[80.5208,6.4],[80.5733,6.3996],[80.5775,6.3955],[80.5899,6.3962],[80.6083,6.4042],[80.6092,6.4007],[80.6167,6.4],[80.6174,6.3924],[80.6531,6.3868],[80.6542,6.3542],[80.6208,6.35],[80.5909,6.3369],[80.5771,6.3454],[80.5436,6.3328],[80.5299,6.3241],[80.5244,6.2926],[80.5118,6.2869],[80.4929,6.3003],[80.4911,6.3049],[80.4961,6.3114],[80.4855,6.3161],[80.4826,6.3091],[80.4562,6.3119],[80.4466,6.3036],[80.4292,6.3083],[80.4108,6.3288],[80.3965,6.3241],[80.3953,6.3137],[80.4035,6.3116],[80.4131,6.2804],[80.4022,6.2756],[80.3801,6.2744],[80.3797,6.2603],[80.384,6.2467],[80.3996,6.2407],[80.4078,6.223],[80.3978,6.2214],[80.3938,6.2245],[80.3885,6.2204],[80.3825,6.205],[80.3744,6.1993],[80.3922,6.1686],[80.4035,6.1616],[80.4047,6.1491],[80.3917,6.1375],[80.3843,6.1421],[80.3825,6.1491],[80.3759,6.1509],[80.3703,6.1647],[80.3535,6.1824],[80.3424,6.1826],[80.3417,6.175],[80.3506,6.1671],[80.3492,6.1591],[80.3383,6.1575],[80.3366,6.1462],[80.3296,6.141],[80.3188,6.1452],[80.3036,6.1103],[80.2953,6.1009],[80.2969,6.0965],[80.3199,6.091],[80.3218,6.0837],[80.3381,6.0716],[80.3363,6.0668],[80.325,6.0583],[80.302,6.059],[80.2968,6.0628],[80.295,6.0507],[80.2784,6.0494],[80.2679,6.0585],[80.2655,6.0499],[80.2079,6.0756],[80.2009,6.0705],[80.1961,6.0559],[80.1912,6.0535],[80.1845,6.0584],[80.1824,6.0657],[80.1708,6.0625],[80.1745,6.0729],[80.1634,6.08],[80.1589,6.0895],[80.1546,6.1021],[80.1589,6.1176],[80.1506,6.127],[80.1494,6.1382],[80.1542,6.15],[80.1497,6.1511],[80.1537,6.1563],[80.1494,6.1674],[80.1537,6.1729],[80.1493,6.1908],[80.1424,6.1926],[80.1368,6.2158],[80.1333,6.2167],[80.1381,6.2287],[80.1327,6.2412],[80.141,6.252],[80.1426,6.2628],[80.1579,6.2535],[80.1635,6.2618],[80.1708,6.2625],[80.183,6.2441],[80.1992,6.2423],[80.2049,6.2657],[80.2145,6.2702],[80.2201,6.2699],[80.2214,6.2603],[80.2304,6.2453],[80.248,6.2464],[80.2562,6.2537],[80.261,6.25],[80.2679,6.2631],[80.2811,6.2589],[80.2913,6.2726],[80.2917,6.2833],[80.2976,6.2871],[80.3,6.3292],[80.2953,6.3564],[80.287,6.3656],[80.2922,6.3741],[80.2879,6.3938],[80.2924,6.4033],[80.2968,6.4046],[80.3032,6.3995],[80.3208,6.4083],[80.3215,6.4157],[80.3271,6.4204],[80.3326,6.4161],[80.349,6.4173],[80.3592,6.4327],[80.3825,6.4325],[80.3842,6.4257],[80.4061,6.4047],[80.4282,6.3911],[80.4491,6.3965],[80.4512,6.4047],[80.4659,6.3994],[80.4939,6.4006],[80.4993,6.4047],[80.5199,6.4035],[80.5208,6.4]]]}},{"type":"Feature","properties":{"name":"Kuda Ganga","named":true,"areaKm2":915,"hybasId":4081159050},"geometry":{"type":"Polygon","coordinates":[[[80.1833,6.4875],[80.1783,6.4952],[80.1645,6.4964],[80.1509,6.509],[80.1452,6.5324],[80.1343,6.5379],[80.1322,6.5461],[80.1271,6.5421],[80.1173,6.5467],[80.1161,6.5647],[80.1042,6.5792],[80.1116,6.5843],[80.1134,6.5907],[80.1241,6.5961],[80.1256,6.6046],[80.1159,6.6325],[80.1049,6.6341],[80.1,6.6625],[80.1,6.6708],[80.1147,6.6703],[80.1201,6.6661],[80.1259,6.6741],[80.1292,6.675],[80.1304,6.6708],[80.1407,6.6759],[80.143,6.684],[80.1604,6.6797],[80.1784,6.6923],[80.1825,6.6906],[80.1889,6.6744],[80.2022,6.6756],[80.2118,6.684],[80.2408,6.6827],[80.2466,6.6674],[80.2605,6.666],[80.2746,6.6566],[80.2759,6.6384],[80.2936,6.6256],[80.3116,6.6201],[80.3369,6.5855],[80.3382,6.5759],[80.352,6.5631],[80.3827,6.5551],[80.384,6.5741],[80.3939,6.5744],[80.416,6.5616],[80.4411,6.5355],[80.4494,6.523],[80.4507,6.5092],[80.4895,6.4922],[80.5147,6.4911],[80.5785,6.4659],[80.5792,6.4417],[80.5941,6.4413],[80.5979,6.4375],[80.6017,6.4413],[80.6048,6.4395],[80.6119,6.4272],[80.6132,6.4091],[80.6256,6.4073],[80.6188,6.4006],[80.6017,6.4038],[80.5899,6.3962],[80.5775,6.3955],[80.5733,6.3996],[80.5208,6.4],[80.5199,6.4035],[80.4993,6.4047],[80.4939,6.4006],[80.4659,6.3994],[80.4512,6.4047],[80.4491,6.3965],[80.4282,6.3911],[80.4061,6.4047],[80.3842,6.4257],[80.3825,6.4325],[80.3592,6.4327],[80.349,6.4173],[80.3326,6.4161],[80.3271,6.4204],[80.3215,6.4157],[80.3208,6.4083],[80.3144,6.4078],[80.3064,6.4005],[80.2924,6.4033],[80.2879,6.3938],[80.2922,6.3741],[80.287,6.3656],[80.2953,6.3564],[80.3,6.3292],[80.2895,6.3297],[80.2714,6.3603],[80.2701,6.3699],[80.2667,6.3708],[80.2663,6.3983],[80.2587,6.4059],[80.258,6.4191],[80.2504,6.4267],[80.2496,6.4399],[80.233,6.4733],[80.2254,6.4809],[80.2246,6.4899],[80.2158,6.4991],[80.202,6.4994],[80.1833,6.4875]]]}},{"type":"Feature","properties":{"name":"Welawe Ganga","named":true,"areaKm2":889,"hybasId":4080050090},"geometry":{"type":"Polygon","coordinates":[[[80.6208,6.1042],[80.6167,6.1042],[80.6175,6.1075],[80.63,6.1158],[80.6615,6.1296],[80.6634,6.1366],[80.6701,6.1384],[80.6744,6.152],[80.6591,6.1635],[80.6576,6.1784],[80.6417,6.1847],[80.6465,6.2029],[80.6505,6.2048],[80.6563,6.2006],[80.6618,6.205],[80.6667,6.2417],[80.6616,6.2536],[80.6417,6.2542],[80.6507,6.2794],[80.6456,6.2867],[80.6258,6.2883],[80.6243,6.2989],[80.6365,6.3008],[80.6494,6.3187],[80.6456,6.3242],[80.6656,6.3257],[80.6667,6.3292],[80.6908,6.3244],[80.6917,6.3083],[80.702,6.3048],[80.7203,6.2994],[80.7355,6.3006],[80.7411,6.3048],[80.7493,6.3033],[80.7536,6.2854],[80.7505,6.2812],[80.7583,6.2667],[80.7688,6.2704],[80.7783,6.2658],[80.7833,6.2583],[80.7994,6.2728],[80.8012,6.2797],[80.8118,6.2744],[80.8436,6.2828],[80.8689,6.2828],[80.8785,6.2783],[80.8953,6.2605],[80.9007,6.2426],[80.92,6.2283],[80.9244,6.2189],[80.9256,6.1968],[80.9368,6.1908],[80.9382,6.1801],[80.9583,6.175],[80.9587,6.1601],[80.9712,6.1351],[80.9856,6.1255],[80.9948,6.1339],[81.0199,6.1328],[81.0213,6.1282],[81.0171,6.1229],[81.0208,6.1042],[81.0149,6.1004],[80.9976,6.0996],[80.9858,6.0879],[80.9417,6.0833],[80.9358,6.0754],[80.9191,6.067],[80.9066,6.0629],[80.8833,6.0625],[80.8824,6.0591],[80.8716,6.0575],[80.87,6.0462],[80.863,6.041],[80.8505,6.0465],[80.8438,6.0423],[80.8083,6.0375],[80.8042,6.0333],[80.7986,6.0416],[80.7925,6.0372],[80.7909,6.0257],[80.7647,6.0215],[80.7427,6.0202],[80.7409,6.0326],[80.727,6.034],[80.7022,6.0535],[80.6897,6.0577],[80.6625,6.0583],[80.6537,6.0701],[80.6215,6.0716],[80.6208,6.0958],[80.6253,6.097],[80.6208,6.1042]]]}},{"type":"Feature","properties":{"name":"Attanagalu Oya","named":true,"areaKm2":808,"hybasId":4080049070},"geometry":{"type":"Polygon","coordinates":[[[79.9,7.0958],[79.8767,7.0871],[79.8649,7.0754],[79.8608,7.0746],[79.8545,7.0809],[79.8496,7.1149],[79.8254,7.1892],[79.825,7.2125],[79.8292,7.2125],[79.8298,7.2051],[79.8345,7.2036],[79.8478,7.2161],[79.8667,7.2167],[79.8667,7.2292],[79.9147,7.2339],[79.9311,7.2411],[79.9605,7.2422],[79.9743,7.2506],[79.9855,7.2494],[79.9936,7.2422],[80.0283,7.2368],[80.0375,7.2167],[80.0455,7.2108],[80.0458,7.2042],[80.077,7.2286],[80.0991,7.2298],[80.1048,7.2368],[80.0994,7.2453],[80.1011,7.2548],[80.1105,7.2536],[80.1199,7.2491],[80.1286,7.2354],[80.1244,7.2297],[80.1286,7.223],[80.1299,7.205],[80.1383,7.2037],[80.1437,7.2077],[80.1525,7.1996],[80.1646,7.2042],[80.1767,7.1962],[80.1858,7.1955],[80.1913,7.1899],[80.1917,7.1792],[80.1967,7.1717],[80.2038,7.1699],[80.2092,7.1592],[80.216,7.1574],[80.2167,7.15],[80.2333,7.15],[80.2202,7.1296],[80.2215,7.1187],[80.234,7.1049],[80.2325,7.0968],[80.2091,7.0909],[80.2119,7.0551],[80.205,7.0533],[80.203,7.0453],[80.1833,7.05],[80.1827,7.0574],[80.173,7.0619],[80.1551,7.0631],[80.1496,7.074],[80.1396,7.0787],[80.1243,7.0744],[80.1159,7.0797],[80.101,7.0704],[80.0994,7.0561],[80.0866,7.0257],[80.0759,7.0243],[80.0647,7.0047],[80.0399,7.0246],[80.0275,7.0254],[80.015,7.0205],[79.9983,7.033],[79.9858,7.0337],[79.9688,7.0255],[79.9618,7.0297],[79.9491,7.0244],[79.9384,7.0339],[79.9366,7.0408],[79.9125,7.0458],[79.9161,7.0563],[79.9118,7.0742],[79.9007,7.0758],[79.9,7.0958]]]}},{"type":"Feature","properties":{"name":"Parangi Aru","named":true,"areaKm2":797,"hybasId":4080049360},"geometry":{"type":"Polygon","coordinates":[[[80.2583,9.0042],[80.2425,9.0134],[80.2408,9.0201],[80.2104,9.0287],[80.2064,9.0256],[80.1833,9.025],[80.1559,9.0295],[80.1191,9.0538],[80.0983,9.0587],[80.0941,9.0545],[80.0842,9.0592],[80.0708,9.0792],[80.0783,9.0799],[80.0842,9.1035],[80.1253,9.1048],[80.1325,9.0997],[80.1341,9.0844],[80.1409,9.0823],[80.1465,9.0645],[80.1548,9.0577],[80.1795,9.0756],[80.192,9.0702],[80.1979,9.0744],[80.2159,9.0757],[80.2167,9.0833],[80.2358,9.083],[80.2437,9.075],[80.2642,9.083],[80.2813,9.0827],[80.3062,9.0632],[80.3324,9.0532],[80.3343,9.0468],[80.352,9.034],[80.3784,9.0326],[80.3827,9.0271],[80.3841,9.009],[80.4,9.0083],[80.4,9],[80.4066,8.9996],[80.4121,8.9941],[80.417,8.9767],[80.4455,8.9566],[80.4504,8.9351],[80.4642,8.9212],[80.4816,8.9163],[80.49,8.908],[80.5021,8.9167],[80.525,8.9083],[80.5254,8.9017],[80.5455,8.8733],[80.5462,8.8642],[80.5538,8.8566],[80.5592,8.8424],[80.5939,8.8286],[80.6214,8.8011],[80.612,8.7843],[80.6173,8.7717],[80.625,8.7667],[80.6158,8.7507],[80.602,8.7494],[80.5884,8.7408],[80.5866,8.7342],[80.565,8.7379],[80.5521,8.7292],[80.5149,8.7413],[80.4892,8.742],[80.4816,8.7496],[80.4566,8.758],[80.4417,8.7542],[80.4358,8.7621],[80.3934,8.7712],[80.3809,8.7795],[80.3712,8.7892],[80.3658,8.8033],[80.3426,8.8129],[80.3454,8.8271],[80.3421,8.8313],[80.3494,8.8395],[80.3506,8.853],[80.3423,8.8551],[80.3411,8.8674],[80.3464,8.8802],[80.3325,8.8991],[80.3257,8.9009],[80.3203,8.9189],[80.3087,8.9309],[80.308,8.9483],[80.2996,8.9608],[80.2798,8.9717],[80.2786,8.9841],[80.2829,8.9896],[80.2583,9.0042]]]}},{"type":"Feature","properties":{"name":"Karambalan Oya","named":true,"areaKm2":778,"hybasId":4081157660},"geometry":{"type":"Polygon","coordinates":[[[79.8333,7.4333],[79.8327,7.4408],[79.8259,7.4425],[79.8204,7.4532],[79.8132,7.4551],[79.8047,7.4853],[79.8036,7.5064],[79.7964,7.5311],[79.7953,7.5689],[79.7911,7.5799],[79.7958,7.5917],[79.8042,7.5917],[79.8159,7.5828],[79.8396,7.5912],[79.8562,7.5796],[79.8618,7.5839],[79.8772,7.5828],[79.8994,7.5689],[79.9108,7.567],[79.915,7.5712],[79.9229,7.5667],[79.9434,7.5788],[79.9563,7.5713],[79.9729,7.5787],[79.977,7.5756],[79.9983,7.5754],[80.0191,7.592],[80.0316,7.5913],[80.0354,7.5875],[80.0601,7.5996],[80.073,7.5994],[80.0854,7.5921],[80.0909,7.5964],[80.1064,7.5911],[80.1186,7.5797],[80.1283,7.5785],[80.1562,7.55],[80.1608,7.5545],[80.1691,7.5538],[80.1934,7.5337],[80.2042,7.5333],[80.2137,7.5124],[80.2188,7.5161],[80.234,7.5115],[80.2283,7.4759],[80.2217,7.4741],[80.2147,7.4631],[80.2004,7.4574],[80.1908,7.4423],[80.1583,7.4375],[80.158,7.4017],[80.1399,7.3837],[80.1342,7.3825],[80.1282,7.3715],[80.1208,7.3708],[80.105,7.38],[80.0991,7.391],[80.077,7.3964],[80.0615,7.416],[80.0478,7.4172],[80.0397,7.4244],[80.0198,7.4297],[80.0063,7.4171],[79.998,7.4244],[79.9917,7.425],[79.9691,7.4163],[79.9583,7.4208],[79.9576,7.4285],[79.9271,7.4327],[79.9077,7.434],[79.8971,7.4249],[79.8949,7.4324],[79.8846,7.4375],[79.8824,7.4449],[79.8645,7.4506],[79.8554,7.4585],[79.8532,7.4509],[79.8425,7.4455],[79.8409,7.4341],[79.8333,7.4333]]]}},{"type":"Feature","properties":{"name":"Kanakarayan Aru","named":true,"areaKm2":773,"hybasId":4080049440},"geometry":{"type":"Polygon","coordinates":[[[80.6042,8.8208],[80.5689,8.8411],[80.5592,8.8424],[80.5538,8.8566],[80.5462,8.8642],[80.5455,8.8733],[80.5254,8.9017],[80.5292,8.925],[80.5216,8.9257],[80.5048,8.9687],[80.5035,8.9755],[80.5078,8.9813],[80.4952,9.0046],[80.4994,9.0188],[80.4914,9.0281],[80.484,9.0302],[80.4833,9.0417],[80.4783,9.0491],[80.4715,9.0509],[80.4619,9.0772],[80.4212,9.1142],[80.4163,9.1399],[80.4004,9.1517],[80.4076,9.1549],[80.4125,9.1958],[80.4121,9.2441],[80.4045,9.2517],[80.4042,9.2792],[80.3966,9.2799],[80.3923,9.2937],[80.4004,9.3392],[80.392,9.3476],[80.4006,9.3576],[80.3953,9.3659],[80.4161,9.4103],[80.4173,9.4241],[80.4241,9.4259],[80.4292,9.4333],[80.4295,9.4649],[80.4337,9.4733],[80.4646,9.4958],[80.475,9.4917],[80.4792,9.4958],[80.475,9.4848],[80.5116,9.4616],[80.5161,9.4522],[80.5172,9.4311],[80.5256,9.4218],[80.5244,9.3895],[80.5203,9.377],[80.5089,9.3647],[80.5036,9.3353],[80.4964,9.3272],[80.4993,9.305],[80.4924,9.3033],[80.491,9.2926],[80.4875,9.2917],[80.4881,9.2728],[80.4954,9.2646],[80.4911,9.2591],[80.4965,9.2342],[80.5036,9.2324],[80.5134,9.2175],[80.5203,9.2157],[80.5286,9.2064],[80.5295,9.1892],[80.533,9.1858],[80.5292,9.1792],[80.5381,9.1674],[80.5338,9.1521],[80.5381,9.1466],[80.5296,9.1354],[80.5411,9.1189],[80.5417,9.1042],[80.5533,9.1035],[80.5661,9.0855],[80.5672,9.0603],[80.5744,9.0522],[80.5756,9.0395],[80.5828,9.0314],[80.584,9.0218],[80.6083,9.0042],[80.6089,8.9936],[80.6172,8.9844],[80.6161,8.9728],[80.6047,8.9564],[80.6036,8.9436],[80.5995,8.9384],[80.6005,8.9269],[80.6079,8.9188],[80.6036,8.9134],[80.6089,8.8968],[80.6036,8.8884],[80.6083,8.8833],[80.5994,8.8718],[80.6044,8.8636],[80.5953,8.8613],[80.6047,8.8311],[80.6119,8.823],[80.6125,8.8125],[80.6042,8.8208]]]}},{"type":"Feature","properties":{"name":"Deduru Oya","named":true,"areaKm2":758,"hybasId":4081157550},"geometry":{"type":"Polygon","coordinates":[[[80.2625,7.6208],[80.2324,7.6161],[80.222,7.6254],[80.2199,7.6173],[80.2083,7.6167],[80.1994,7.6282],[80.1925,7.63],[80.1908,7.6368],[80.1833,7.6375],[80.1828,7.648],[80.1717,7.655],[80.1697,7.6628],[80.1574,7.6578],[80.148,7.6661],[80.1186,7.6672],[80.1146,7.6704],[80.0909,7.6661],[80.0772,7.6744],[80.0439,7.6828],[80.0375,7.6833],[80.0367,7.6758],[80.0229,7.6744],[80.0146,7.6673],[80.0044,7.6657],[79.9992,7.6508],[79.9854,7.6494],[79.9771,7.6423],[79.9673,7.6506],[79.9563,7.6464],[79.9503,7.6506],[79.9355,7.6381],[79.9208,7.6333],[79.9119,7.6449],[79.905,7.6467],[79.9033,7.6535],[79.8792,7.6583],[79.8798,7.6699],[79.8868,7.6717],[79.8958,7.6958],[79.9073,7.6965],[79.9134,7.7075],[79.9326,7.7172],[79.9409,7.7119],[79.952,7.7203],[79.9647,7.7214],[79.9829,7.7301],[79.9884,7.7408],[79.995,7.7425],[79.9967,7.7491],[80.0061,7.7536],[80.0274,7.7545],[80.0476,7.7705],[80.0583,7.7708],[80.0631,7.7797],[80.0579,7.7867],[80.0591,7.7951],[80.0699,7.7966],[80.0922,7.824],[80.0991,7.8259],[80.1167,7.85],[80.1326,7.8547],[80.1449,7.8535],[80.1467,7.8467],[80.1729,7.838],[80.1833,7.8417],[80.2,7.8375],[80.2,7.8458],[80.2282,7.8452],[80.2301,7.8379],[80.2397,7.8339],[80.2478,7.8411],[80.2729,7.8496],[80.2782,7.8454],[80.2917,7.8542],[80.3063,7.8535],[80.3242,7.8493],[80.3258,7.8383],[80.337,7.8367],[80.3559,7.8212],[80.3578,7.8061],[80.3536,7.777],[80.3333,7.75],[80.3241,7.7217],[80.3059,7.7205],[80.3021,7.7167],[80.2979,7.7208],[80.275,7.7125],[80.2649,7.7045],[80.2621,7.6726],[80.2545,7.6649],[80.2663,7.6358],[80.2667,7.6167],[80.2625,7.6208]]]}},{"type":"Feature","properties":{"name":"Uma Oya","named":true,"areaKm2":745,"hybasId":4081158290},"geometry":{"type":"Polygon","coordinates":[[[80.8292,6.8083],[80.8208,6.8083],[80.8167,6.8125],[80.8158,6.8241],[80.8125,6.825],[80.8184,6.833],[80.8274,6.8337],[80.833,6.8392],[80.8285,6.8616],[80.8215,6.8634],[80.8203,6.873],[80.8038,6.9032],[80.7897,6.9119],[80.777,6.9131],[80.7665,6.9279],[80.7675,6.9326],[80.7783,6.934],[80.78,6.9408],[80.7868,6.9426],[80.7912,6.9563],[80.7756,6.9728],[80.7792,7],[80.7958,7.0042],[80.7967,7.0116],[80.8061,7.0161],[80.8125,7.0167],[80.8139,7.0119],[80.8178,7.0207],[80.833,7.0259],[80.8468,7.0451],[80.8617,7.0466],[80.8676,7.0576],[80.8784,7.0591],[80.8843,7.0782],[80.8997,7.0844],[80.9094,7.0997],[80.9187,7.1077],[80.925,7.1083],[80.9254,7.1274],[80.9295,7.135],[80.9254,7.1392],[80.925,7.1583],[80.9286,7.1592],[80.9298,7.1865],[80.9395,7.1953],[80.9458,7.1958],[80.9467,7.1924],[80.9574,7.191],[80.9592,7.184],[80.9728,7.1714],[80.9792,7.1708],[80.9786,7.1311],[80.9755,7.1271],[80.9797,7.1216],[80.9784,7.1134],[80.9673,7.1074],[80.9673,7.0895],[80.9715,7.0837],[80.9667,7.0679],[80.977,7.0631],[80.9992,7.0618],[81.0008,7.0461],[81.0115,7.0407],[81.0083,7.0312],[81.0205,7.0191],[81.02,7.0009],[81.0129,6.999],[81.0046,6.9854],[81.0089,6.9799],[81.0078,6.9561],[81.0006,6.948],[80.9994,6.9395],[80.9839,6.923],[80.984,6.902],[80.9925,6.88],[81.0032,6.8784],[81.009,6.8671],[80.9994,6.8395],[80.9923,6.8313],[80.9924,6.8216],[81.0042,6.8208],[81.0048,6.8134],[81.0163,6.8024],[81.0167,6.7958],[80.9936,6.7953],[80.9717,6.7785],[80.9699,6.7715],[80.9451,6.7661],[80.9272,6.7744],[80.8853,6.7839],[80.873,6.7953],[80.8439,6.8078],[80.8292,6.8083]]]}},{"type":"Feature","properties":{"name":"Malwatu Oya","named":true,"areaKm2":709,"hybasId":4081155740},"geometry":{"type":"Polygon","coordinates":[[[80.3625,8.3667],[80.3619,8.395],[80.347,8.4001],[80.3381,8.4145],[80.3271,8.4208],[80.3229,8.4167],[80.317,8.4225],[80.3163,8.4316],[80.3066,8.4413],[80.2917,8.4458],[80.2871,8.4608],[80.267,8.4767],[80.2583,8.4896],[80.2625,8.4938],[80.2504,8.5184],[80.2458,8.55],[80.2566,8.5504],[80.2691,8.5545],[80.2767,8.5621],[80.2875,8.5625],[80.2923,8.5509],[80.2993,8.5491],[80.305,8.53],[80.3493,8.5116],[80.3507,8.5009],[80.3657,8.4951],[80.3744,8.4855],[80.399,8.4827],[80.4092,8.4632],[80.4199,8.4618],[80.4259,8.4507],[80.4397,8.4494],[80.4616,8.4366],[80.4632,8.4259],[80.47,8.4241],[80.4869,8.4022],[80.4881,8.3853],[80.4922,8.3799],[80.4881,8.3647],[80.5128,8.3489],[80.5036,8.3341],[80.5175,8.305],[80.5241,8.3033],[80.5292,8.2875],[80.5441,8.283],[80.5517,8.2754],[80.5875,8.2708],[80.583,8.2559],[80.5754,8.2483],[80.5746,8.2392],[80.567,8.2316],[80.5667,8.2208],[80.5603,8.2203],[80.5536,8.2118],[80.562,8.1979],[80.5578,8.1909],[80.5619,8.1855],[80.5631,8.1509],[80.5702,8.1491],[80.5714,8.1368],[80.5661,8.1243],[80.5703,8.1189],[80.5708,8.1],[80.5604,8.1042],[80.5563,8.1],[80.5494,8.1064],[80.5339,8.127],[80.5328,8.1397],[80.5234,8.15],[80.5034,8.1369],[80.4757,8.1509],[80.4714,8.1645],[80.4642,8.1663],[80.4483,8.158],[80.4313,8.1792],[80.4233,8.1746],[80.4125,8.1792],[80.4121,8.1941],[80.3996,8.2191],[80.3795,8.2392],[80.375,8.2583],[80.3676,8.2629],[80.3619,8.2757],[80.3662,8.2813],[80.3542,8.3125],[80.3631,8.3257],[80.3578,8.3341],[80.3619,8.3395],[80.3631,8.3549],[80.3588,8.3604],[80.3625,8.3667]]]}},{"type":"Feature","properties":{"name":"Bentota Ganga","named":true,"areaKm2":673,"hybasId":4080048990},"geometry":{"type":"Polygon","coordinates":[[[80.2167,6.4958],[80.2246,6.4899],[80.2254,6.4809],[80.233,6.4733],[80.2496,6.4399],[80.2504,6.4267],[80.258,6.4191],[80.2587,6.4059],[80.2663,6.3983],[80.2667,6.3708],[80.2701,6.3699],[80.2843,6.3337],[80.3,6.3292],[80.3,6.2875],[80.2941,6.2837],[80.2833,6.2583],[80.2679,6.2631],[80.261,6.25],[80.2562,6.2537],[80.248,6.2464],[80.2304,6.2453],[80.2214,6.2603],[80.2201,6.2699],[80.2167,6.2708],[80.2049,6.2657],[80.1992,6.2423],[80.1833,6.2417],[80.1652,6.2708],[80.1576,6.2661],[80.1423,6.276],[80.1411,6.2897],[80.1298,6.2967],[80.1244,6.323],[80.1157,6.3326],[80.1061,6.3339],[80.0897,6.3453],[80.0784,6.3464],[80.0701,6.3411],[80.05,6.35],[80.0491,6.3535],[80.0353,6.3547],[80.0292,6.3598],[80.0339,6.3676],[80.0244,6.3782],[80.0175,6.38],[80.0036,6.4189],[79.9917,6.425],[79.9917,6.4292],[79.9992,6.4299],[80.0005,6.4422],[79.9959,6.4487],[80.0395,6.4827],[80.0458,6.4833],[80.0506,6.4966],[80.0463,6.5021],[80.0507,6.5199],[80.0575,6.5217],[80.0634,6.5326],[80.0741,6.534],[80.0839,6.5491],[80.0908,6.5509],[80.0964,6.5689],[80.1075,6.5783],[80.1161,6.5647],[80.1173,6.5467],[80.1271,6.5421],[80.1322,6.5461],[80.1343,6.5379],[80.1452,6.5324],[80.1509,6.509],[80.1645,6.4964],[80.1783,6.4952],[80.1833,6.4875],[80.202,6.4994],[80.2125,6.5],[80.2167,6.4958]]]}},{"type":"Feature","properties":{"name":"Mahaweli Ganga","named":true,"areaKm2":666,"hybasId":4081157090},"geometry":{"type":"Polygon","coordinates":[[[81.0417,7.8583],[81.0426,7.8618],[81.0658,7.866],[81.0667,7.8583],[81.0748,7.8575],[81.0827,7.8438],[81.084,7.827],[81.0923,7.8044],[81.084,7.7854],[81.0882,7.7591],[81.125,7.7542],[81.1368,7.7313],[81.141,7.7146],[81.1364,7.7049],[81.1164,7.7033],[81.1215,7.6961],[81.1202,7.6854],[81.1131,7.6771],[81.1215,7.6586],[81.12,7.651],[81.1118,7.6485],[81.116,7.6396],[81.1163,7.6184],[81.1083,7.6125],[81.0811,7.6131],[81.0689,7.6203],[81.0509,7.6215],[81.0491,7.6283],[81.0262,7.6339],[81.0241,7.6257],[80.9978,7.6203],[80.9792,7.6083],[80.9717,7.6075],[80.9619,7.5926],[80.9439,7.5797],[80.9311,7.5786],[80.9189,7.5714],[80.8756,7.5676],[80.8744,7.5939],[80.8703,7.6007],[80.8745,7.6063],[80.8703,7.6216],[80.8744,7.627],[80.8754,7.6858],[80.883,7.6976],[80.8837,7.7233],[80.8913,7.7309],[80.892,7.7566],[80.8958,7.7604],[80.892,7.7642],[80.8913,7.7809],[80.8996,7.8017],[80.9004,7.8233],[80.9064,7.8286],[80.9118,7.8244],[80.9229,7.8287],[80.9284,7.8244],[80.9355,7.8256],[80.945,7.83],[80.9467,7.8366],[80.9604,7.8412],[80.9659,7.8369],[80.9907,7.8424],[80.9967,7.8533],[81.0061,7.8578],[81.0417,7.8583]]]}},{"type":"Feature","properties":{"name":"Aruvi Aru","named":true,"areaKm2":642,"hybasId":4081155570},"geometry":{"type":"Polygon","coordinates":[[[80.45,8.5792],[80.4392,8.5663],[80.4309,8.567],[80.4188,8.575],[80.4142,8.5705],[80.3934,8.5712],[80.3896,8.575],[80.3684,8.567],[80.3608,8.5746],[80.3517,8.5754],[80.3399,8.5871],[80.3292,8.5875],[80.317,8.6017],[80.3121,8.6149],[80.2941,8.633],[80.2684,8.6379],[80.2476,8.6545],[80.242,8.66],[80.2385,8.6788],[80.2533,8.684],[80.2676,8.7076],[80.2826,8.7134],[80.2922,8.7397],[80.3059,8.7538],[80.3191,8.7545],[80.3392,8.783],[80.3642,8.7913],[80.3708,8.7917],[80.3934,8.7712],[80.4233,8.7663],[80.4483,8.7545],[80.4566,8.758],[80.4792,8.75],[80.4892,8.742],[80.5149,8.7413],[80.5521,8.7292],[80.565,8.7379],[80.5733,8.7371],[80.587,8.6896],[80.5828,8.6841],[80.5912,8.6646],[80.5838,8.6563],[80.5925,8.6384],[80.6075,8.6283],[80.6083,8.6208],[80.585,8.5996],[80.5684,8.6004],[80.5642,8.6045],[80.5559,8.6038],[80.5483,8.5962],[80.5333,8.5958],[80.5189,8.6078],[80.5125,8.6083],[80.5116,8.6048],[80.4978,8.6036],[80.4772,8.5881],[80.4667,8.5875],[80.4658,8.584],[80.45,8.5792]]]}},{"type":"Feature","properties":{"name":"Deduru Oya","named":true,"areaKm2":616,"hybasId":4081157450},"geometry":{"type":"Polygon","coordinates":[[[80.5417,7.3292],[80.5176,7.3384],[80.5033,7.3616],[80.4855,7.3744],[80.4763,7.3756],[80.4741,7.3676],[80.4633,7.3621],[80.4539,7.3634],[80.4631,7.3839],[80.4577,7.4022],[80.4443,7.4167],[80.4355,7.4089],[80.416,7.4077],[80.4084,7.4139],[80.4119,7.4187],[80.4125,7.4375],[80.4087,7.4434],[80.408,7.46],[80.4121,7.4642],[80.4022,7.4744],[80.3718,7.4841],[80.3756,7.5007],[80.3672,7.5186],[80.3661,7.5314],[80.3536,7.5522],[80.3214,7.5853],[80.3131,7.602],[80.3035,7.6699],[80.2926,7.6754],[80.2797,7.6936],[80.2792,7.7042],[80.2917,7.7042],[80.2923,7.6967],[80.3244,7.6824],[80.3342,7.6674],[80.3699,7.6369],[80.3853,7.6453],[80.4034,7.6451],[80.4161,7.6271],[80.4089,7.6188],[80.4175,7.5841],[80.4313,7.5827],[80.4409,7.5744],[80.452,7.5827],[80.4622,7.5842],[80.4728,7.5994],[80.4911,7.605],[80.5055,7.6256],[80.5409,7.6159],[80.5427,7.6035],[80.5605,7.6048],[80.575,7.6125],[80.5787,7.6063],[80.5744,7.6007],[80.5756,7.5895],[80.5797,7.5841],[80.5756,7.5772],[80.5744,7.5478],[80.5703,7.5424],[80.5744,7.5314],[80.5756,7.502],[80.5833,7.4917],[80.583,7.4767],[80.5716,7.4615],[80.5701,7.4466],[80.5581,7.4449],[80.5631,7.427],[80.5792,7.397],[80.5738,7.3911],[80.5645,7.3922],[80.5563,7.3995],[80.5458,7.3958],[80.5462,7.3684],[80.5545,7.3517],[80.5538,7.3309],[80.5476,7.3254],[80.5417,7.3292]]]}},{"type":"Feature","properties":{"name":"Kalagamu Oya","named":true,"areaKm2":556,"hybasId":4080049150},"geometry":{"type":"Polygon","coordinates":[[[79.8333,7.8458],[79.8368,7.8467],[79.8381,7.8564],[79.8491,7.8634],[79.8551,7.8743],[79.8647,7.8756],[79.8908,7.8925],[79.9,7.9125],[79.9074,7.9132],[79.9083,7.9167],[79.9246,7.9024],[79.9254,7.8892],[79.9434,7.8754],[79.9899,7.8705],[80.0059,7.8629],[80.0292,7.8625],[80.0483,7.867],[80.0559,7.8746],[80.0741,7.8743],[80.0759,7.8674],[80.0866,7.866],[80.0926,7.8549],[80.1167,7.85],[80.0991,7.8259],[80.0922,7.824],[80.0699,7.7966],[80.0591,7.7951],[80.0579,7.7867],[80.0631,7.7797],[80.0589,7.773],[80.0476,7.7705],[80.0274,7.7545],[80.0061,7.7536],[79.9967,7.7491],[79.995,7.7425],[79.9884,7.7408],[79.9829,7.7301],[79.9647,7.7214],[79.952,7.7203],[79.9409,7.7119],[79.9326,7.7172],[79.9134,7.7075],[79.9073,7.6965],[79.8684,7.6962],[79.8525,7.7004],[79.8483,7.6962],[79.8083,7.7],[79.7958,7.6958],[79.7958,7.7],[79.8033,7.7007],[79.8048,7.7089],[79.8005,7.7146],[79.8038,7.7316],[79.7962,7.7434],[79.7871,7.8066],[79.7712,7.8517],[79.7708,7.8792],[79.7775,7.8837],[79.815,7.883],[79.8288,7.8691],[79.8295,7.8517],[79.8333,7.8458]]]}},{"type":"Feature","properties":{"name":"Kimbulwana Oya","named":true,"areaKm2":548,"hybasId":4081157440},"geometry":{"type":"Polygon","coordinates":[[[80.5292,7.7417],[80.5369,7.7355],[80.5381,7.7092],[80.5479,7.7046],[80.5521,7.7079],[80.5667,7.7042],[80.5839,7.6757],[80.5796,7.6646],[80.5839,7.6591],[80.5828,7.652],[80.5755,7.6313],[80.5797,7.6257],[80.5785,7.6134],[80.5687,7.6119],[80.5605,7.6048],[80.5427,7.6035],[80.5409,7.6159],[80.5055,7.6256],[80.4911,7.605],[80.4801,7.6034],[80.4678,7.5957],[80.4622,7.5842],[80.452,7.5827],[80.4409,7.5744],[80.4313,7.5827],[80.4175,7.5841],[80.4089,7.6188],[80.4161,7.6271],[80.4034,7.6451],[80.3853,7.6453],[80.3699,7.6369],[80.3342,7.6674],[80.3244,7.6824],[80.2923,7.6967],[80.2917,7.7042],[80.2875,7.7042],[80.2879,7.7108],[80.2979,7.7208],[80.3021,7.7167],[80.3059,7.7205],[80.3241,7.7217],[80.3333,7.75],[80.3536,7.777],[80.3587,7.8275],[80.3642,7.833],[80.3784,7.8326],[80.38,7.8216],[80.3963,7.816],[80.402,7.8202],[80.4188,7.8215],[80.4338,7.8298],[80.4421,7.8244],[80.4479,7.8286],[80.4713,7.8202],[80.4863,7.8293],[80.4871,7.8399],[80.4837,7.8434],[80.5042,7.8458],[80.5035,7.8312],[80.4994,7.8253],[80.5007,7.7883],[80.52,7.7868],[80.5292,7.7417]]]}},{"type":"Feature","properties":{"name":"Aruvi Aru","named":true,"areaKm2":490,"hybasId":4080049300},"geometry":{"type":"Polygon","coordinates":[[[80.2375,8.675],[80.2267,8.6746],[80.2108,8.6504],[80.1767,8.6504],[80.165,8.6663],[80.1417,8.6667],[80.1455,8.6726],[80.1458,8.7042],[80.1369,8.7157],[80.1272,8.7203],[80.1201,8.7214],[80.1064,8.7131],[80.0868,8.7119],[80.0814,8.7161],[80.052,8.7172],[80.0231,8.7286],[80.0114,8.7297],[80.0021,8.7212],[79.9841,8.7343],[79.9743,8.7657],[79.9698,8.7672],[79.9606,8.7589],[79.9531,8.7578],[79.9464,8.7636],[79.9453,8.7772],[79.9375,8.7958],[79.9274,8.8038],[79.9167,8.8042],[79.9167,8.8083],[79.9241,8.809],[79.9299,8.8172],[79.9382,8.8119],[79.9728,8.8286],[79.9799,8.8297],[79.9882,8.8244],[80.0042,8.8417],[80.0233,8.8288],[80.0566,8.8295],[80.0608,8.8337],[80.0691,8.8288],[80.0774,8.8295],[80.0885,8.8367],[80.0995,8.8383],[80.1077,8.8478],[80.1091,8.8617],[80.1188,8.8631],[80.1284,8.8715],[80.1452,8.8522],[80.1465,8.8342],[80.1705,8.8197],[80.1827,8.8022],[80.1897,8.8006],[80.2,8.8083],[80.22,8.7991],[80.227,8.7881],[80.2564,8.7828],[80.2785,8.7699],[80.2799,8.7593],[80.2854,8.7546],[80.2909,8.7589],[80.2994,8.7522],[80.2911,8.7311],[80.2839,8.723],[80.2826,8.7134],[80.2676,8.7076],[80.2533,8.684],[80.2436,8.6828],[80.2375,8.675]]]}},{"type":"Feature","properties":{"name":"Mi Oya","named":true,"areaKm2":475,"hybasId":4080049160},"geometry":{"type":"MultiPolygon","coordinates":[[[[79.7819,8.0667],[79.7758,8.0674],[79.7745,8.0739],[79.7823,8.0755],[79.7819,8.0667]]],[[[79.7611,8.3083],[79.7577,8.3111],[79.759,8.323],[79.7702,8.3437],[79.776,8.3798],[79.7829,8.3782],[79.7911,8.3688],[79.7756,8.3397],[79.7743,8.326],[79.7674,8.324],[79.7611,8.3083]]],[[[79.7944,8.2792],[79.7869,8.2857],[79.7925,8.2881],[79.7963,8.2843],[79.7944,8.2792]]],[[[79.7944,8.4458],[79.784,8.4603],[79.7744,8.4912],[79.7805,8.5131],[79.7881,8.5112],[79.7827,8.4963],[79.7881,8.477],[79.7953,8.4688],[79.791,8.463],[79.7925,8.4551],[79.8001,8.4529],[79.7944,8.4458]]],[[[79.7986,8.425],[79.7952,8.4276],[79.7973,8.4339],[79.8005,8.4299],[79.7986,8.425]]],[[[79.7819,8.2333],[79.7758,8.234],[79.7745,8.2406],[79.7823,8.2421],[79.7819,8.2333]]],[[[79.8111,8.3167],[79.805,8.3174],[79.7994,8.3329],[79.8011,8.3423],[79.8131,8.3407],[79.8111,8.3167]]],[[[79.7403,8.125],[79.737,8.1266],[79.7402,8.1294],[79.7403,8.125]]],[[[79.7861,8.2125],[79.78,8.2132],[79.7787,8.2198],[79.7864,8.2213],[79.7861,8.2125]]],[[[79.7778,8.1833],[79.7744,8.1861],[79.776,8.1965],[79.7828,8.1896],[79.7778,8.1833]]],[[[79.8028,8.2917],[79.7962,8.2925],[79.791,8.2995],[79.7928,8.309],[79.8048,8.3074],[79.8028,8.2917]]],[[[79.8111,8.4],[79.805,8.4007],[79.7994,8.4077],[79.8011,8.4173],[79.8111,8.4]]],[[[79.8133,8.0757],[79.8412,8.0698],[79.862,8.0452],[79.8875,8.05],[79.8879,8.0309],[79.892,8.0267],[79.8913,8.0101],[79.8875,8.0063],[79.8913,8.0024],[79.8917,7.975],[79.8994,7.9647],[79.9007,7.9509],[79.9079,7.949],[79.9131,7.9424],[79.9119,7.9228],[79.9074,7.9132],[79.9,7.9125],[79.8908,7.8925],[79.8647,7.8756],[79.8551,7.8743],[79.8491,7.8634],[79.8381,7.8564],[79.8368,7.8467],[79.8333,7.8458],[79.8295,7.8517],[79.8288,7.8691],[79.815,7.883],[79.7775,7.8837],[79.7733,7.8795],[79.7712,7.8517],[79.7871,7.8066],[79.7962,7.7434],[79.8038,7.7316],[79.8005,7.7146],[79.8048,7.7089],[79.8033,7.7007],[79.7958,7.7],[79.7788,7.7983],[79.7629,7.8476],[79.7538,7.8983],[79.7048,8.052],[79.7035,8.1021],[79.6994,8.1079],[79.7048,8.1246],[79.7035,8.1688],[79.691,8.1996],[79.6924,8.2115],[79.7105,8.2173],[79.727,8.2327],[79.737,8.2342],[79.7505,8.2491],[79.7379,8.2452],[79.7335,8.2474],[79.7423,8.2813],[79.7512,8.3],[79.7579,8.3048],[79.7713,8.3032],[79.7577,8.2883],[79.7592,8.2799],[79.7784,8.2784],[79.7881,8.2674],[79.7801,8.2616],[79.7702,8.2421],[79.7756,8.2254],[79.7694,8.2035],[79.7555,8.2208],[79.741,8.2004],[79.7494,8.1896],[79.751,8.1789],[79.7663,8.184],[79.7715,8.1814],[79.7423,8.1563],[79.7409,8.1427],[79.7298,8.1354],[79.7381,8.1171],[79.734,8.0854],[79.7426,8.0718],[79.759,8.0653],[79.7465,8.0573],[79.7452,8.027],[79.741,8.0212],[79.7466,7.9968],[79.7937,7.9798],[79.8167,7.9792],[79.8175,7.9921],[79.8281,7.983],[79.8327,7.9979],[79.8285,8.0039],[79.834,8.0123],[79.8327,8.0188],[79.7923,8.0645],[79.7868,8.0748],[79.7884,8.0923],[79.7998,8.0868],[79.8055,8.0959],[79.8149,8.0996],[79.8202,8.0937],[79.8119,8.0841],[79.8133,8.0757]],[[79.7944,8.075],[79.7943,8.0794],[79.7912,8.0766],[79.7944,8.075]],[[79.7667,8.2667],[79.7735,8.2627],[79.7756,8.2675],[79.7676,8.2756],[79.7667,8.2667]],[[79.7667,8.2667],[79.7621,8.2655],[79.7655,8.2619],[79.7667,8.2667]]]]}},{"type":"Feature","properties":{"name":"Mahaweli Ganga","named":true,"areaKm2":455,"hybasId":4081156560},"geometry":{"type":"Polygon","coordinates":[[[81.125,7.7542],[81.0882,7.7591],[81.084,7.7854],[81.0923,7.8044],[81.084,7.827],[81.0827,7.8438],[81.0748,7.8575],[81.0667,7.8583],[81.0658,7.866],[81.0583,7.8667],[81.055,7.8717],[81.0587,7.8934],[81.0545,7.8976],[81.0542,7.9083],[81.0301,7.9132],[81.0246,7.924],[81.0173,7.9259],[81.016,7.9491],[81.0051,7.9546],[81.0004,7.9691],[81.0059,7.9746],[81.0184,7.9754],[81.0309,7.967],[81.0392,7.9663],[81.0438,7.9708],[81.0684,7.9621],[81.0729,7.9667],[81.0979,7.9458],[81.108,7.9601],[81.1087,8.0108],[81.1125,8.0146],[81.1087,8.0184],[81.108,8.0309],[81.1121,8.0351],[81.1129,8.0475],[81.108,8.0559],[81.1413,8.085],[81.1467,8.0993],[81.1549,8.1006],[81.1604,8.0963],[81.166,8.1009],[81.1674,8.1116],[81.1743,8.1134],[81.1792,8.1333],[81.1947,8.1419],[81.2006,8.1299],[81.1828,8.0966],[81.1839,8.0677],[81.1937,8.0588],[81.1993,8.0631],[81.216,8.0533],[81.2173,8.0342],[81.2244,8.0324],[81.2328,8.023],[81.2375,7.9792],[81.2191,7.9712],[81.2083,7.9708],[81.2042,7.9458],[81.1881,7.9323],[81.1869,7.9145],[81.1797,7.9064],[81.1743,7.8801],[81.1631,7.874],[81.1625,7.8542],[81.1712,7.835],[81.1667,7.7958],[81.125,7.7542]]]}},{"type":"Feature","properties":{"name":"Ulhitiya Oya","named":true,"areaKm2":444,"hybasId":4081157610},"geometry":{"type":"Polygon","coordinates":[[[81.025,7.5],[81.0204,7.5115],[81.0131,7.5134],[81.0078,7.5507],[81.0131,7.5593],[81.0006,7.5728],[80.995,7.5991],[80.9884,7.6009],[80.98,7.6116],[81.0103,7.6244],[81.0241,7.6257],[81.0262,7.6339],[81.0491,7.6283],[81.0509,7.6215],[81.0689,7.6203],[81.0811,7.6131],[81.1083,7.6125],[81.1077,7.5978],[81.1039,7.5926],[81.1157,7.5909],[81.1215,7.5796],[81.1173,7.5426],[81.1287,7.5354],[81.1256,7.5314],[81.1244,7.5061],[81.1161,7.4924],[81.1174,7.4842],[81.1292,7.4792],[81.1288,7.4476],[81.125,7.4437],[81.133,7.4358],[81.1375,7.3875],[81.1608,7.3871],[81.1667,7.3813],[81.1621,7.3767],[81.1629,7.3559],[81.1712,7.3434],[81.1663,7.335],[81.167,7.3142],[81.1712,7.3017],[81.1809,7.292],[81.183,7.2809],[81.1788,7.2767],[81.1837,7.2559],[81.192,7.2392],[81.2045,7.2267],[81.1996,7.2017],[81.1841,7.1951],[81.1826,7.1843],[81.1688,7.1756],[81.1632,7.1759],[81.1496,7.2149],[81.1337,7.2392],[81.1288,7.2899],[81.1161,7.3075],[81.1049,7.3091],[81.1035,7.323],[81.0923,7.3353],[81.084,7.3562],[81.0833,7.3792],[81.0788,7.3865],[81.0634,7.3964],[81.0614,7.4044],[81.0563,7.4005],[81.0464,7.4051],[81.0453,7.4355],[81.0339,7.4478],[81.025,7.4729],[81.0292,7.4771],[81.025,7.4813],[81.0292,7.4854],[81.0254,7.4892],[81.025,7.5]]]}},{"type":"Feature","properties":{"name":"Kolamunu Oya","named":true,"areaKm2":436,"hybasId":4081157560},"geometry":{"type":"Polygon","coordinates":[[[79.9208,7.625],[79.9271,7.634],[79.9503,7.6506],[79.9563,7.6464],[79.9673,7.6506],[79.9771,7.6423],[79.9854,7.6494],[79.9992,7.6508],[80.0044,7.6657],[80.0146,7.6673],[80.0229,7.6744],[80.0367,7.6758],[80.0375,7.6833],[80.0647,7.6786],[80.0909,7.6661],[80.1146,7.6704],[80.1186,7.6672],[80.148,7.6661],[80.1574,7.6578],[80.1697,7.6628],[80.1717,7.655],[80.1828,7.648],[80.1833,7.6375],[80.1908,7.6368],[80.1925,7.63],[80.1994,7.6282],[80.2078,7.6189],[80.2199,7.6173],[80.222,7.6254],[80.2324,7.6161],[80.2625,7.6208],[80.2667,7.6167],[80.262,7.6093],[80.2634,7.6049],[80.2745,7.5981],[80.2797,7.5686],[80.2913,7.5396],[80.2879,7.5354],[80.3005,7.5093],[80.2995,7.4894],[80.2953,7.4843],[80.3005,7.4759],[80.2953,7.4634],[80.3,7.4208],[80.2928,7.4164],[80.2858,7.4246],[80.2708,7.425],[80.2701,7.4406],[80.2512,7.4544],[80.2451,7.4785],[80.2292,7.4792],[80.234,7.5115],[80.2188,7.5161],[80.2137,7.5124],[80.2048,7.5312],[80.1934,7.5337],[80.1691,7.5538],[80.1608,7.5545],[80.1562,7.55],[80.1283,7.5785],[80.1186,7.5797],[80.1064,7.5911],[80.0909,7.5964],[80.0854,7.5921],[80.073,7.5994],[80.0625,7.6],[80.0354,7.5875],[80.0316,7.5913],[80.0191,7.592],[79.9983,7.5754],[79.9792,7.575],[79.9729,7.5787],[79.9563,7.5713],[79.9467,7.5759],[79.9455,7.5899],[79.9212,7.61],[79.9208,7.625]]]}},{"type":"Feature","properties":{"name":"Kal Aru","named":true,"areaKm2":436,"hybasId":4080049270},"geometry":{"type":"Polygon","coordinates":[[[80.2042,8.5625],[80.1886,8.5539],[80.1869,8.5689],[80.1818,8.575],[80.1772,8.5714],[80.1554,8.5703],[80.1533,8.5785],[80.1426,8.5799],[80.1408,8.5866],[80.1137,8.5922],[80.1125,8.5875],[80.0816,8.592],[80.0708,8.5875],[80.0702,8.5801],[80.0551,8.5743],[80.0532,8.5671],[80.0396,8.5588],[79.9924,8.5797],[79.9854,8.5755],[79.9674,8.5839],[79.9592,8.5826],[79.9575,8.5759],[79.9426,8.5661],[79.9341,8.5714],[79.9167,8.5667],[79.917,8.5941],[79.9455,8.6309],[79.9417,8.6583],[79.9496,8.6684],[79.9504,8.7191],[79.9583,8.7271],[79.9379,8.7601],[79.933,8.7816],[79.917,8.8017],[79.9274,8.8038],[79.9351,8.7962],[79.9453,8.7772],[79.9464,8.7636],[79.9531,8.7578],[79.9606,8.7589],[79.9698,8.7672],[79.9743,8.7657],[79.9841,8.7343],[80.0021,8.7212],[80.0114,8.7297],[80.0375,8.725],[80.0384,8.7215],[80.052,8.7172],[80.0814,8.7161],[80.0868,8.7119],[80.1064,8.7131],[80.1201,8.7214],[80.1369,8.7157],[80.1453,8.7064],[80.1455,8.6726],[80.142,8.6691],[80.165,8.6663],[80.1767,8.6504],[80.1833,8.65],[80.1879,8.6226],[80.1955,8.6149],[80.1962,8.6017],[80.2163,8.5691],[80.2051,8.566],[80.2042,8.5625]]]}},{"type":"Feature","properties":{"name":"Kalu Ganga","named":true,"areaKm2":418,"hybasId":4081159030},"geometry":{"type":"Polygon","coordinates":[[[80.175,6.8375],[80.1708,6.8313],[80.1754,6.8226],[80.1941,6.817],[80.2007,6.8368],[80.2125,6.8375],[80.2216,6.8133],[80.233,6.8116],[80.2369,6.8063],[80.2468,6.7619],[80.2514,6.7715],[80.2659,6.7701],[80.2803,6.7376],[80.3,6.7292],[80.2958,6.7208],[80.3047,6.6895],[80.3328,6.6439],[80.3339,6.6353],[80.3578,6.6105],[80.3634,6.5967],[80.3825,6.5866],[80.3869,6.5772],[80.3827,6.5551],[80.352,6.5631],[80.3382,6.5759],[80.3369,6.5855],[80.3116,6.6201],[80.2936,6.6256],[80.2759,6.6384],[80.2746,6.6566],[80.2605,6.666],[80.2466,6.6674],[80.2408,6.6827],[80.2118,6.684],[80.2022,6.6756],[80.1889,6.6744],[80.1825,6.6906],[80.1784,6.6923],[80.1604,6.6797],[80.143,6.684],[80.1407,6.6759],[80.1304,6.6708],[80.1292,6.675],[80.1259,6.6741],[80.1201,6.6661],[80.1147,6.6703],[80.1,6.6708],[80.1,6.6667],[80.0897,6.6744],[80.0801,6.6757],[80.0783,6.6825],[80.0647,6.6911],[80.0564,6.6881],[80.0548,6.698],[80.0591,6.7117],[80.0701,6.7133],[80.0708,6.7208],[80.0583,6.7312],[80.0663,6.7392],[80.067,6.7483],[80.0746,6.7601],[80.075,6.775],[80.0822,6.7793],[80.0843,6.7866],[80.0907,6.7884],[80.0927,6.7951],[80.1159,6.801],[80.1174,6.8159],[80.1272,6.8173],[80.1354,6.8244],[80.1423,6.8202],[80.1493,6.8259],[80.15,6.8417],[80.1564,6.8422],[80.1656,6.8505],[80.174,6.8493],[80.1797,6.8427],[80.175,6.8375]]]}},{"type":"Feature","properties":{"name":"Kalu Ganga","named":true,"areaKm2":358,"hybasId":4081158950},"geometry":{"type":"Polygon","coordinates":[[[80.5875,6.5917],[80.5816,6.5996],[80.5684,6.6004],[80.5566,6.608],[80.54,6.6087],[80.5316,6.6038],[80.4851,6.6295],[80.4788,6.6392],[80.4837,6.6517],[80.4795,6.6559],[80.4788,6.6733],[80.4649,6.683],[80.4434,6.6871],[80.4358,6.6795],[80.415,6.6788],[80.4108,6.683],[80.3958,6.6833],[80.3869,6.7064],[80.3788,6.7155],[80.3909,6.7214],[80.4034,6.7161],[80.4163,6.7274],[80.4087,6.7351],[80.4042,6.7708],[80.3994,6.7784],[80.4092,6.7993],[80.4189,6.8006],[80.4451,6.8172],[80.4564,6.8161],[80.4774,6.8121],[80.4842,6.805],[80.4917,6.8042],[80.4958,6.8],[80.4965,6.7884],[80.5199,6.7744],[80.5326,6.7797],[80.548,6.7786],[80.5603,6.7714],[80.5621,6.7684],[80.5545,6.7566],[80.5542,6.7458],[80.5728,6.7297],[80.6038,6.7157],[80.6172,6.6811],[80.6369,6.6564],[80.6375,6.65],[80.6333,6.6542],[80.6032,6.6589],[80.5884,6.6491],[80.5828,6.6324],[80.5911,6.623],[80.5922,6.5929],[80.5875,6.5917]]]}},{"type":"Feature","properties":{"name":"Kalu Ganga","named":true,"areaKm2":347,"hybasId":4080049010},"geometry":{"type":"Polygon","coordinates":[[[79.9542,6.5833],[79.9589,6.6049],[79.9464,6.6311],[79.9411,6.6564],[79.9254,6.6809],[79.9246,6.6941],[79.9208,6.6979],[79.933,6.7101],[79.934,6.7199],[79.9449,6.7297],[79.9618,6.7244],[79.9665,6.7262],[79.9717,6.7366],[79.9813,6.7412],[80.0021,6.7296],[80.0327,6.7467],[80.0339,6.7605],[80.0583,6.7875],[80.0583,6.7833],[80.0741,6.7783],[80.0746,6.7601],[80.067,6.7483],[80.0663,6.7392],[80.0583,6.7312],[80.0684,6.7212],[80.0701,6.7133],[80.0591,6.7117],[80.0542,6.6875],[80.0647,6.6911],[80.0783,6.6825],[80.0801,6.6757],[80.0897,6.6744],[80.0978,6.6672],[80.1049,6.6341],[80.1159,6.6325],[80.1256,6.6046],[80.1241,6.5961],[80.1051,6.5824],[80.0908,6.5509],[80.0839,6.5491],[80.0741,6.534],[80.0634,6.5326],[80.0561,6.5256],[80.0397,6.5369],[80.0259,6.5382],[80.0172,6.5686],[80.0103,6.5703],[80.0053,6.5664],[80.0033,6.5741],[79.9811,6.5797],[79.9689,6.5911],[79.9542,6.5833]]]}},{"type":"Feature","properties":{"name":"Pan Ela","named":true,"areaKm2":316,"hybasId":4080049230},"geometry":{"type":"Polygon","coordinates":[[[79.8583,8.4458],[79.8631,8.4628],[79.8589,8.4688],[79.866,8.502],[79.8673,8.5355],[79.8753,8.5423],[79.8813,8.5381],[79.902,8.5494],[79.916,8.5508],[79.9167,8.5667],[79.925,8.5625],[79.9301,8.5424],[79.9576,8.5328],[79.9659,8.5381],[79.9707,8.5363],[79.9759,8.5257],[80.0032,8.5201],[80.0093,8.5089],[80.0246,8.499],[80.0287,8.4938],[80.0255,8.4896],[80.0369,8.4772],[80.0375,8.4583],[80.0226,8.458],[79.9934,8.4413],[79.9816,8.4295],[79.975,8.4292],[79.9672,8.4147],[79.9625,8.3792],[79.9559,8.3788],[79.9483,8.3712],[79.9326,8.3881],[79.9151,8.3667],[79.9034,8.3756],[79.898,8.3714],[79.8801,8.3702],[79.8783,8.3631],[79.8583,8.3625],[79.8673,8.3464],[79.8632,8.3354],[79.8618,8.3007],[79.8333,8.3],[79.8289,8.3011],[79.8339,8.3076],[79.8286,8.3243],[79.8369,8.3353],[79.8411,8.352],[79.8422,8.4314],[79.8468,8.4413],[79.8583,8.4458]]]}},{"type":"Feature","properties":{"name":"Kelani Ganga","named":true,"areaKm2":310,"hybasId":4080049020},"geometry":{"type":"Polygon","coordinates":[[[79.8875,6.7542],[79.8797,6.7645],[79.8631,6.8145],[79.8578,6.8341],[79.862,6.8396],[79.8589,6.8436],[79.8578,6.8689],[79.8369,6.9382],[79.8424,6.9533],[79.8491,6.955],[79.8546,6.9657],[79.866,6.9718],[79.8667,6.9792],[79.875,6.9792],[79.875,6.9667],[79.8632,6.9574],[79.8578,6.9424],[79.8589,6.9311],[79.8751,6.9141],[79.8619,6.9071],[79.8631,6.8802],[79.877,6.8714],[79.9066,6.8705],[79.9225,6.8504],[79.9434,6.8413],[79.9559,6.8462],[79.9642,6.8413],[79.9705,6.8475],[79.9708,6.8625],[79.9866,6.8669],[79.9883,6.8547],[79.9978,6.8465],[80.025,6.8458],[80.0366,6.8408],[80.0384,6.8342],[80.0494,6.8272],[80.0506,6.8061],[80.0577,6.7991],[80.0583,6.7875],[80.0339,6.7605],[80.0327,6.7467],[80.0021,6.7296],[79.9813,6.7412],[79.9717,6.7366],[79.9665,6.7262],[79.9618,6.7244],[79.9449,6.7297],[79.934,6.7199],[79.9333,6.7125],[79.9208,6.6979],[79.9246,6.6941],[79.9254,6.6809],[79.9411,6.6564],[79.9464,6.6311],[79.9589,6.6049],[79.9577,6.5884],[79.9507,6.5884],[79.9328,6.6439],[79.9119,6.6897],[79.9006,6.7061],[79.8875,6.7542]]]}},{"type":"Feature","properties":{"name":"Wey Ganga","named":true,"areaKm2":293,"hybasId":4081158960},"geometry":{"type":"Polygon","coordinates":[[[80.5542,6.55],[80.5175,6.555],[80.5116,6.5741],[80.4716,6.5885],[80.4702,6.6022],[80.4653,6.6083],[80.4468,6.6035],[80.4452,6.6147],[80.4343,6.6218],[80.4323,6.6284],[80.425,6.6292],[80.412,6.6423],[80.4051,6.6372],[80.4035,6.648],[80.3923,6.6603],[80.3875,6.675],[80.3949,6.6757],[80.3958,6.6833],[80.4108,6.683],[80.415,6.6788],[80.4358,6.6795],[80.4434,6.6871],[80.4649,6.683],[80.4788,6.6733],[80.4795,6.6559],[80.4837,6.6517],[80.4788,6.6392],[80.4851,6.6295],[80.5316,6.6038],[80.54,6.6087],[80.5566,6.608],[80.5922,6.5929],[80.5911,6.623],[80.5828,6.6324],[80.5839,6.6397],[80.5884,6.6491],[80.6032,6.6589],[80.6333,6.6542],[80.6375,6.65],[80.6566,6.6496],[80.6601,6.6462],[80.725,6.6417],[80.7286,6.6355],[80.7378,6.6053],[80.725,6.6042],[80.7241,6.6077],[80.7125,6.6083],[80.7116,6.6118],[80.7034,6.6131],[80.6979,6.6088],[80.6928,6.6128],[80.6824,6.5924],[80.6679,6.5873],[80.6661,6.5826],[80.6745,6.5687],[80.6548,6.5532],[80.6536,6.5409],[80.6578,6.5355],[80.6478,6.5339],[80.6345,6.5381],[80.6324,6.5299],[80.6228,6.5286],[80.6089,6.5198],[80.6083,6.5042],[80.5895,6.5089],[80.5759,6.5215],[80.5741,6.5283],[80.5635,6.5337],[80.5542,6.55]]]}},{"type":"Feature","properties":{"name":"Ratmal Oya","named":true,"areaKm2":291,"hybasId":4080049110},"geometry":{"type":"Polygon","coordinates":[[[79.8458,7.3],[79.8375,7.3],[79.8454,7.3146],[79.8328,7.3716],[79.8464,7.3841],[79.8422,7.3895],[79.8411,7.4147],[79.8339,7.4228],[79.8333,7.4333],[79.8409,7.4341],[79.8425,7.4455],[79.8532,7.4509],[79.8554,7.4585],[79.8645,7.4506],[79.8824,7.4449],[79.8846,7.4375],[79.8949,7.4324],[79.8971,7.4249],[79.9077,7.434],[79.9576,7.4285],[79.9583,7.4208],[79.9691,7.4163],[79.9917,7.425],[79.998,7.4244],[80.0063,7.4171],[80.0198,7.4297],[80.0397,7.4244],[80.0478,7.4172],[80.0615,7.416],[80.077,7.3964],[80.0991,7.391],[80.105,7.38],[80.1105,7.3786],[80.1199,7.3673],[80.1083,7.3667],[80.1076,7.3591],[80.0968,7.3576],[80.0949,7.3508],[80.072,7.3416],[80.0695,7.3506],[80.0479,7.3422],[80.0229,7.3536],[80.0105,7.3465],[80,7.3458],[79.9804,7.3547],[79.9783,7.3464],[79.9509,7.3452],[79.9547,7.3341],[79.9535,7.3217],[79.9397,7.3131],[79.9333,7.3125],[79.9328,7.323],[79.9193,7.3374],[79.9118,7.3328],[79.9034,7.3381],[79.898,7.3339],[79.8842,7.3327],[79.8744,7.3145],[79.8634,7.3075],[79.8574,7.2965],[79.847,7.2953],[79.8458,7.3]]]}},{"type":"Feature","properties":{"name":"Malwatu Oya","named":true,"areaKm2":273,"hybasId":4081156450},"geometry":{"type":"Polygon","coordinates":[[[80.5667,8.2208],[80.5667,8.225],[80.575,8.225],[80.5764,8.2202],[80.5938,8.2215],[80.5995,8.2256],[80.6079,8.2241],[80.616,8.2147],[80.6219,8.192],[80.6312,8.184],[80.6409,8.1825],[80.6424,8.1675],[80.6631,8.1507],[80.6548,8.123],[80.6554,8.1119],[80.6659,8.1172],[80.6908,8.1118],[80.6926,8.1048],[80.7042,8.1042],[80.7048,8.0895],[80.716,8.0772],[80.7174,8.0633],[80.7336,8.0574],[80.7298,8.0522],[80.7285,8.0343],[80.7215,8.0323],[80.7202,7.9895],[80.7131,7.9813],[80.7161,7.9771],[80.7066,7.967],[80.6934,7.9663],[80.6774,7.9587],[80.6583,7.9583],[80.6589,7.9783],[80.666,7.9801],[80.6714,8.0007],[80.6672,8.0061],[80.666,8.0241],[80.6439,8.0328],[80.625,8.0333],[80.625,8.0458],[80.6052,8.0507],[80.5997,8.0617],[80.5841,8.0633],[80.5826,8.0781],[80.5757,8.0802],[80.5703,8.1189],[80.5661,8.1243],[80.5714,8.1368],[80.5702,8.1491],[80.5631,8.1509],[80.5619,8.1855],[80.5578,8.1909],[80.562,8.1979],[80.5536,8.2118],[80.5603,8.2203],[80.5667,8.2208]]]}},{"type":"Feature","properties":{"name":"Kalu Ganga","named":true,"areaKm2":270,"hybasId":4081158940},"geometry":{"type":"Polygon","coordinates":[[[80.35,6.6958],[80.3689,6.6911],[80.3853,6.6756],[80.3923,6.6603],[80.4035,6.648],[80.4051,6.6372],[80.412,6.6423],[80.4323,6.6284],[80.4343,6.6218],[80.4452,6.6147],[80.4468,6.6035],[80.4653,6.6083],[80.4702,6.6022],[80.4716,6.5885],[80.5116,6.5741],[80.5175,6.555],[80.5542,6.55],[80.5635,6.5337],[80.5741,6.5283],[80.5759,6.5215],[80.5895,6.5089],[80.6061,6.5047],[80.6208,6.4854],[80.617,6.4816],[80.6167,6.4542],[80.6116,6.4425],[80.5979,6.4375],[80.5941,6.4413],[80.5792,6.4417],[80.5785,6.4659],[80.5147,6.4911],[80.4895,6.4922],[80.4507,6.5092],[80.4494,6.523],[80.4411,6.5355],[80.416,6.5616],[80.3875,6.575],[80.3825,6.5866],[80.3634,6.5967],[80.3578,6.6105],[80.3339,6.6353],[80.3313,6.6506],[80.3465,6.6552],[80.3452,6.6688],[80.3369,6.6829],[80.3384,6.6914],[80.35,6.6958]]]}},{"type":"Feature","properties":{"name":"Basin 7","named":false,"areaKm2":269,"hybasId":4080048960},"geometry":{"type":"Polygon","coordinates":[[[80.0542,6.225],[80.0507,6.2259],[80.0494,6.2355],[80.0339,6.2603],[80.0328,6.2882],[80.037,6.2938],[80.0255,6.3146],[80.0297,6.3257],[80.0089,6.3645],[80.0036,6.398],[79.9917,6.425],[80,6.425],[80.0175,6.38],[80.0244,6.3782],[80.0339,6.3676],[80.0292,6.3598],[80.0353,6.3547],[80.0491,6.3535],[80.05,6.35],[80.0701,6.3411],[80.0784,6.3464],[80.0897,6.3453],[80.1061,6.3339],[80.1157,6.3326],[80.1244,6.323],[80.1298,6.2967],[80.1411,6.2897],[80.1423,6.276],[80.1576,6.2661],[80.1652,6.2708],[80.1703,6.2647],[80.1579,6.2535],[80.1426,6.2628],[80.141,6.252],[80.1327,6.2412],[80.1381,6.2287],[80.1333,6.2167],[80.1368,6.2158],[80.1424,6.1926],[80.1493,6.1908],[80.1537,6.1729],[80.1494,6.1674],[80.1537,6.1563],[80.1497,6.1511],[80.1542,6.15],[80.1494,6.1382],[80.1506,6.127],[80.1589,6.1176],[80.1546,6.1021],[80.1634,6.08],[80.1745,6.0729],[80.1708,6.0625],[80.1311,6.0922],[80.1215,6.1009],[80.1203,6.1105],[80.1077,6.1241],[80.1009,6.1259],[80.0869,6.1647],[80.0589,6.1936],[80.062,6.2021],[80.0542,6.225]]]}},{"type":"Feature","properties":{"name":"Kelani Ganga","named":true,"areaKm2":251,"hybasId":4081158830},"geometry":{"type":"Polygon","coordinates":[[[80.4958,6.8],[80.4774,6.8121],[80.4451,6.8172],[80.4189,6.8006],[80.4092,6.7993],[80.4006,6.7855],[80.3994,6.7784],[80.4036,6.773],[80.3899,6.7587],[80.3726,6.758],[80.3649,6.7504],[80.3542,6.75],[80.3436,6.7578],[80.3368,6.7536],[80.3283,6.7589],[80.3215,6.7532],[80.3152,6.7375],[80.3104,6.7412],[80.3033,6.73],[80.2958,6.7292],[80.2803,6.7376],[80.2659,6.7701],[80.2514,6.7715],[80.2468,6.7619],[80.2369,6.8063],[80.233,6.8116],[80.2216,6.8133],[80.2208,6.8208],[80.2285,6.8216],[80.2298,6.8573],[80.2375,6.8596],[80.2425,6.874],[80.2493,6.876],[80.2509,6.8923],[80.2573,6.8908],[80.2595,6.8835],[80.2687,6.8756],[80.2783,6.8742],[80.28,6.8633],[80.2951,6.8617],[80.2958,6.85],[80.3213,6.8452],[80.3323,6.8506],[80.3385,6.8299],[80.349,6.8285],[80.3545,6.845],[80.3659,6.8466],[80.3667,6.8542],[80.3775,6.8587],[80.3858,6.8538],[80.3941,6.8587],[80.4066,6.858],[80.4191,6.8538],[80.4267,6.8462],[80.4441,6.8455],[80.4559,6.8337],[80.4691,6.8288],[80.4958,6.8333],[80.4911,6.8216],[80.4922,6.8145],[80.5004,6.8053],[80.4958,6.8042],[80.4958,6.8]]]}},{"type":"Feature","properties":{"name":"Deduru Oya","named":true,"areaKm2":240,"hybasId":4081157380},"geometry":{"type":"Polygon","coordinates":[[[80.3542,7.375],[80.3507,7.3759],[80.3493,7.3908],[80.3425,7.3925],[80.3373,7.4029],[80.3175,7.4007],[80.3124,7.4155],[80.3022,7.4202],[80.2953,7.4634],[80.3005,7.4759],[80.2953,7.4843],[80.2995,7.4894],[80.3005,7.5093],[80.2879,7.5354],[80.2913,7.5396],[80.2797,7.5686],[80.2745,7.5981],[80.262,7.6093],[80.2661,7.6144],[80.2663,7.6358],[80.2629,7.6392],[80.2621,7.6524],[80.2545,7.6601],[80.2545,7.6649],[80.2621,7.6726],[80.2625,7.7042],[80.2726,7.7121],[80.2792,7.7125],[80.2797,7.6936],[80.2926,7.6754],[80.3035,7.6699],[80.3131,7.602],[80.3214,7.5853],[80.3536,7.5522],[80.3661,7.5314],[80.3672,7.5186],[80.3756,7.5007],[80.3718,7.4841],[80.4022,7.4744],[80.4121,7.4642],[80.408,7.46],[80.4087,7.4434],[80.4121,7.4399],[80.3887,7.4422],[80.3869,7.4353],[80.3792,7.4292],[80.3839,7.4218],[80.3792,7.4167],[80.3785,7.3967],[80.373,7.3923],[80.3591,7.3909],[80.3542,7.375]]]}},{"type":"Feature","properties":{"name":"Nilwala Gannga","named":true,"areaKm2":224,"hybasId":4080048930},"geometry":{"type":"Polygon","coordinates":[[[80.4917,5.9375],[80.4875,5.9375],[80.483,5.945],[80.4716,5.9466],[80.4701,5.9574],[80.4595,5.9626],[80.4541,5.9738],[80.4272,5.991],[80.412,5.9827],[80.384,6.001],[80.3827,6.024],[80.3759,6.0259],[80.374,6.0327],[80.351,6.034],[80.3367,6.0576],[80.325,6.0583],[80.3363,6.0668],[80.3381,6.0716],[80.3329,6.0782],[80.3218,6.0837],[80.3199,6.091],[80.2969,6.0965],[80.2953,6.1009],[80.3161,6.1353],[80.3167,6.1458],[80.3296,6.141],[80.3366,6.1462],[80.3383,6.1575],[80.3492,6.1591],[80.3506,6.1671],[80.3417,6.175],[80.3424,6.1826],[80.3535,6.1824],[80.3703,6.1647],[80.3759,6.1509],[80.3825,6.1491],[80.3843,6.1421],[80.4035,6.123],[80.4119,6.1105],[80.4133,6.1007],[80.4366,6.0993],[80.4506,6.0842],[80.4465,6.0603],[80.4616,6.0384],[80.4536,6.0363],[80.4549,6.0259],[80.4741,6.0201],[80.4786,6.0147],[80.4785,6.0062],[80.4702,5.9966],[80.4792,5.9905],[80.4744,5.9838],[80.4758,5.9716],[80.4993,5.9617],[80.5,5.9458],[80.4926,5.9452],[80.4917,5.9375]]]}},{"type":"Feature","properties":{"name":"Mee Oya","named":true,"areaKm2":174,"hybasId":4080049550},"geometry":{"type":"Polygon","coordinates":[[[80.7958,8.8292],[80.7879,8.8434],[80.7875,8.8583],[80.7965,8.873],[80.8087,8.8864],[80.8313,8.8965],[80.8447,8.9087],[80.8468,8.9157],[80.8617,8.9218],[80.8631,8.9313],[80.8702,8.9395],[80.8716,8.9534],[80.8863,8.9584],[80.8968,8.9782],[80.9072,8.9834],[80.9119,8.9938],[80.9083,9.0083],[80.9194,9.0167],[80.9256,9.0089],[80.9208,8.997],[80.9298,8.9945],[80.9285,8.9853],[80.9204,8.976],[80.934,8.974],[80.9323,8.9669],[80.9255,8.9619],[80.9171,8.9673],[80.9081,8.9656],[80.9176,8.9372],[80.9245,8.9423],[80.9313,8.941],[80.9384,8.9286],[80.9465,8.9366],[80.9375,8.9375],[80.9426,8.9492],[80.9551,8.9547],[80.9613,8.9497],[80.963,8.9552],[80.9547,8.9644],[80.9536,8.9718],[80.9583,8.9833],[80.97,8.9866],[80.9926,8.9506],[81.0079,8.9407],[81.0203,8.9189],[81.0083,8.9167],[81.0076,8.9242],[80.9954,8.9256],[80.9771,8.9173],[80.9604,8.916],[80.947,8.9083],[80.9416,8.897],[80.9304,8.8916],[80.9281,8.884],[80.9061,8.8828],[80.8978,8.8786],[80.8562,8.8463],[80.8479,8.8537],[80.8382,8.8491],[80.8369,8.8395],[80.8276,8.8292],[80.8034,8.8381],[80.7958,8.8292]]]}},{"type":"Feature","properties":{"name":"Basin 5","named":false,"areaKm2":167,"hybasId":4080048940},"geometry":{"type":"Polygon","coordinates":[[[80.175,6.0625],[80.1759,6.0658],[80.1824,6.0657],[80.1845,6.0584],[80.1912,6.0535],[80.1961,6.0559],[80.2009,6.0705],[80.2079,6.0756],[80.2655,6.0499],[80.2679,6.0585],[80.2784,6.0494],[80.295,6.0507],[80.2968,6.0628],[80.302,6.059],[80.3367,6.0576],[80.351,6.034],[80.374,6.0327],[80.3759,6.0259],[80.3827,6.024],[80.384,6.001],[80.412,5.9827],[80.4243,5.9923],[80.4541,5.9738],[80.4595,5.9626],[80.4701,5.9574],[80.4716,5.9466],[80.483,5.945],[80.4861,5.9327],[80.4466,5.9424],[80.4415,5.9488],[80.4506,5.9514],[80.4493,5.9657],[80.438,5.9715],[80.4294,5.9699],[80.4171,5.9535],[80.3938,5.9619],[80.377,5.9631],[80.3147,5.991],[80.2645,5.9965],[80.2479,6.0078],[80.2421,6.0035],[80.2327,6.0162],[80.2381,6.0245],[80.2363,6.0284],[80.2218,6.0336],[80.2199,6.0203],[80.2022,6.0369],[80.1923,6.0383],[80.1756,6.0562],[80.175,6.0625]]]}},{"type":"Feature","properties":{"name":"Basin 1","named":false,"areaKm2":147,"hybasId":4080048900},"geometry":{"type":"Polygon","coordinates":[[[80.5583,5.9417],[80.5583,5.9458],[80.5771,5.9494],[80.5838,5.9452],[80.6034,5.9507],[80.605,5.9617],[80.6169,5.9634],[80.6125,5.9792],[80.623,5.9798],[80.6409,5.9885],[80.6425,5.9992],[80.6532,6.0008],[80.6673,6.0255],[80.6582,6.0447],[80.6499,6.047],[80.6625,6.0583],[80.6897,6.0577],[80.7116,6.0491],[80.7134,6.0426],[80.727,6.034],[80.7409,6.0326],[80.7427,6.0202],[80.7909,6.0257],[80.7925,6.0372],[80.7986,6.0416],[80.8035,6.0355],[80.8034,6.0211],[80.7729,6.0007],[80.7544,5.9992],[80.749,5.9885],[80.7424,5.9864],[80.7407,5.9702],[80.7263,5.9792],[80.7202,5.9668],[80.7253,5.9591],[80.6993,5.9581],[80.6938,5.9619],[80.6521,5.9535],[80.6381,5.941],[80.6263,5.9457],[80.6198,5.9302],[80.5969,5.9242],[80.5943,5.916],[80.5842,5.9175],[80.5824,5.9291],[80.5583,5.9417]]]}},{"type":"Feature","properties":{"name":"Mi Oya","named":true,"areaKm2":144,"hybasId":4080049210},"geometry":{"type":"MultiPolygon","coordinates":[[[[79.7944,8.1625],[79.7911,8.1651],[79.7931,8.1714],[79.7964,8.1674],[79.7944,8.1625]]],[[[79.8125,8.1042],[79.8174,8.124],[79.834,8.138],[79.8249,8.1572],[79.8052,8.1669],[79.8035,8.1737],[79.8111,8.1756],[79.8156,8.166],[79.8173,8.1755],[79.8124,8.1821],[79.82,8.1843],[79.8215,8.1921],[79.816,8.2063],[79.808,8.2156],[79.7926,8.2218],[79.7877,8.2318],[79.7883,8.2368],[79.8075,8.2382],[79.8215,8.2855],[79.8333,8.2958],[79.8366,8.295],[79.8369,8.2853],[79.8244,8.2676],[79.8256,8.2302],[79.8437,8.213],[79.8479,8.2162],[79.8534,8.2119],[79.8699,8.2131],[79.8757,8.2324],[79.8818,8.2375],[79.9036,8.2147],[79.9049,8.2051],[79.925,8.1938],[79.9212,8.1851],[79.933,8.1733],[79.8901,8.1209],[79.8784,8.1256],[79.8718,8.1204],[79.8658,8.105],[79.8451,8.0994],[79.8397,8.1036],[79.8284,8.1047],[79.8229,8.1005],[79.8125,8.1042]],[[79.8028,8.225],[79.8027,8.2294],[79.7995,8.2266],[79.8028,8.225]]]]}},{"type":"Feature","properties":{"name":"Malwatu Oya","named":true,"areaKm2":137,"hybasId":4081156440},"geometry":{"type":"Polygon","coordinates":[[[80.7042,8.1042],[80.6926,8.1048],[80.6908,8.1118],[80.6659,8.1172],[80.6554,8.1119],[80.6542,8.1208],[80.6631,8.1507],[80.6424,8.1675],[80.6409,8.1825],[80.6312,8.184],[80.6219,8.192],[80.616,8.2147],[80.6079,8.2241],[80.5995,8.2256],[80.5938,8.2215],[80.5764,8.2202],[80.575,8.225],[80.5667,8.225],[80.5875,8.2708],[80.5941,8.2754],[80.6274,8.2746],[80.64,8.2663],[80.6524,8.2705],[80.6649,8.2663],[80.6767,8.2545],[80.6833,8.2542],[80.6879,8.2101],[80.6996,8.1941],[80.6955,8.185],[80.6962,8.1642],[80.6996,8.1608],[80.7042,8.1042]]]}},{"type":"Feature","properties":{"name":"Aruvi Aru","named":true,"areaKm2":127,"hybasId":4081155590},"geometry":{"type":"Polygon","coordinates":[[[80.2875,8.5625],[80.2767,8.5621],[80.2691,8.5545],[80.2566,8.5504],[80.2458,8.55],[80.2449,8.5535],[80.2176,8.5629],[80.1962,8.6017],[80.1955,8.6149],[80.1879,8.6226],[80.1833,8.65],[80.2108,8.6504],[80.2267,8.6746],[80.2375,8.675],[80.2408,8.6741],[80.242,8.66],[80.2684,8.6379],[80.2941,8.633],[80.3121,8.6149],[80.317,8.6017],[80.3288,8.5899],[80.3288,8.5809],[80.3233,8.5754],[80.2976,8.5705],[80.2875,8.5625]]]}},{"type":"Feature","properties":{"name":"Kalu Ganga","named":true,"areaKm2":102,"hybasId":4080049000},"geometry":{"type":"Polygon","coordinates":[[[79.9917,6.4292],[79.9741,6.4575],[79.9661,6.4632],[79.9786,6.4811],[79.9797,6.4966],[79.9744,6.5049],[79.9797,6.5132],[79.9547,6.577],[79.9542,6.5833],[79.9642,6.5913],[79.9811,6.5797],[80.0033,6.5741],[80.0053,6.5664],[80.0167,6.5708],[80.0259,6.5382],[80.0397,6.5369],[80.0575,6.5217],[80.0507,6.5199],[80.0463,6.5021],[80.0506,6.4966],[80.0494,6.4895],[79.9959,6.4487],[80.0005,6.4422],[79.9992,6.4299],[79.9917,6.4292]]]}},{"type":"Feature","properties":{"name":"Deduru Oya","named":true,"areaKm2":93,"hybasId":4081157640},"geometry":{"type":"Polygon","coordinates":[[[79.9,7.5667],[79.8954,7.574],[79.8772,7.5828],[79.8618,7.5839],[79.8562,7.5796],[79.8396,7.5912],[79.8159,7.5828],[79.805,7.5884],[79.8045,7.5983],[79.8117,7.6051],[79.8133,7.6159],[79.824,7.6174],[79.8261,7.6247],[79.8354,7.6328],[79.8412,7.6285],[79.8534,7.6343],[79.8549,7.649],[79.8616,7.6509],[79.8635,7.6577],[79.9033,7.6535],[79.905,7.6467],[79.925,7.6333],[79.9212,7.6274],[79.9212,7.61],[79.9455,7.5899],[79.9458,7.5792],[79.9229,7.5667],[79.915,7.5712],[79.9108,7.567],[79.9,7.5667]]]}},{"type":"Feature","properties":{"name":"Deduru Oya","named":true,"areaKm2":72,"hybasId":4080049140},"geometry":{"type":"Polygon","coordinates":[[[79.7833,7.6],[79.784,7.6074],[79.7951,7.6134],[79.7994,7.627],[79.8006,7.6549],[79.7964,7.6603],[79.7958,7.6958],[79.825,7.7],[79.8316,7.6955],[79.8483,7.6962],[79.8525,7.7004],[79.8958,7.6958],[79.8868,7.6717],[79.8798,7.6699],[79.8792,7.6583],[79.8635,7.6577],[79.8616,7.6509],[79.8549,7.649],[79.8534,7.6343],[79.8412,7.6285],[79.8354,7.6328],[79.8261,7.6247],[79.824,7.6174],[79.8133,7.6159],[79.8117,7.6051],[79.8083,7.6042],[79.8072,7.6086],[79.7939,7.6006],[79.7833,7.6]]]}},{"type":"Feature","properties":{"name":"Attanagalu Oya","named":true,"areaKm2":68,"hybasId":4080049060},"geometry":{"type":"Polygon","coordinates":[[[79.8667,6.9833],[79.8663,7.0066],[79.8587,7.0226],[79.8455,7.0941],[79.8254,7.1517],[79.8205,7.1816],[79.8163,7.1858],[79.817,7.2066],[79.8226,7.2121],[79.8337,7.1559],[79.8538,7.0983],[79.8545,7.0809],[79.8608,7.0746],[79.8649,7.0754],[79.8767,7.0871],[79.8858,7.0879],[79.8976,7.0955],[79.9007,7.0758],[79.9118,7.0742],[79.9161,7.0563],[79.9089,7.0397],[79.9077,7.0259],[79.9006,7.0241],[79.8922,7.0147],[79.8911,7.0061],[79.8741,6.984],[79.8667,6.9833]]]}},{"type":"Feature","properties":{"name":"Basin 14","named":false,"areaKm2":50,"hybasId":4081158840},"geometry":{"type":"Polygon","coordinates":[[[80.3292,6.65],[80.3047,6.6895],[80.2958,6.725],[80.3104,6.7412],[80.3152,6.7375],[80.3215,6.7532],[80.3283,6.7589],[80.3368,6.7536],[80.3436,6.7578],[80.3538,6.7476],[80.3496,6.7434],[80.3545,6.735],[80.3496,6.7267],[80.3504,6.7184],[80.3587,6.71],[80.3542,6.6958],[80.3384,6.6914],[80.3369,6.6829],[80.3452,6.6688],[80.3465,6.6552],[80.3292,6.65]]]}},{"type":"Feature","properties":{"name":"Basin 27","named":false,"areaKm2":47,"hybasId":4080049120},"geometry":{"type":"Polygon","coordinates":[[[79.8375,7.3042],[79.834,7.3051],[79.8203,7.3897],[79.7964,7.4811],[79.7881,7.5311],[79.7833,7.5958],[79.7917,7.5958],[79.7958,7.5917],[79.7911,7.5799],[79.7953,7.5689],[79.7964,7.5311],[79.8132,7.4551],[79.8204,7.4532],[79.8259,7.4425],[79.8327,7.4408],[79.8339,7.4228],[79.8411,7.4147],[79.8422,7.3895],[79.8464,7.3841],[79.8328,7.3716],[79.8454,7.3146],[79.8375,7.3042]]]}},{"type":"Feature","properties":{"name":"Kalu Ganga","named":true,"areaKm2":41,"hybasId":4081158930},"geometry":{"type":"Polygon","coordinates":[[[80.3583,6.6958],[80.3542,6.6958],[80.3587,6.71],[80.3504,6.7184],[80.3496,6.7267],[80.3545,6.735],[80.3496,6.7434],[80.3726,6.758],[80.3899,6.7587],[80.4017,6.7705],[80.4087,6.7351],[80.4163,6.7274],[80.4034,6.7161],[80.3909,6.7214],[80.3788,6.7155],[80.3911,6.698],[80.3949,6.6757],[80.3875,6.675],[80.3583,6.6958]]]}},{"type":"Feature","properties":{"name":"Ratmal Oya","named":true,"areaKm2":30,"hybasId":4080049100},"geometry":{"type":"Polygon","coordinates":[[[79.8417,7.275],[79.8381,7.2759],[79.8375,7.3],[79.8458,7.3],[79.847,7.2953],[79.8574,7.2965],[79.8634,7.3075],[79.8744,7.3145],[79.8842,7.3327],[79.898,7.3339],[79.9034,7.3381],[79.9118,7.3328],[79.9193,7.3374],[79.9328,7.323],[79.9333,7.3125],[79.902,7.3036],[79.8949,7.2923],[79.8561,7.2869],[79.8491,7.2757],[79.8417,7.275]]]}},{"type":"Feature","properties":{"name":"Maha Oya","named":true,"areaKm2":16,"hybasId":4080049080},"geometry":{"type":"Polygon","coordinates":[[[79.8292,7.2125],[79.8369,7.2228],[79.8417,7.2708],[79.85,7.2708],[79.8663,7.2358],[79.8667,7.2167],[79.8478,7.2161],[79.8345,7.2036],[79.8298,7.2051],[79.8292,7.2125]]]}},{"type":"Feature","properties":{"name":"Basin 3","named":false,"areaKm2":11,"hybasId":4080048920},"geometry":{"type":"Polygon","coordinates":[[[80.4917,5.9375],[80.4926,5.9452],[80.5106,5.9464],[80.5449,5.9589],[80.5536,5.9481],[80.5542,5.9417],[80.5434,5.9413],[80.5274,5.9337],[80.5066,5.933],[80.5024,5.9371],[80.4917,5.9375]]]}},{"type":"Feature","properties":{"name":"Deduru Oya","named":true,"areaKm2":3,"hybasId":4080049130},"geometry":{"type":"Polygon","coordinates":[[[79.8042,7.5917],[79.7833,7.5958],[79.7833,7.6],[79.7939,7.6006],[79.8072,7.6086],[79.8042,7.5917]]]}},{"type":"Feature","properties":{"name":"Basin 34","named":false,"areaKm2":1,"hybasId":4081157390},"geometry":{"type":"Polygon","coordinates":[[[80.2875,7.7042],[80.2792,7.7042],[80.2792,7.7125],[80.2917,7.7167],[80.2875,7.7042]]]}}]}