{"type":"FeatureCollection","features":[{"type":"Feature","properties":{"name":"Colombo MC","district":"Colombo","province":"Western Province"},"geometry":{"type":"Polygon","coordinates":[[[79.8598,6.8626],[79.8851,6.8734],[79.8862,6.9241],[79.8792,6.9584],[79.885,6.9747],[79.8822,6.9799],[79.8692,6.9781],[79.8492,6.9391],[79.8429,6.94],[79.8462,6.9518],[79.8399,6.9608],[79.8423,6.9459],[79.8238,6.9447],[79.831,6.966],[79.8227,6.9577],[79.82,6.9406],[79.8256,6.9235],[79.843,6.9281],[79.8598,6.8626]]]}},{"type":"Feature","properties":{"name":"Dehiwala Mount Lavinia MC","district":"Colombo","province":"Western Province"},"geometry":{"type":"Polygon","coordinates":[[[79.8694,6.8057],[79.8985,6.8184],[79.8861,6.852],[79.8826,6.857],[79.8903,6.8622],[79.8922,6.8672],[79.8851,6.8734],[79.8598,6.8626],[79.8694,6.8057]]]}},{"type":"Feature","properties":{"name":"Moratuwa MC","district":"Colombo","province":"Western Province"},"geometry":{"type":"Polygon","coordinates":[[[79.8694,6.8057],[79.9011,6.7154],[79.9006,6.7348],[79.8865,6.7733],[79.9054,6.7681],[79.8994,6.8178],[79.8694,6.8057]]]}},{"type":"Feature","properties":{"name":"Sri Jayawardanapura Kotte MC","district":"Colombo","province":"Western Province"},"geometry":{"type":"Polygon","coordinates":[[[79.8922,6.8672],[79.9108,6.8568],[79.9004,6.8802],[79.9221,6.8845],[79.9012,6.9135],[79.9006,6.9236],[79.8862,6.9241],[79.8845,6.8825],[79.8857,6.8739],[79.8922,6.8672]]]}},{"type":"Feature","properties":{"name":"Kaduwela MC","district":"Colombo","province":"Western Province"},"geometry":{"type":"Polygon","coordinates":[[[79.9221,6.8845],[79.9896,6.8586],[80.0051,6.8692],[80.0056,6.8753],[80.0179,6.8946],[80.0405,6.8816],[80.045,6.9148],[80.02,6.9248],[80.0142,6.9463],[79.9503,6.9403],[79.9589,6.9174],[79.9442,6.9146],[79.9157,6.9186],[79.9012,6.9135],[79.9221,6.8845]]]}},{"type":"Feature","properties":{"name":"Kolonnawa UC","district":"Colombo","province":"Western Province"},"geometry":{"type":"Polygon","coordinates":[[[79.8862,6.9241],[79.9006,6.9236],[79.89,6.9546],[79.8792,6.9584],[79.8862,6.9241]]]}},{"type":"Feature","properties":{"name":"Seethawakapura UC","district":"Colombo","province":"Western Province"},"geometry":{"type":"Polygon","coordinates":[[[80.1835,6.9752],[80.1882,6.9215],[80.2239,6.9416],[80.2073,6.9787],[80.1835,6.9752]]]}},{"type":"Feature","properties":{"name":"Maharagama UC","district":"Colombo","province":"Western Province"},"geometry":{"type":"Polygon","coordinates":[[[79.9147,6.8444],[79.9228,6.8268],[79.9563,6.8435],[79.9673,6.8308],[79.9893,6.8388],[79.9896,6.8586],[79.9221,6.8845],[79.9004,6.8802],[79.9108,6.8568],[79.8922,6.8672],[79.8903,6.8622],[79.9147,6.8444]]]}},{"type":"Feature","properties":{"name":"Kesbewa UC","district":"Colombo","province":"Western Province"},"geometry":{"type":"Polygon","coordinates":[[[79.9054,6.7681],[79.9387,6.748],[79.9665,6.7828],[79.9513,6.818],[79.9673,6.8308],[79.9563,6.8435],[79.9296,6.8311],[79.9171,6.8229],[79.8994,6.8178],[79.9054,6.7681]]]}},{"type":"Feature","properties":{"name":"Boralesgamuwa UC","district":"Colombo","province":"Western Province"},"geometry":{"type":"Polygon","coordinates":[[[79.8861,6.852],[79.8985,6.8184],[79.9171,6.8229],[79.9228,6.8268],[79.9148,6.8444],[79.8903,6.8622],[79.8826,6.857],[79.8861,6.852]]]}},{"type":"Feature","properties":{"name":"Homagama PS","district":"Colombo","province":"Western Province"},"geometry":{"type":"Polygon","coordinates":[[[79.9721,6.759],[80.0006,6.7711],[80.0362,6.8064],[80.0618,6.7904],[80.0897,6.8153],[80.0626,6.9084],[80.045,6.9148],[80.0405,6.8816],[80.0179,6.8946],[80.0056,6.8753],[80.0051,6.8692],[79.9896,6.8586],[79.9893,6.8388],[79.9673,6.8308],[79.9513,6.818],[79.9665,6.7828],[79.9505,6.7634],[79.9721,6.759]]]}},{"type":"Feature","properties":{"name":"Kotikawatta-Mullariyawa PS","district":"Colombo","province":"Western Province"},"geometry":{"type":"Polygon","coordinates":[[[79.9012,6.9135],[79.9157,6.9186],[79.9442,6.9146],[79.9589,6.9174],[79.9503,6.9403],[79.9294,6.9499],[79.8961,6.9561],[79.89,6.9546],[79.9006,6.9236],[79.9012,6.9135]]]}},{"type":"Feature","properties":{"name":"Seethawaka PS","district":"Colombo","province":"Western Province"},"geometry":{"type":"Polygon","coordinates":[[[80.0897,6.8153],[80.1162,6.77],[80.1164,6.8054],[80.149,6.8265],[80.1777,6.8158],[80.2024,6.8184],[80.1948,6.8516],[80.1755,6.8598],[80.2111,6.9168],[80.2095,6.9326],[80.1882,6.9215],[80.1835,6.9752],[80.1793,6.9775],[80.1241,6.9745],[80.0986,6.9513],[80.0933,6.9124],[80.0626,6.9084],[80.0897,6.8153]]]}},{"type":"Feature","properties":{"name":"Negombo MC","district":"Gampaha","province":"Western Province"},"geometry":{"type":"Polygon","coordinates":[[[79.8426,7.1121],[79.8241,7.189],[79.8483,7.1993],[79.8577,7.1811],[79.8657,7.1905],[79.8519,7.2227],[79.867,7.2331],[79.8609,7.2701],[79.841,7.2729],[79.8337,7.1993],[79.8169,7.2033],[79.8426,7.1121]]]}},{"type":"Feature","properties":{"name":"Gampaha MC","district":"Gampaha","province":"Western Province"},"geometry":{"type":"Polygon","coordinates":[[[80.0236,7.069],[79.9846,7.083],[79.9868,7.0951],[80.0087,7.107],[80.0559,7.1177],[80.054,7.0886],[80.0431,7.0777],[80.0236,7.069]]]}},{"type":"Feature","properties":{"name":"Ja- Ela UC","district":"Gampaha","province":"Western Province"},"geometry":{"type":"Polygon","coordinates":[[[79.8817,7.0508],[79.8984,7.0578],[79.8971,7.0806],[79.8789,7.0888],[79.8817,7.0508]]]}},{"type":"Feature","properties":{"name":"Katunayaka- Seeduwa UC/Katana PS","district":"Gampaha","province":"Western Province"},"geometry":{"type":"Polygon","coordinates":[[[79.8829,7.1105],[79.898,7.1976],[79.8657,7.1905],[79.8577,7.1811],[79.8692,7.1365],[79.8816,7.1318],[79.871,7.1273],[79.8531,7.1065],[79.8595,7.1049],[79.8829,7.1105]]]}},{"type":"Feature","properties":{"name":"Minuwangoda UC","district":"Gampaha","province":"Western Province"},"geometry":{"type":"Polygon","coordinates":[[[79.9487,7.1745],[79.9352,7.1687],[79.9564,7.154],[79.9475,7.1672],[79.9661,7.1863],[79.9487,7.1745]]]}},{"type":"Feature","properties":{"name":"Peliyagoda UC","district":"Gampaha","province":"Western Province"},"geometry":{"type":"Polygon","coordinates":[[[79.89,6.9546],[79.8961,6.9561],[79.8969,6.9709],[79.885,6.9747],[79.8792,6.9584],[79.89,6.9546]]]}},{"type":"Feature","properties":{"name":"Wattala - Mabola UC","district":"Gampaha","province":"Western Province"},"geometry":{"type":"Polygon","coordinates":[[[79.8939,6.9713],[79.8927,6.9786],[79.9051,6.9976],[79.8997,7.0085],[79.8829,6.9806],[79.885,6.9747],[79.8939,6.9713]]]}},{"type":"Feature","properties":{"name":"Attanagalla PS","district":"Gampaha","province":"Western Province"},"geometry":{"type":"Polygon","coordinates":[[[80.0431,7.0777],[80.0745,7.0878],[80.0921,7.0734],[80.1047,7.0562],[80.1283,7.0695],[80.1648,7.0601],[80.2124,7.1304],[80.2022,7.1369],[80.165,7.1251],[80.1589,7.1364],[80.1345,7.1419],[80.1239,7.1655],[80.1025,7.16],[80.0415,7.1703],[80.0087,7.107],[80.0559,7.1177],[80.054,7.0886],[80.0431,7.0777]],[[80.0462,7.0759],[80.0466,7.0758],[80.046,7.0755],[80.0462,7.0759]]]}},{"type":"Feature","properties":{"name":"Biyagama PS","district":"Gampaha","province":"Western Province"},"geometry":{"type":"Polygon","coordinates":[[[79.9503,6.9403],[80.0142,6.9463],[80.0305,6.9884],[80.0216,6.9992],[79.9808,6.9911],[79.9596,7.007],[79.939,6.9912],[79.9294,6.9499],[79.9503,6.9403]]]}},{"type":"Feature","properties":{"name":"Divulapitiya PS","district":"Gampaha","province":"Western Province"},"geometry":{"type":"Polygon","coordinates":[[[79.9397,7.1991],[79.9618,7.1997],[79.9703,7.189],[80.0073,7.1987],[80.0174,7.2176],[80.046,7.2066],[80.0484,7.2329],[80.0969,7.2294],[80.1188,7.2454],[80.0948,7.3076],[80.0554,7.2839],[80.0079,7.3218],[79.9416,7.2762],[79.9241,7.2846],[79.9282,7.2728],[79.9126,7.2678],[79.9088,7.2307],[79.9222,7.2003],[79.9397,7.1991]]]}},{"type":"Feature","properties":{"name":"Dompe PS","district":"Gampaha","province":"Western Province"},"geometry":{"type":"Polygon","coordinates":[[[80.0626,6.9084],[80.0933,6.9124],[80.0986,6.9513],[80.1241,6.9745],[80.1793,6.9775],[80.1648,7.0601],[80.1283,7.0695],[80.1047,7.0562],[80.0933,7.0701],[80.0781,7.0137],[80.0543,7.0188],[80.0391,7.0004],[80.0525,6.9962],[80.0305,6.9884],[80.0142,6.9463],[80.02,6.9248],[80.0626,6.9084]]]}},{"type":"Feature","properties":{"name":"Gampaha PS","district":"Gampaha","province":"Western Province"},"geometry":{"type":"Polygon","coordinates":[[[79.9517,7.0574],[79.9704,7.0289],[80.0011,7.0307],[80.0131,7.0111],[80.0397,7.0357],[80.0236,7.069],[79.9846,7.083],[79.9868,7.0951],[79.9276,7.1141],[79.9435,7.0909],[79.9308,7.0763],[79.9261,7.0613],[79.9413,7.0629],[79.9517,7.0574]]]}},{"type":"Feature","properties":{"name":"Ja- Ela PS","district":"Gampaha","province":"Western Province"},"geometry":{"type":"Polygon","coordinates":[[[79.8817,7.0508],[79.9163,7.019],[79.9338,7.0208],[79.9517,7.0574],[79.9413,7.0629],[79.9261,7.0613],[79.9308,7.0763],[79.9435,7.0909],[79.9276,7.1141],[79.9053,7.1271],[79.8829,7.1105],[79.8595,7.1049],[79.8789,7.0888],[79.8971,7.0806],[79.8984,7.0578],[79.8817,7.0508]]]}},{"type":"Feature","properties":{"name":"Katana PS","district":"Gampaha","province":"Western Province"},"geometry":{"type":"MultiPolygon","coordinates":[[[[79.8657,7.1905],[79.898,7.1976],[79.8829,7.1105],[79.9053,7.1271],[79.9207,7.1174],[79.9174,7.143],[79.9293,7.1422],[79.9308,7.1557],[79.9126,7.1596],[79.9177,7.1805],[79.9397,7.1991],[79.9222,7.2003],[79.9088,7.2307],[79.9126,7.2678],[79.8746,7.2827],[79.8609,7.2701],[79.867,7.2331],[79.8519,7.2227],[79.8657,7.1905]]],[[[79.871,7.1273],[79.8816,7.1318],[79.8692,7.1365],[79.871,7.1273]]]]}},{"type":"Feature","properties":{"name":"Kelaniya PS","district":"Gampaha","province":"Western Province"},"geometry":{"type":"Polygon","coordinates":[[[79.8961,6.9561],[79.9294,6.9499],[79.939,6.9912],[79.9051,6.9976],[79.8927,6.9786],[79.8939,6.9713],[79.8969,6.9709],[79.8961,6.9561]]]}},{"type":"Feature","properties":{"name":"Mahara PS","district":"Gampaha","province":"Western Province"},"geometry":{"type":"MultiPolygon","coordinates":[[[[79.9051,6.9976],[79.939,6.9912],[79.9596,7.007],[79.9808,6.9911],[80.0216,6.9992],[80.0305,6.9884],[80.0525,6.9962],[80.0391,7.0004],[80.0543,7.0188],[80.0781,7.0137],[80.0933,7.0701],[80.0921,7.0734],[80.0745,7.0878],[80.0431,7.0777],[80.0236,7.069],[80.0397,7.0357],[80.0131,7.0111],[80.0011,7.0307],[79.9704,7.0289],[79.9517,7.0574],[79.9338,7.0208],[79.9315,7.0016],[79.8997,7.0085],[79.9051,6.9976]]],[[[80.0462,7.0759],[80.0458,7.0756],[80.0466,7.0758],[80.0462,7.0759]]]]}},{"type":"Feature","properties":{"name":"Minuwangoda PS","district":"Gampaha","province":"Western Province"},"geometry":{"type":"Polygon","coordinates":[[[79.9276,7.1141],[79.9868,7.0951],[80.0087,7.107],[80.0415,7.1703],[80.05,7.1961],[80.0334,7.2104],[80.0174,7.2176],[80.0073,7.1987],[79.9703,7.189],[79.9618,7.1997],[79.9397,7.1991],[79.9177,7.1805],[79.9126,7.1596],[79.9308,7.1557],[79.9293,7.1422],[79.9174,7.143],[79.9207,7.1174],[79.9276,7.1141]],[[79.9487,7.1745],[79.9661,7.1863],[79.9475,7.1672],[79.9564,7.154],[79.9352,7.1687],[79.9487,7.1745]]]}},{"type":"Feature","properties":{"name":"Mirigama PS","district":"Gampaha","province":"Western Province"},"geometry":{"type":"Polygon","coordinates":[[[80.0415,7.1703],[80.1025,7.16],[80.1239,7.1655],[80.1345,7.1419],[80.1589,7.1364],[80.1462,7.189],[80.1844,7.1961],[80.196,7.2582],[80.1482,7.3136],[80.1252,7.3301],[80.0948,7.3076],[80.1188,7.2454],[80.0969,7.2294],[80.0484,7.2329],[80.046,7.2066],[80.0334,7.2104],[80.05,7.1961],[80.0415,7.1703]],[[80.1671,7.2001],[80.1609,7.1983],[80.159,7.1996],[80.1628,7.2032],[80.1671,7.2001]]]}},{"type":"Feature","properties":{"name":"Wattala PS","district":"Gampaha","province":"Western Province"},"geometry":{"type":"Polygon","coordinates":[[[79.8692,6.9781],[79.8822,6.9799],[79.8997,7.0085],[79.9315,7.0016],[79.9338,7.0208],[79.9163,7.019],[79.8817,7.0508],[79.8789,7.0888],[79.8595,7.1049],[79.8426,7.1121],[79.8692,6.9781]]]}},{"type":"Feature","properties":{"name":"Kalutara MC","district":"Kalutara","province":"Western Province"},"geometry":{"type":"Polygon","coordinates":[[[79.9484,6.607],[79.9695,6.5435],[80.0024,6.5542],[80.002,6.5583],[79.9943,6.5716],[79.978,6.5871],[79.9642,6.5905],[79.9729,6.6117],[79.9484,6.607]]]}},{"type":"Feature","properties":{"name":"Beruwala UC","district":"Kalutara","province":"Western Province"},"geometry":{"type":"MultiPolygon","coordinates":[[[[79.9766,6.4576],[79.998,6.4798],[79.983,6.4837],[79.9766,6.4576]]],[[[79.9717,6.4698],[79.9714,6.4691],[79.9718,6.4688],[79.9717,6.4698]]],[[[79.9709,6.4722],[79.97,6.4719],[79.9704,6.4705],[79.9709,6.4722]]],[[[79.9697,6.4618],[79.9698,6.4638],[79.9681,6.4643],[79.9675,6.4627],[79.9697,6.4618]]]]}},{"type":"Feature","properties":{"name":"Horana UC/Horana PS","district":"Kalutara","province":"Western Province"},"geometry":{"type":"Polygon","coordinates":[[[80.0787,6.7087],[80.0812,6.725],[80.0423,6.7194],[80.072,6.7017],[80.0787,6.7087]]]}},{"type":"Feature","properties":{"name":"Panadura UC/Panadura PS","district":"Kalutara","province":"Western Province"},"geometry":{"type":"Polygon","coordinates":[[[79.9011,6.7154],[79.9006,6.7348],[79.904,6.7363],[79.9266,6.7194],[79.9174,6.7128],[79.9196,6.7121],[79.9201,6.7003],[79.9114,6.6927],[79.9011,6.7154]],[[79.9219,6.7255],[79.923,6.7219],[79.9174,6.7234],[79.9219,6.7255]]]}},{"type":"Feature","properties":{"name":"Agalawatta PS","district":"Kalutara","province":"Western Province"},"geometry":{"type":"Polygon","coordinates":[[[80.1535,6.4685],[80.1822,6.4721],[80.2092,6.4353],[80.2235,6.4447],[80.2314,6.4808],[80.1867,6.5188],[80.1721,6.5148],[80.1783,6.5357],[80.2014,6.5541],[80.1881,6.5805],[80.1513,6.5812],[80.1353,6.5661],[80.114,6.5648],[80.114,6.5432],[80.1543,6.5055],[80.1535,6.4685]]]}},{"type":"Feature","properties":{"name":"Bandaragama PS","district":"Kalutara","province":"Western Province"},"geometry":{"type":"Polygon","coordinates":[[[79.9196,6.7121],[79.955,6.6888],[79.972,6.6987],[79.9827,6.6824],[80.0095,6.6871],[80.0235,6.7222],[80.0102,6.7445],[79.9788,6.7438],[79.9721,6.759],[79.9505,6.7634],[79.9387,6.748],[79.9469,6.7431],[79.9476,6.7222],[79.9266,6.7194],[79.9174,6.7128],[79.9196,6.7121]]]}},{"type":"Feature","properties":{"name":"Beruwala PS","district":"Kalutara","province":"Western Province"},"geometry":{"type":"MultiPolygon","coordinates":[[[[79.9855,6.4436],[79.9979,6.4265],[80.009,6.4372],[80.0248,6.4276],[80.04,6.4571],[80.0263,6.4711],[80.0369,6.4827],[80.0275,6.5181],[80.0172,6.5429],[80.0024,6.5542],[79.9695,6.5435],[79.983,6.4837],[79.998,6.4798],[79.9766,6.4576],[79.9855,6.4436]]],[[[79.9796,6.4483],[79.979,6.45],[79.9769,6.4526],[79.9796,6.4483]]],[[[79.9794,6.447],[79.9786,6.4471],[79.979,6.4465],[79.9794,6.447]]],[[[79.979,6.4415],[79.9793,6.4415],[79.9791,6.4417],[79.979,6.4415]]]]}},{"type":"Feature","properties":{"name":"Bulathsinhala PS","district":"Kalutara","province":"Western Province"},"geometry":{"type":"Polygon","coordinates":[[[80.1353,6.5661],[80.1513,6.5812],[80.2131,6.5816],[80.2607,6.6224],[80.204,6.7222],[80.1991,6.7266],[80.1451,6.7239],[80.1251,6.7007],[80.1087,6.7044],[80.0878,6.6687],[80.1382,6.6049],[80.1126,6.596],[80.114,6.5648],[80.1353,6.5661]]]}},{"type":"Feature","properties":{"name":"Dodangoda PS","district":"Kalutara","province":"Western Province"},"geometry":{"type":"Polygon","coordinates":[[[80.0369,6.4827],[80.0522,6.4897],[80.0557,6.5287],[80.1087,6.5799],[80.0883,6.6268],[80.0735,6.6246],[80.0485,6.5882],[80.0098,6.6348],[79.9769,6.6102],[80.0006,6.6056],[79.9943,6.5716],[80.002,6.5583],[80.0024,6.5542],[80.0172,6.5429],[80.0275,6.5181],[80.0369,6.4827]]]}},{"type":"Feature","properties":{"name":"Horana PS","district":"Kalutara","province":"Western Province"},"geometry":{"type":"MultiPolygon","coordinates":[[[[80.0235,6.7222],[80.0423,6.7194],[80.0812,6.725],[80.0787,6.7087],[80.0989,6.7263],[80.1087,6.7044],[80.1251,6.7007],[80.1451,6.7239],[80.1991,6.7266],[80.2053,6.7305],[80.1965,6.7531],[80.1777,6.8158],[80.149,6.8265],[80.1164,6.8054],[80.1162,6.77],[80.0897,6.8153],[80.0618,6.7904],[80.0362,6.8064],[80.0006,6.7711],[79.9721,6.759],[79.9788,6.7438],[80.0102,6.7445],[80.0235,6.7222]]],[[[80.072,6.7017],[80.0557,6.6943],[80.0477,6.7183],[80.043,6.7193],[80.072,6.7017]]]]}},{"type":"Feature","properties":{"name":"Kalutara PS","district":"Kalutara","province":"Western Province"},"geometry":{"type":"Polygon","coordinates":[[[79.9484,6.607],[79.9729,6.6117],[79.9642,6.5905],[79.978,6.5871],[79.9943,6.5716],[80.0006,6.6056],[79.9769,6.6102],[80.0098,6.6348],[79.972,6.6987],[79.955,6.6888],[79.9439,6.6551],[79.9318,6.6498],[79.9484,6.607]]]}},{"type":"Feature","properties":{"name":"Mathugama PS","district":"Kalutara","province":"Western Province"},"geometry":{"type":"Polygon","coordinates":[[[80.0596,6.4085],[80.083,6.4444],[80.127,6.4586],[80.1507,6.4564],[80.1535,6.4685],[80.1543,6.5055],[80.114,6.5432],[80.1142,6.5825],[80.1087,6.5799],[80.0557,6.5287],[80.0522,6.4897],[80.0369,6.4827],[80.0263,6.4711],[80.04,6.4571],[80.0248,6.4276],[80.0596,6.4085]]]}},{"type":"Feature","properties":{"name":"Panadura PS","district":"Kalutara","province":"Western Province"},"geometry":{"type":"MultiPolygon","coordinates":[[[[79.9114,6.6927],[79.9318,6.6498],[79.9439,6.6551],[79.955,6.6888],[79.9196,6.7121],[79.9201,6.7003],[79.9114,6.6927]]],[[[79.904,6.7363],[79.9266,6.7194],[79.9476,6.7222],[79.9469,6.7431],[79.9054,6.7681],[79.8865,6.7733],[79.9006,6.7348],[79.904,6.7363]]],[[[79.9174,6.7128],[79.9262,6.7184],[79.9174,6.7128],[79.9174,6.7128]]],[[[79.9219,6.7255],[79.9174,6.7234],[79.923,6.7219],[79.9219,6.7255]]]]}},{"type":"Feature","properties":{"name":"Walallawita PS","district":"Kalutara","province":"Western Province"},"geometry":{"type":"Polygon","coordinates":[[[80.1314,6.3658],[80.2065,6.3597],[80.2171,6.3799],[80.239,6.377],[80.2991,6.3258],[80.2893,6.3896],[80.3003,6.3969],[80.273,6.437],[80.2489,6.4297],[80.2235,6.4447],[80.2092,6.4353],[80.1822,6.4721],[80.1535,6.4685],[80.1507,6.4564],[80.127,6.4586],[80.083,6.4444],[80.0596,6.4085],[80.1314,6.3658]]]}},{"type":"Feature","properties":{"name":"Madurawala PS","district":"Kalutara","province":"Western Province"},"geometry":{"type":"Polygon","coordinates":[[[80.0735,6.6246],[80.0883,6.6268],[80.1087,6.5799],[80.1142,6.5825],[80.1126,6.596],[80.1382,6.6049],[80.0878,6.6687],[80.1087,6.7044],[80.0989,6.7263],[80.072,6.7017],[80.0557,6.6943],[80.0642,6.6716],[80.0483,6.6454],[80.0669,6.6454],[80.0735,6.6246]]]}},{"type":"Feature","properties":{"name":"Palindanuwara PS","district":"Kalutara","province":"Western Province"},"geometry":{"type":"Polygon","coordinates":[[[80.2235,6.4447],[80.2489,6.4297],[80.273,6.437],[80.3003,6.3969],[80.3164,6.3995],[80.3809,6.4261],[80.3057,6.5382],[80.2953,6.5641],[80.3144,6.5706],[80.2854,6.6152],[80.2607,6.6224],[80.2131,6.5816],[80.1881,6.5805],[80.2014,6.5541],[80.1783,6.5357],[80.1721,6.5148],[80.1867,6.5188],[80.2314,6.4808],[80.2235,6.4447]]]}},{"type":"Feature","properties":{"name":"Millaniya PS","district":"Kalutara","province":"Western Province"},"geometry":{"type":"Polygon","coordinates":[[[80.0098,6.6348],[80.0485,6.5882],[80.0735,6.6246],[80.0669,6.6454],[80.0483,6.6454],[80.0642,6.6716],[80.0477,6.7183],[80.0235,6.7222],[80.0095,6.6871],[79.9827,6.6824],[80.0098,6.6348]]]}},{"type":"Feature","properties":{"name":"Kandy MC/ Pathadumbara PS","district":"Kandy","province":"Central Province"},"geometry":{"type":"Polygon","coordinates":[[[80.6177,7.2644],[80.6208,7.265],[80.629,7.258],[80.6411,7.2633],[80.6333,7.2858],[80.6429,7.2639],[80.6481,7.2685],[80.6443,7.2798],[80.6575,7.2931],[80.6446,7.3231],[80.6223,7.3319],[80.606,7.2758],[80.5924,7.2772],[80.5936,7.2642],[80.6177,7.2644]]]}},{"type":"Feature","properties":{"name":"Gampola UC","district":"Kandy","province":"Central Province"},"geometry":{"type":"MultiPolygon","coordinates":[[[[80.5413,7.1654],[80.5762,7.1533],[80.5979,7.1538],[80.5756,7.1695],[80.6012,7.1944],[80.568,7.184],[80.578,7.1748],[80.563,7.1679],[80.5478,7.1823],[80.5433,7.1811],[80.5413,7.1654]]],[[[80.5653,7.147],[80.5724,7.1387],[80.5669,7.1584],[80.5616,7.1569],[80.5653,7.147]]]]}},{"type":"Feature","properties":{"name":"Kadugannawa UC/Yatinuwara PS","district":"Kandy","province":"Central Province"},"geometry":{"type":"Polygon","coordinates":[[[80.5093,7.2475],[80.5595,7.2579],[80.5673,7.268],[80.549,7.2774],[80.5081,7.2541],[80.5093,7.2475]]]}},{"type":"Feature","properties":{"name":"Nawalapitiya UC/Pasbage Korale PS","district":"Kandy","province":"Central Province"},"geometry":{"type":"Polygon","coordinates":[[[80.5469,7.0769],[80.5438,7.0883],[80.5272,7.0335],[80.5564,7.0217],[80.559,7.0506],[80.5382,7.0614],[80.5469,7.0769]]]}},{"type":"Feature","properties":{"name":"Wattegama UC/ Pathadumbara PS","district":"Kandy","province":"Central Province"},"geometry":{"type":"Polygon","coordinates":[[[80.6933,7.3524],[80.6825,7.3706],[80.6617,7.3713],[80.6758,7.3521],[80.6596,7.3436],[80.6865,7.3357],[80.6988,7.3478],[80.6933,7.3524]]]}},{"type":"Feature","properties":{"name":"Medadumbara PS","district":"Kandy","province":"Central Province"},"geometry":{"type":"Polygon","coordinates":[[[80.7871,7.3455],[80.7873,7.3351],[80.7932,7.3272],[80.7925,7.3439],[80.7871,7.3455]]]}},{"type":"Feature","properties":{"name":"Akurana PS","district":"Kandy","province":"Central Province"},"geometry":{"type":"Polygon","coordinates":[[[80.6175,7.3594],[80.6324,7.3748],[80.6611,7.3712],[80.6564,7.3848],[80.586,7.4304],[80.6085,7.3806],[80.5971,7.3741],[80.6175,7.3594]]]}},{"type":"Feature","properties":{"name":"Ganga Ihala Korale","district":"Kandy","province":"Central Province"},"geometry":{"type":"Polygon","coordinates":[[[80.4715,7.064],[80.5572,7.093],[80.575,7.1134],[80.5762,7.1533],[80.5413,7.1654],[80.5105,7.1483],[80.5014,7.1282],[80.4352,7.1111],[80.4352,7.092],[80.4598,7.0909],[80.4659,7.065],[80.4715,7.064]],[[80.5653,7.147],[80.5616,7.1569],[80.5669,7.1584],[80.5724,7.1387],[80.5653,7.147]]]}},{"type":"Feature","properties":{"name":"Harispattuwa PS","district":"Kandy","province":"Central Province"},"geometry":{"type":"Polygon","coordinates":[[[80.5639,7.3175],[80.606,7.2758],[80.6223,7.3319],[80.6156,7.3479],[80.5559,7.3739],[80.5544,7.3528],[80.575,7.3487],[80.5491,7.339],[80.5485,7.317],[80.5639,7.3175]]]}},{"type":"Feature","properties":{"name":"Kandy Four Graverts &Gangawata Korale PS","district":"Kandy","province":"Central Province"},"geometry":{"type":"MultiPolygon","coordinates":[[[[80.6481,7.2685],[80.6785,7.2526],[80.6906,7.2646],[80.7286,7.2559],[80.7304,7.2599],[80.6575,7.2931],[80.6443,7.2798],[80.6481,7.2685]]],[[[80.6429,7.2639],[80.6333,7.2858],[80.6411,7.2633],[80.6429,7.2639]]],[[[80.6041,7.2178],[80.6286,7.2385],[80.629,7.258],[80.6208,7.265],[80.5936,7.2642],[80.586,7.2553],[80.6041,7.2178]]]]}},{"type":"Feature","properties":{"name":"Medadumbara PS","district":"Kandy","province":"Central Province"},"geometry":{"type":"Polygon","coordinates":[[[80.6575,7.2931],[80.7304,7.2599],[80.7543,7.252],[80.7547,7.2733],[80.7345,7.3413],[80.7506,7.348],[80.7366,7.361],[80.7178,7.3621],[80.6988,7.3478],[80.6865,7.3357],[80.6993,7.3213],[80.688,7.3051],[80.6656,7.3267],[80.6446,7.3231],[80.6575,7.2931]]]}},{"type":"Feature","properties":{"name":"Medadumbara PS","district":"Kandy","province":"Central Province"},"geometry":{"type":"Polygon","coordinates":[[[80.7451,7.3014],[80.7547,7.2733],[80.8016,7.2269],[80.8035,7.2034],[80.8504,7.1909],[80.8421,7.2727],[80.8567,7.3213],[80.8104,7.396],[80.7366,7.361],[80.7506,7.348],[80.7345,7.3413],[80.7451,7.3014]],[[80.7871,7.3455],[80.7925,7.3439],[80.7932,7.3272],[80.7873,7.3351],[80.7871,7.3455]]]}},{"type":"Feature","properties":{"name":"Minipe PS","district":"Kandy","province":"Central Province"},"geometry":{"type":"Polygon","coordinates":[[[80.8802,7.4644],[80.8623,7.44],[80.9281,7.386],[80.9129,7.3632],[80.9163,7.3215],[80.951,7.3114],[80.9229,7.202],[80.9722,7.1971],[81.0114,7.2221],[80.9689,7.4136],[80.9739,7.4884],[80.9314,7.4896],[80.9121,7.4635],[80.8986,7.4749],[80.8802,7.4644]]]}},{"type":"Feature","properties":{"name":"Panvila PS","district":"Kandy","province":"Central Province"},"geometry":{"type":"Polygon","coordinates":[[[80.7178,7.3621],[80.7366,7.361],[80.8104,7.396],[80.7896,7.4268],[80.7299,7.475],[80.7044,7.4481],[80.7143,7.4251],[80.6995,7.387],[80.6933,7.3524],[80.6988,7.3478],[80.7178,7.3621]]]}},{"type":"Feature","properties":{"name":"Pasbage Korale PS","district":"Kandy","province":"Central Province"},"geometry":{"type":"Polygon","coordinates":[[[80.4671,7.0223],[80.4748,7.0367],[80.5057,7.0223],[80.5168,6.9817],[80.5512,6.9415],[80.5792,6.9449],[80.5758,6.9621],[80.5922,6.9732],[80.6009,6.997],[80.559,7.0506],[80.5564,7.0217],[80.5272,7.0335],[80.5438,7.0883],[80.5469,7.0769],[80.5546,7.0827],[80.5572,7.093],[80.4715,7.064],[80.4573,7.0333],[80.4671,7.0223]]]}},{"type":"Feature","properties":{"name":"Pathadumbara PS","district":"Kandy","province":"Central Province"},"geometry":{"type":"MultiPolygon","coordinates":[[[[80.6223,7.3319],[80.6446,7.3231],[80.6656,7.3267],[80.688,7.3051],[80.6993,7.3213],[80.6865,7.3357],[80.6596,7.3436],[80.6758,7.3521],[80.6611,7.3712],[80.6324,7.3748],[80.6175,7.3594],[80.6156,7.3479],[80.6223,7.3319]]],[[[80.6991,7.3868],[80.6564,7.3848],[80.6617,7.3713],[80.6825,7.3706],[80.6933,7.3524],[80.6991,7.3868]]]]}},{"type":"Feature","properties":{"name":"Pathhewaheta PS","district":"Kandy","province":"Central Province"},"geometry":{"type":"Polygon","coordinates":[[[80.6662,7.1974],[80.7095,7.1257],[80.7712,7.1999],[80.7543,7.252],[80.7304,7.2599],[80.7286,7.2559],[80.6906,7.2646],[80.6785,7.2526],[80.6481,7.2685],[80.6429,7.2639],[80.629,7.258],[80.6286,7.2385],[80.6662,7.1974]]]}},{"type":"Feature","properties":{"name":"Pujapitiya PS","district":"Kandy","province":"Central Province"},"geometry":{"type":"Polygon","coordinates":[[[80.5192,7.3896],[80.6156,7.3479],[80.6175,7.3594],[80.5971,7.3741],[80.6085,7.3806],[80.586,7.4304],[80.5656,7.4584],[80.5407,7.4494],[80.5558,7.4174],[80.5174,7.4141],[80.5192,7.3896]]]}},{"type":"Feature","properties":{"name":"Thumpane PS","district":"Kandy","province":"Central Province"},"geometry":{"type":"Polygon","coordinates":[[[80.471,7.2954],[80.5485,7.317],[80.5491,7.339],[80.575,7.3487],[80.5544,7.3528],[80.5559,7.3739],[80.5192,7.3896],[80.4617,7.4109],[80.4722,7.3933],[80.4513,7.3615],[80.4593,7.3513],[80.4212,7.3562],[80.427,7.3299],[80.4637,7.3029],[80.471,7.2954]]]}},{"type":"Feature","properties":{"name":"Udadumbara PS","district":"Kandy","province":"Central Province"},"geometry":{"type":"Polygon","coordinates":[[[80.8504,7.1909],[80.9229,7.202],[80.951,7.3114],[80.9163,7.3215],[80.9129,7.3632],[80.9281,7.386],[80.8623,7.44],[80.8802,7.4644],[80.8625,7.475],[80.8213,7.4614],[80.7896,7.4268],[80.8567,7.3213],[80.8421,7.2727],[80.8504,7.1909]]]}},{"type":"Feature","properties":{"name":"Udapalatha PS","district":"Kandy","province":"Central Province"},"geometry":{"type":"MultiPolygon","coordinates":[[[[80.5762,7.1533],[80.575,7.1134],[80.5572,7.093],[80.5546,7.0827],[80.5989,7.0756],[80.65,7.105],[80.6898,7.0931],[80.6968,7.1094],[80.7095,7.1257],[80.6662,7.1974],[80.6286,7.2385],[80.6041,7.2178],[80.6012,7.1944],[80.5756,7.1695],[80.5979,7.1538],[80.5762,7.1533]]],[[[80.5478,7.1823],[80.563,7.1679],[80.578,7.1748],[80.568,7.184],[80.5478,7.1823]]]]}},{"type":"Feature","properties":{"name":"Udunuwara PS","district":"Kandy","province":"Central Province"},"geometry":{"type":"Polygon","coordinates":[[[80.5478,7.1823],[80.568,7.184],[80.6012,7.1944],[80.6041,7.2178],[80.586,7.2553],[80.5595,7.2579],[80.5093,7.2475],[80.5215,7.2353],[80.5146,7.2067],[80.5433,7.1811],[80.5478,7.1823]]]}},{"type":"Feature","properties":{"name":"Yatinuwara PS","district":"Kandy","province":"Central Province"},"geometry":{"type":"Polygon","coordinates":[[[80.5081,7.2541],[80.4788,7.2681],[80.471,7.2954],[80.5485,7.317],[80.5639,7.3175],[80.606,7.2758],[80.5924,7.2772],[80.5936,7.2642],[80.586,7.2553],[80.5595,7.2579],[80.5673,7.268],[80.549,7.2774],[80.5081,7.2541]]]}},{"type":"Feature","properties":{"name":"Matale MC/ Matale PS","district":"Matale","province":"Central Province"},"geometry":{"type":"Polygon","coordinates":[[[80.6045,7.4483],[80.6174,7.4488],[80.6201,7.4456],[80.6174,7.4435],[80.6308,7.4431],[80.635,7.5001],[80.6063,7.5017],[80.6053,7.4848],[80.6025,7.4794],[80.6161,7.4764],[80.6056,7.4678],[80.6005,7.4691],[80.5995,7.4615],[80.6045,7.4483]]]}},{"type":"Feature","properties":{"name":"Dambulla MC","district":"Matale","province":"Central Province"},"geometry":{"type":"Polygon","coordinates":[[[80.6396,7.8355],[80.6753,7.8],[80.6857,7.897],[80.6791,7.9156],[80.6533,7.897],[80.6452,7.909],[80.6322,7.9002],[80.6216,7.8679],[80.6396,7.8355]]]}},{"type":"Feature","properties":{"name":"Ambanganga Korale PS","district":"Matale","province":"Central Province"},"geometry":{"type":"Polygon","coordinates":[[[80.6479,7.5275],[80.6525,7.5139],[80.6684,7.5309],[80.6861,7.5198],[80.7114,7.5498],[80.714,7.6032],[80.6743,7.5945],[80.6658,7.6121],[80.6402,7.5457],[80.6479,7.5275]]]}},{"type":"Feature","properties":{"name":"Dambulla PS","district":"Matale","province":"Central Province"},"geometry":{"type":"Polygon","coordinates":[[[80.6167,7.7514],[80.6244,7.7689],[80.6443,7.7467],[80.6673,7.7415],[80.6734,7.7558],[80.6888,7.7374],[80.7221,7.7875],[80.77,7.8024],[80.7963,7.8043],[80.8034,7.8224],[80.8177,7.9245],[80.8527,7.9626],[80.8326,7.9707],[80.8139,7.9828],[80.7996,7.9582],[80.7862,7.9619],[80.7786,7.9959],[80.7556,8.0115],[80.7014,7.9839],[80.682,7.9557],[80.6576,7.9594],[80.6452,7.909],[80.6533,7.897],[80.6791,7.9156],[80.6857,7.897],[80.6753,7.8],[80.6396,7.8355],[80.6127,7.8024],[80.6167,7.7514]]]}},{"type":"Feature","properties":{"name":"Galewela PS","district":"Matale","province":"Central Province"},"geometry":{"type":"Polygon","coordinates":[[[80.5538,7.6692],[80.5837,7.6713],[80.583,7.7006],[80.6173,7.7122],[80.6167,7.7514],[80.6127,7.8024],[80.6396,7.8355],[80.6216,7.8679],[80.6004,7.8555],[80.5744,7.8691],[80.5638,7.8487],[80.5013,7.8169],[80.4979,7.7834],[80.5195,7.7726],[80.5538,7.6692]]]}},{"type":"Feature","properties":{"name":"Laggala-Pallegama PS","district":"Matale","province":"Central Province"},"geometry":{"type":"Polygon","coordinates":[[[80.7896,7.4268],[80.8213,7.4614],[80.8625,7.475],[80.8802,7.4644],[80.8986,7.4749],[80.9121,7.4635],[80.912,7.4879],[80.8896,7.4842],[80.8819,7.5149],[80.8759,7.5746],[80.8945,7.5782],[80.8998,7.608],[80.8755,7.612],[80.8768,7.6829],[80.8526,7.7018],[80.8375,7.6805],[80.7921,7.6784],[80.7916,7.6148],[80.7504,7.6116],[80.7351,7.5955],[80.714,7.6032],[80.7114,7.5498],[80.7379,7.5219],[80.7299,7.475],[80.7896,7.4268]]]}},{"type":"Feature","properties":{"name":"Matale PS","district":"Matale","province":"Central Province"},"geometry":{"type":"MultiPolygon","coordinates":[[[[80.6063,7.5017],[80.635,7.5001],[80.635,7.5001],[80.6479,7.5275],[80.6402,7.5457],[80.6658,7.6121],[80.6622,7.6418],[80.6525,7.6375],[80.6247,7.6211],[80.6388,7.5907],[80.6087,7.5558],[80.6063,7.5017]]],[[[80.6201,7.4456],[80.6201,7.4456],[80.6174,7.4488],[80.6201,7.4456]]],[[[80.6056,7.4678],[80.6161,7.4764],[80.6025,7.4794],[80.6005,7.4691],[80.6056,7.4678]]],[[[80.6045,7.4483],[80.6045,7.4483],[80.5995,7.4615],[80.6045,7.4483]]]]}},{"type":"Feature","properties":{"name":"Naula PS","district":"Matale","province":"Central Province"},"geometry":{"type":"Polygon","coordinates":[[[80.6173,7.7122],[80.6303,7.6412],[80.6525,7.6375],[80.6622,7.6418],[80.6658,7.6121],[80.6743,7.5945],[80.714,7.6032],[80.7351,7.5955],[80.7504,7.6116],[80.7916,7.6148],[80.7921,7.6784],[80.7703,7.6916],[80.77,7.8024],[80.7221,7.7875],[80.6888,7.7374],[80.6734,7.7558],[80.6673,7.7415],[80.6443,7.7467],[80.6244,7.7689],[80.6167,7.7514],[80.6173,7.7122]]]}},{"type":"Feature","properties":{"name":"Pallepola PS","district":"Matale","province":"Central Province"},"geometry":{"type":"Polygon","coordinates":[[[80.5775,7.6043],[80.6388,7.5907],[80.6247,7.6211],[80.6525,7.6375],[80.6303,7.6412],[80.6173,7.7122],[80.583,7.7006],[80.5837,7.6713],[80.5538,7.6692],[80.5566,7.6344],[80.5678,7.6177],[80.5817,7.6168],[80.5775,7.6043]]]}},{"type":"Feature","properties":{"name":"Rattota PS","district":"Matale","province":"Central Province"},"geometry":{"type":"Polygon","coordinates":[[[80.6328,7.4711],[80.6432,7.4282],[80.6549,7.4518],[80.6563,7.4226],[80.6862,7.4234],[80.7044,7.4481],[80.7299,7.475],[80.7379,7.5219],[80.7114,7.5498],[80.6861,7.5198],[80.6684,7.5309],[80.6525,7.5139],[80.6479,7.5275],[80.635,7.5001],[80.6328,7.4711]]]}},{"type":"Feature","properties":{"name":"Ukuwela PS","district":"Matale","province":"Central Province"},"geometry":{"type":"Polygon","coordinates":[[[80.586,7.4304],[80.6564,7.3848],[80.6991,7.3868],[80.7143,7.4251],[80.7044,7.4481],[80.6862,7.4234],[80.6563,7.4226],[80.6549,7.4518],[80.6432,7.4282],[80.6328,7.4711],[80.6308,7.4431],[80.6174,7.4435],[80.6201,7.4456],[80.6174,7.4488],[80.6045,7.4483],[80.5995,7.4615],[80.6025,7.4794],[80.6053,7.4848],[80.5747,7.4833],[80.5656,7.4584],[80.586,7.4304]]]}},{"type":"Feature","properties":{"name":"Wilgamuwa PS","district":"Matale","province":"Central Province"},"geometry":{"type":"Polygon","coordinates":[[[80.9121,7.4635],[80.9314,7.4896],[80.9739,7.4884],[80.9795,7.6216],[80.9967,7.6597],[80.9885,7.7205],[80.8846,7.7143],[80.8768,7.6829],[80.8755,7.612],[80.8998,7.608],[80.8945,7.5782],[80.8759,7.5746],[80.8819,7.5149],[80.8896,7.4842],[80.912,7.4879],[80.9121,7.4635]]]}},{"type":"Feature","properties":{"name":"Yatawatta PS","district":"Matale","province":"Central Province"},"geometry":{"type":"MultiPolygon","coordinates":[[[[80.5747,7.4833],[80.6053,7.4848],[80.6087,7.5558],[80.6388,7.5907],[80.5775,7.6043],[80.5748,7.5748],[80.5525,7.5511],[80.5747,7.4833]]],[[[80.5775,7.606],[80.5817,7.6168],[80.5678,7.6177],[80.5775,7.606]]]]}},{"type":"Feature","properties":{"name":"Nuwara Eliya MC/ Nuwara Eliya PS","district":"Nuwara Eliya","province":"Central Province"},"geometry":{"type":"Polygon","coordinates":[[[80.7586,7.0075],[80.7508,6.9768],[80.7131,6.9728],[80.708,6.9697],[80.7083,6.9628],[80.7493,6.9542],[80.757,6.9717],[80.7676,6.9492],[80.8292,6.9273],[80.8352,6.9542],[80.7982,6.9669],[80.7855,7.0007],[80.7727,7.0022],[80.7586,7.0075]]]}},{"type":"Feature","properties":{"name":"Hatton - Dickoya UC/ Ambagamuwa PS","district":"Nuwara Eliya","province":"Central Province"},"geometry":{"type":"Polygon","coordinates":[[[80.5885,6.8784],[80.6405,6.8561],[80.6408,6.87],[80.6128,6.8741],[80.6234,6.8978],[80.5921,6.9127],[80.5891,6.9127],[80.578,6.8881],[80.5885,6.8784]]]}},{"type":"Feature","properties":{"name":"Thalawakale-Lindula UC/ Kotagala PS","district":"Nuwara Eliya","province":"Central Province"},"geometry":{"type":"Polygon","coordinates":[[[80.6925,6.9218],[80.6819,6.9336],[80.6954,6.9364],[80.7061,6.968],[80.6945,6.9692],[80.6871,6.9435],[80.6597,6.9589],[80.6625,6.9729],[80.6286,6.966],[80.6584,6.9461],[80.6306,6.9262],[80.6402,6.9079],[80.6866,6.9199],[80.7058,6.9078],[80.6925,6.9218]]]}},{"type":"Feature","properties":{"name":"Ambagamuwa PS","district":"Nuwara Eliya","province":"Central Province"},"geometry":{"type":"Polygon","coordinates":[[[80.437,6.955],[80.4311,6.9122],[80.4924,6.892],[80.4994,6.8658],[80.527,6.885],[80.5112,6.9008],[80.5226,6.9042],[80.5672,6.856],[80.5885,6.8784],[80.578,6.8881],[80.5891,6.9127],[80.5921,6.9127],[80.5792,6.9449],[80.5512,6.9415],[80.5168,6.9817],[80.5057,7.0223],[80.4748,7.0367],[80.4671,7.0223],[80.4321,6.9932],[80.437,6.955]]]}},{"type":"Feature","properties":{"name":"Hanguranketha PS","district":"Nuwara Eliya","province":"Central Province"},"geometry":{"type":"Polygon","coordinates":[[[80.7727,7.0022],[80.8204,7.0232],[80.8262,7.0668],[80.7938,7.0826],[80.806,7.1187],[80.8424,7.1531],[80.8463,7.1918],[80.8035,7.2034],[80.8016,7.2269],[80.7547,7.2733],[80.7543,7.252],[80.7712,7.1999],[80.6968,7.1094],[80.7382,7.0747],[80.7586,7.0075],[80.7727,7.0022]]]}},{"type":"Feature","properties":{"name":"Kothmale PS","district":"Nuwara Eliya","province":"Central Province"},"geometry":{"type":"Polygon","coordinates":[[[80.5922,6.9732],[80.6169,6.9864],[80.6286,6.966],[80.6625,6.9729],[80.6703,6.9777],[80.7322,6.9935],[80.7273,7.0123],[80.7586,7.0075],[80.7382,7.0747],[80.6968,7.1094],[80.6898,7.0931],[80.65,7.105],[80.5989,7.0756],[80.5546,7.0827],[80.5469,7.0769],[80.5382,7.0614],[80.559,7.0506],[80.6009,6.997],[80.5922,6.9732]]]}},{"type":"Feature","properties":{"name":"Nuwara Eliya PS","district":"Nuwara Eliya","province":"Central Province"},"geometry":{"type":"MultiPolygon","coordinates":[[[[80.7727,7.0022],[80.7855,7.0007],[80.7982,6.9669],[80.8352,6.9542],[80.864,6.9788],[80.8331,6.9948],[80.8204,7.0232],[80.7727,7.0022]]],[[[80.8373,6.8119],[80.8148,6.8283],[80.8373,6.8407],[80.8252,6.8752],[80.7763,6.9131],[80.8292,6.9273],[80.7676,6.9492],[80.757,6.9717],[80.7493,6.9542],[80.7083,6.9628],[80.708,6.9697],[80.7131,6.9728],[80.7508,6.9768],[80.7586,7.0075],[80.7273,7.0123],[80.7322,6.9935],[80.6703,6.9777],[80.6945,6.9692],[80.7061,6.968],[80.6954,6.9364],[80.7114,6.9238],[80.7516,6.9021],[80.7712,6.8872],[80.762,6.8731],[80.8065,6.8451],[80.7975,6.8168],[80.7667,6.7989],[80.7754,6.779],[80.7916,6.7732],[80.8086,6.7917],[80.8373,6.8119]]]]}},{"type":"Feature","properties":{"name":"Walapane PS","district":"Nuwara Eliya","province":"Central Province"},"geometry":{"type":"Polygon","coordinates":[[[80.8204,7.0232],[80.8331,6.9948],[80.864,6.9788],[80.9199,6.9903],[80.9314,7.0371],[80.9575,7.0631],[80.9515,7.1015],[80.9662,7.1223],[80.951,7.1297],[80.9627,7.1586],[80.9477,7.2002],[80.9229,7.202],[80.8504,7.1909],[80.8463,7.1918],[80.8424,7.1531],[80.806,7.1187],[80.7938,7.0826],[80.8262,7.0668],[80.8204,7.0232]]]}},{"type":"Feature","properties":{"name":"Maskeliya PS","district":"Nuwara Eliya","province":"Central Province"},"geometry":{"type":"MultiPolygon","coordinates":[[[[80.653,6.8167],[80.6463,6.8024],[80.6543,6.8],[80.6633,6.8111],[80.653,6.8167]]],[[[80.4951,6.832],[80.5016,6.809],[80.4856,6.7959],[80.5,6.7792],[80.6133,6.7598],[80.6629,6.7616],[80.6331,6.8089],[80.5672,6.856],[80.5226,6.9042],[80.5112,6.9008],[80.527,6.885],[80.4994,6.8658],[80.5111,6.8467],[80.4951,6.832]]]]}},{"type":"Feature","properties":{"name":"Noorwood PS","district":"Nuwara Eliya","province":"Central Province"},"geometry":{"type":"Polygon","coordinates":[[[80.5672,6.856],[80.6331,6.8089],[80.6629,6.7616],[80.7462,6.7572],[80.7754,6.779],[80.7667,6.7989],[80.7079,6.8002],[80.6637,6.8492],[80.6475,6.8488],[80.6534,6.8805],[80.6364,6.9046],[80.6234,6.8978],[80.6128,6.8741],[80.6408,6.87],[80.6405,6.8561],[80.5885,6.8784],[80.5672,6.856]],[[80.653,6.8167],[80.6633,6.8111],[80.6543,6.8],[80.6463,6.8024],[80.653,6.8167]]]}},{"type":"Feature","properties":{"name":"Agarapathana PS","district":"Nuwara Eliya","province":"Central Province"},"geometry":{"type":"Polygon","coordinates":[[[80.6364,6.9046],[80.6534,6.8805],[80.6475,6.8488],[80.6637,6.8492],[80.7079,6.8002],[80.7667,6.7989],[80.7975,6.8168],[80.8065,6.8451],[80.762,6.8731],[80.7712,6.8872],[80.7516,6.9021],[80.7114,6.9238],[80.6989,6.9341],[80.6925,6.9218],[80.7058,6.9078],[80.6866,6.9199],[80.6402,6.9079],[80.6364,6.9046]]]}},{"type":"Feature","properties":{"name":"Kotagala PS","district":"Nuwara Eliya","province":"Central Province"},"geometry":{"type":"MultiPolygon","coordinates":[[[[80.6989,6.9341],[80.6954,6.9364],[80.6819,6.9336],[80.6925,6.9218],[80.6989,6.9341]]],[[[80.6625,6.9729],[80.6597,6.9589],[80.6871,6.9435],[80.6945,6.9692],[80.6703,6.9777],[80.6625,6.9729]]],[[[80.6402,6.9079],[80.6306,6.9262],[80.6584,6.9461],[80.6286,6.966],[80.6169,6.9864],[80.5922,6.9732],[80.5758,6.9621],[80.5792,6.9449],[80.5921,6.9127],[80.6234,6.8978],[80.6402,6.9079]]]]}},{"type":"Feature","properties":{"name":"Galle MC","district":"Galle","province":"Southern Province"},"geometry":{"type":"Polygon","coordinates":[[[80.1736,6.0621],[80.2175,6.0236],[80.2246,6.0366],[80.2464,6.0265],[80.2341,6.0626],[80.1871,6.0524],[80.1751,6.0644],[80.1736,6.0621]]]}},{"type":"Feature","properties":{"name":"Ambalangoda UC","district":"Galle","province":"Southern Province"},"geometry":{"type":"Polygon","coordinates":[[[80.053,6.2283],[80.0702,6.2357],[80.0865,6.2465],[80.0634,6.2559],[80.0454,6.2453],[80.053,6.2283]]]}},{"type":"Feature","properties":{"name":"Hikkaduwa UC","district":"Galle","province":"Southern Province"},"geometry":{"type":"MultiPolygon","coordinates":[[[[80.0985,6.1471],[80.1306,6.0965],[80.1507,6.135],[80.1197,6.135],[80.1157,6.1486],[80.0985,6.1471]]],[[[80.099,6.1394],[80.0977,6.1368],[80.0984,6.1332],[80.099,6.1394]]]]}},{"type":"Feature","properties":{"name":"Akmeemana PS","district":"Galle","province":"Southern Province"},"geometry":{"type":"Polygon","coordinates":[[[80.2464,6.0265],[80.2623,6.0028],[80.2764,6.006],[80.2832,6.037],[80.2998,6.033],[80.3023,6.0555],[80.3276,6.0495],[80.3555,6.0725],[80.3444,6.0906],[80.2811,6.0852],[80.2552,6.0954],[80.2419,6.1045],[80.2322,6.0857],[80.2517,6.0621],[80.2341,6.0626],[80.2464,6.0265]]]}},{"type":"Feature","properties":{"name":"Ambalangoda PS","district":"Galle","province":"Southern Province"},"geometry":{"type":"Polygon","coordinates":[[[80.0702,6.2357],[80.0888,6.2143],[80.0883,6.178],[80.1154,6.171],[80.1157,6.1486],[80.1197,6.135],[80.1502,6.1354],[80.1408,6.1788],[80.1403,6.2164],[80.1358,6.249],[80.0865,6.2465],[80.0702,6.2357]]]}},{"type":"Feature","properties":{"name":"Baddegama PS","district":"Galle","province":"Southern Province"},"geometry":{"type":"Polygon","coordinates":[[[80.1836,6.0873],[80.2083,6.0991],[80.2132,6.116],[80.2419,6.1045],[80.2552,6.0954],[80.2811,6.0852],[80.2946,6.0998],[80.2947,6.1116],[80.3066,6.146],[80.2808,6.1334],[80.251,6.1518],[80.2373,6.1701],[80.2016,6.1921],[80.1775,6.175],[80.1408,6.1788],[80.1502,6.1354],[80.1753,6.1178],[80.1836,6.0873]]]}},{"type":"Feature","properties":{"name":"Balapitiya PS","district":"Galle","province":"Southern Province"},"geometry":{"type":"Polygon","coordinates":[[[80.0163,6.3583],[80.0454,6.2453],[80.0634,6.2559],[80.0626,6.2969],[80.0812,6.3247],[80.0684,6.3621],[80.048,6.3708],[80.0393,6.3548],[80.0163,6.3583]]]}},{"type":"Feature","properties":{"name":"Benthota PS","district":"Galle","province":"Southern Province"},"geometry":{"type":"Polygon","coordinates":[[[80.0163,6.3583],[80.0393,6.3548],[80.048,6.3708],[80.0684,6.3621],[80.0812,6.3794],[80.1359,6.3355],[80.1314,6.3658],[80.009,6.4372],[79.9979,6.4265],[79.9855,6.4436],[80.0163,6.3583]]]}},{"type":"Feature","properties":{"name":"Bope_Poddala PS","district":"Galle","province":"Southern Province"},"geometry":{"type":"Polygon","coordinates":[[[80.1751,6.0644],[80.1871,6.0524],[80.2341,6.0626],[80.2517,6.0621],[80.2322,6.0857],[80.2419,6.1045],[80.2132,6.116],[80.2083,6.0991],[80.1836,6.0873],[80.1751,6.0644]]]}},{"type":"Feature","properties":{"name":"Elpitiya PS","district":"Galle","province":"Southern Province"},"geometry":{"type":"Polygon","coordinates":[[[80.1483,6.263],[80.2016,6.205],[80.2343,6.2124],[80.2415,6.2184],[80.2459,6.2483],[80.2029,6.2865],[80.2407,6.3393],[80.2065,6.3597],[80.1314,6.3658],[80.1359,6.3355],[80.1301,6.2849],[80.1483,6.263]]]}},{"type":"Feature","properties":{"name":"Habaraduwa PS","district":"Galle","province":"Southern Province"},"geometry":{"type":"Polygon","coordinates":[[[80.2417,6.0285],[80.2432,6.0056],[80.3819,5.965],[80.3886,6.0038],[80.3656,6.0016],[80.3577,5.9914],[80.3548,6.0073],[80.2998,6.033],[80.2832,6.037],[80.2764,6.006],[80.2623,6.0028],[80.2464,6.0265],[80.2417,6.0285]]]}},{"type":"Feature","properties":{"name":"Rajgama PS","district":"Galle","province":"Southern Province"},"geometry":{"type":"MultiPolygon","coordinates":[[[[80.1306,6.0965],[80.1736,6.0621],[80.1836,6.0873],[80.1753,6.1178],[80.1507,6.135],[80.1306,6.0965]]],[[[80.053,6.2283],[80.0985,6.1471],[80.1157,6.1486],[80.1154,6.171],[80.0883,6.178],[80.0888,6.2143],[80.0702,6.2357],[80.053,6.2283]]]]}},{"type":"Feature","properties":{"name":"Karandeniya PS","district":"Galle","province":"Southern Province"},"geometry":{"type":"Polygon","coordinates":[[[80.0865,6.2465],[80.1358,6.249],[80.1483,6.263],[80.1301,6.2849],[80.1359,6.3355],[80.0812,6.3794],[80.0684,6.3621],[80.0812,6.3247],[80.0626,6.2969],[80.0634,6.2559],[80.0865,6.2465]]]}},{"type":"Feature","properties":{"name":"Nagoda PS","district":"Galle","province":"Southern Province"},"geometry":{"type":"Polygon","coordinates":[[[80.2649,6.1419],[80.2808,6.1334],[80.3066,6.146],[80.3828,6.1621],[80.4028,6.192],[80.3862,6.2198],[80.374,6.236],[80.3122,6.2435],[80.3033,6.2856],[80.2672,6.2787],[80.2777,6.2328],[80.2472,6.2032],[80.2373,6.1701],[80.251,6.1518],[80.2649,6.1419]]]}},{"type":"Feature","properties":{"name":"Neluwa PS","district":"Galle","province":"Southern Province"},"geometry":{"type":"Polygon","coordinates":[[[80.3769,6.3222],[80.4067,6.3349],[80.4537,6.2876],[80.4781,6.283],[80.496,6.2997],[80.4601,6.3508],[80.4958,6.3682],[80.4911,6.3803],[80.4213,6.391],[80.3809,6.4261],[80.3164,6.3995],[80.3769,6.3222]]]}},{"type":"Feature","properties":{"name":"Niyagama PS","district":"Galle","province":"Southern Province"},"geometry":{"type":"Polygon","coordinates":[[[80.2065,6.3597],[80.2407,6.3393],[80.2029,6.2865],[80.2459,6.2483],[80.2415,6.2184],[80.2486,6.2044],[80.2777,6.2328],[80.2672,6.2787],[80.3033,6.2856],[80.2991,6.3258],[80.239,6.377],[80.2171,6.3799],[80.2065,6.3597]]]}},{"type":"Feature","properties":{"name":"Thawalama PS","district":"Galle","province":"Southern Province"},"geometry":{"type":"Polygon","coordinates":[[[80.3033,6.2856],[80.3122,6.2435],[80.374,6.236],[80.3862,6.2198],[80.4249,6.2135],[80.4403,6.2267],[80.4412,6.2563],[80.3769,6.3222],[80.3164,6.3995],[80.3003,6.3969],[80.2893,6.3896],[80.3033,6.2856]]]}},{"type":"Feature","properties":{"name":"Yakkalamulla PS","district":"Galle","province":"Southern Province"},"geometry":{"type":"Polygon","coordinates":[[[80.2811,6.0852],[80.3444,6.0906],[80.3555,6.0725],[80.3677,6.0712],[80.3876,6.0533],[80.4123,6.0712],[80.4373,6.0942],[80.3867,6.1351],[80.3828,6.1621],[80.3066,6.146],[80.2947,6.1116],[80.2946,6.0998],[80.2811,6.0852]]]}},{"type":"Feature","properties":{"name":"Imaduwa PS","district":"Galle","province":"Southern Province"},"geometry":{"type":"Polygon","coordinates":[[[80.2998,6.033],[80.3548,6.0073],[80.3577,5.9914],[80.3656,6.0016],[80.3886,6.0038],[80.4241,6.0202],[80.3892,6.0362],[80.3876,6.0533],[80.3677,6.0712],[80.3555,6.0725],[80.3276,6.0495],[80.3023,6.0555],[80.2998,6.033]]]}},{"type":"Feature","properties":{"name":"Welivitiya_Divithura PS","district":"Galle","province":"Southern Province"},"geometry":{"type":"Polygon","coordinates":[[[80.1408,6.1788],[80.1775,6.175],[80.2016,6.1921],[80.2373,6.1701],[80.2486,6.2044],[80.2415,6.2184],[80.2343,6.2124],[80.2016,6.205],[80.1483,6.263],[80.1358,6.249],[80.1403,6.2164],[80.1408,6.1788]]]}},{"type":"Feature","properties":{"name":"Matara MC","district":"Matara","province":"Southern Province"},"geometry":{"type":"Polygon","coordinates":[[[80.5056,5.9372],[80.5827,5.9309],[80.5814,5.9418],[80.5506,5.9668],[80.5269,5.9753],[80.5226,5.9572],[80.5101,5.9667],[80.5049,5.9664],[80.5062,5.9638],[80.5039,5.952],[80.5056,5.9372]]]}},{"type":"Feature","properties":{"name":"Weligama UC","district":"Matara","province":"Southern Province"},"geometry":{"type":"Polygon","coordinates":[[[80.4227,5.9656],[80.4257,5.9698],[80.4407,5.9712],[80.424,5.9862],[80.4082,5.9583],[80.4227,5.9656]]]}},{"type":"Feature","properties":{"name":"Akuressa PS","district":"Matara","province":"Southern Province"},"geometry":{"type":"Polygon","coordinates":[[[80.4123,6.0712],[80.4423,6.0436],[80.4685,6.0454],[80.4746,6.063],[80.507,6.0586],[80.477,6.0905],[80.4843,6.1592],[80.4711,6.1831],[80.4525,6.1776],[80.4403,6.2267],[80.4249,6.2135],[80.3862,6.2198],[80.4028,6.192],[80.3828,6.1621],[80.3867,6.1351],[80.4373,6.0942],[80.4123,6.0712]]]}},{"type":"Feature","properties":{"name":"Devinuwara PS","district":"Matara","province":"Southern Province"},"geometry":{"type":"MultiPolygon","coordinates":[[[[80.5827,5.9309],[80.5921,5.9189],[80.6332,5.9461],[80.6314,5.9698],[80.6493,5.9761],[80.6412,6.0033],[80.6115,6.0265],[80.591,6.0177],[80.6072,6.0093],[80.5928,5.9966],[80.5963,5.984],[80.6121,5.9884],[80.6302,5.9823],[80.6193,5.9573],[80.6055,5.9668],[80.5993,5.9441],[80.5814,5.9418],[80.5827,5.9309]]],[[[80.6116,5.9282],[80.6116,5.9273],[80.6126,5.9283],[80.6116,5.9282]]]]}},{"type":"Feature","properties":{"name":"Dickwella PS","district":"Matara","province":"Southern Province"},"geometry":{"type":"Polygon","coordinates":[[[80.6332,5.9461],[80.722,5.96],[80.7238,5.9789],[80.7128,5.9888],[80.7041,5.9934],[80.6894,5.9922],[80.6947,6.0255],[80.6662,6.0245],[80.6412,6.0033],[80.6493,5.9761],[80.6314,5.9698],[80.6332,5.9461]]]}},{"type":"Feature","properties":{"name":"Hakmana PS","district":"Matara","province":"Southern Province"},"geometry":{"type":"Polygon","coordinates":[[[80.6156,6.0748],[80.6919,6.0709],[80.6816,6.0948],[80.6929,6.1242],[80.6628,6.1187],[80.6519,6.1332],[80.5935,6.0978],[80.6156,6.0748]]]}},{"type":"Feature","properties":{"name":"Kamburupitiya PS","district":"Matara","province":"Southern Province"},"geometry":{"type":"Polygon","coordinates":[[[80.5269,5.9753],[80.5506,5.9668],[80.5928,5.9966],[80.6072,6.0093],[80.591,6.0177],[80.6115,6.0265],[80.5867,6.0549],[80.6156,6.0748],[80.5935,6.0978],[80.5368,6.0952],[80.509,6.0558],[80.537,6.0077],[80.5069,5.9944],[80.5102,5.9808],[80.5269,5.9753]]]}},{"type":"Feature","properties":{"name":"Kotapola PS","district":"Matara","province":"Southern Province"},"geometry":{"type":"Polygon","coordinates":[[[80.5471,6.2361],[80.578,6.2631],[80.5577,6.3281],[80.612,6.3458],[80.621,6.3947],[80.5493,6.3961],[80.5336,6.3744],[80.4958,6.3682],[80.4601,6.3508],[80.496,6.2997],[80.4781,6.283],[80.4978,6.2729],[80.5159,6.227],[80.5471,6.2361]]]}},{"type":"Feature","properties":{"name":"Malimbada PS","district":"Matara","province":"Southern Province"},"geometry":{"type":"Polygon","coordinates":[[[80.4685,6.0454],[80.49,6.0197],[80.4719,6.01],[80.476,5.9967],[80.5049,5.9664],[80.5101,5.9667],[80.5102,5.9808],[80.5069,5.9944],[80.537,6.0077],[80.507,6.0586],[80.4746,6.063],[80.4685,6.0454]]]}},{"type":"Feature","properties":{"name":"Matara PS","district":"Matara","province":"Southern Province"},"geometry":{"type":"MultiPolygon","coordinates":[[[[80.5814,5.9418],[80.5993,5.9441],[80.6055,5.9668],[80.6193,5.9573],[80.6302,5.9823],[80.6121,5.9884],[80.5963,5.984],[80.5928,5.9966],[80.5506,5.9668],[80.5814,5.9418]]],[[[80.5101,5.9667],[80.5226,5.9572],[80.5269,5.9753],[80.5102,5.9808],[80.5101,5.9667]]],[[[80.5039,5.952],[80.5039,5.952],[80.5062,5.9638],[80.5039,5.952]]]]}},{"type":"Feature","properties":{"name":"Mulatiyana PS","district":"Matara","province":"Southern Province"},"geometry":{"type":"Polygon","coordinates":[[[80.5368,6.0952],[80.5935,6.0978],[80.6519,6.1332],[80.662,6.1684],[80.6115,6.1902],[80.5514,6.2002],[80.5266,6.1668],[80.5368,6.0952]]]}},{"type":"Feature","properties":{"name":"Pasgoda PS","district":"Matara","province":"Southern Province"},"geometry":{"type":"Polygon","coordinates":[[[80.5514,6.2002],[80.6115,6.1902],[80.6295,6.241],[80.662,6.26],[80.657,6.3025],[80.6707,6.3055],[80.6624,6.3543],[80.612,6.3458],[80.5577,6.3281],[80.578,6.2631],[80.5471,6.2361],[80.5514,6.2002]]]}},{"type":"Feature","properties":{"name":"Weligama PS","district":"Matara","province":"Southern Province"},"geometry":{"type":"MultiPolygon","coordinates":[[[[80.4082,5.9583],[80.424,5.9862],[80.4407,5.9712],[80.4537,5.9412],[80.5056,5.9372],[80.5039,5.952],[80.5062,5.9638],[80.5049,5.9664],[80.476,5.9967],[80.4719,6.01],[80.49,6.0197],[80.4685,6.0454],[80.4423,6.0436],[80.4123,6.0712],[80.3876,6.0533],[80.3892,6.0362],[80.4241,6.0202],[80.3886,6.0038],[80.3819,5.965],[80.4082,5.9583]]],[[[80.4261,5.968],[80.4257,5.9683],[80.4255,5.968],[80.4259,5.9676],[80.4261,5.968]]],[[[80.4227,5.9656],[80.4227,5.9656],[80.4257,5.9698],[80.4227,5.9656]]]]}},{"type":"Feature","properties":{"name":"Pitadeddara PS","district":"Matara","province":"Southern Province"},"geometry":{"type":"Polygon","coordinates":[[[80.4403,6.2267],[80.4525,6.1776],[80.4711,6.1831],[80.4843,6.1592],[80.4976,6.1761],[80.5266,6.1668],[80.5514,6.2002],[80.5471,6.2361],[80.5159,6.227],[80.4978,6.2729],[80.4781,6.283],[80.4537,6.2876],[80.4067,6.3349],[80.3769,6.3222],[80.4412,6.2563],[80.4403,6.2267]]]}},{"type":"Feature","properties":{"name":"Athuraliya PS","district":"Matara","province":"Southern Province"},"geometry":{"type":"Polygon","coordinates":[[[80.4843,6.1592],[80.477,6.0905],[80.509,6.0558],[80.5368,6.0952],[80.5266,6.1668],[80.4976,6.1761],[80.4843,6.1592]]]}},{"type":"Feature","properties":{"name":"Kirinda Puhulwella PS","district":"Matara","province":"Southern Province"},"geometry":{"type":"Polygon","coordinates":[[[80.6115,6.0265],[80.6412,6.0033],[80.6662,6.0245],[80.6581,6.0474],[80.6919,6.0709],[80.6156,6.0748],[80.5867,6.0549],[80.6115,6.0265]]]}},{"type":"Feature","properties":{"name":"Hambantota MC","district":"Hambantota","province":"Southern Province"},"geometry":{"type":"Polygon","coordinates":[[[81.0813,6.1124],[81.1307,6.1214],[81.1862,6.1585],[81.1468,6.2031],[81.1465,6.2294],[81.1058,6.2221],[81.0952,6.181],[81.0633,6.1667],[81.0813,6.1124]]]}},{"type":"Feature","properties":{"name":"Tangalle UC","district":"Hambantota","province":"Southern Province"},"geometry":{"type":"Polygon","coordinates":[[[80.7906,6.0188],[80.8023,6.0342],[80.7901,6.0463],[80.7906,6.0188]]]}},{"type":"Feature","properties":{"name":"Ambalantota PS","district":"Hambantota","province":"Southern Province"},"geometry":{"type":"Polygon","coordinates":[[[80.8944,6.1373],[80.8987,6.1005],[80.9326,6.0756],[81.0341,6.1109],[81.0232,6.1383],[81.0383,6.1372],[81.0219,6.1625],[81.0198,6.1629],[81.0301,6.1935],[81.0148,6.1962],[80.9962,6.2433],[80.9525,6.2405],[80.94,6.2288],[80.9092,6.2386],[80.9137,6.1691],[80.8944,6.1373]]]}},{"type":"Feature","properties":{"name":"Angunakolapelessa PS","district":"Hambantota","province":"Southern Province"},"geometry":{"type":"Polygon","coordinates":[[[80.8055,6.1229],[80.8944,6.1373],[80.9137,6.1691],[80.9092,6.2386],[80.8818,6.2461],[80.8636,6.275],[80.8067,6.2674],[80.7955,6.23],[80.8425,6.2064],[80.843,6.1969],[80.8034,6.1745],[80.7871,6.1909],[80.7789,6.1824],[80.7842,6.1334],[80.8055,6.1229]]]}},{"type":"Feature","properties":{"name":"Beliatta PS","district":"Hambantota","province":"Southern Province"},"geometry":{"type":"Polygon","coordinates":[[[80.7041,5.9934],[80.7128,5.9888],[80.7739,6.0278],[80.7739,6.0477],[80.7521,6.0558],[80.7698,6.0955],[80.7451,6.1166],[80.7225,6.0972],[80.6816,6.0948],[80.6919,6.0709],[80.6581,6.0474],[80.6662,6.0245],[80.6947,6.0255],[80.6894,5.9922],[80.7041,5.9934]]]}},{"type":"Feature","properties":{"name":"Hambantota PS","district":"Hambantota","province":"Southern Province"},"geometry":{"type":"Polygon","coordinates":[[[81.0158,6.1039],[81.0813,6.1124],[81.0633,6.1667],[81.0952,6.181],[81.1058,6.2221],[81.1465,6.2294],[81.1468,6.2031],[81.1862,6.1585],[81.2931,6.1948],[81.2963,6.2156],[81.2566,6.2247],[81.189,6.1959],[81.1678,6.241],[81.1871,6.2614],[81.1832,6.2841],[81.1425,6.2909],[81.1219,6.2748],[81.1163,6.2976],[81.0964,6.2952],[81.082,6.3377],[81.0475,6.321],[81.0742,6.2304],[81.0301,6.1935],[81.0198,6.1629],[81.0219,6.1625],[81.0383,6.1372],[81.0232,6.1383],[81.0341,6.1109],[81.0158,6.1039]]]}},{"type":"Feature","properties":{"name":"Katuwana PS","district":"Hambantota","province":"Southern Province"},"geometry":{"type":"Polygon","coordinates":[[[80.6115,6.1902],[80.662,6.1684],[80.6959,6.188],[80.6905,6.2028],[80.724,6.2034],[80.7213,6.2434],[80.7573,6.2484],[80.7955,6.23],[80.8067,6.2674],[80.6891,6.3082],[80.657,6.3025],[80.662,6.26],[80.6295,6.241],[80.6115,6.1902]]]}},{"type":"Feature","properties":{"name":"Lunugamvehera PS","district":"Hambantota","province":"Southern Province"},"geometry":{"type":"MultiPolygon","coordinates":[[[[81.2511,6.3402],[81.2901,6.2972],[81.2998,6.34],[81.2785,6.3657],[81.2511,6.3402]]],[[[81.082,6.3377],[81.0964,6.2952],[81.1163,6.2976],[81.1219,6.2748],[81.1425,6.2909],[81.1832,6.2841],[81.1871,6.2614],[81.1678,6.241],[81.189,6.1959],[81.2216,6.2093],[81.2095,6.2155],[81.2275,6.2338],[81.2332,6.2878],[81.2206,6.3069],[81.243,6.3405],[81.2251,6.3439],[81.1913,6.402],[81.1457,6.3972],[81.138,6.4234],[81.0733,6.4227],[81.0626,6.41],[81.0503,6.4206],[81.0461,6.3982],[81.082,6.3377]]]]}},{"type":"Feature","properties":{"name":"Tangalle PS","district":"Hambantota","province":"Southern Province"},"geometry":{"type":"Polygon","coordinates":[[[80.7238,5.9789],[80.7373,5.9718],[80.7487,5.9987],[80.7906,6.0188],[80.7901,6.0463],[80.8023,6.0342],[80.8609,6.0423],[80.8716,6.0585],[80.9326,6.0756],[80.8987,6.1005],[80.8944,6.1373],[80.8055,6.1229],[80.8065,6.11],[80.7704,6.0958],[80.7521,6.0558],[80.7739,6.0477],[80.7739,6.0278],[80.7128,5.9888],[80.7238,5.9789]]]}},{"type":"Feature","properties":{"name":"Thissamaharama PS","district":"Hambantota","province":"Southern Province"},"geometry":{"type":"Polygon","coordinates":[[[81.2216,6.2093],[81.2566,6.2247],[81.2963,6.2156],[81.2931,6.1948],[81.3242,6.1988],[81.3413,6.2236],[81.4014,6.2504],[81.4392,6.2942],[81.4813,6.3107],[81.5088,6.3535],[81.5665,6.3726],[81.707,6.5107],[81.6386,6.5422],[81.6085,6.5801],[81.6,6.5606],[81.5658,6.5544],[81.4812,6.4955],[81.4755,6.4086],[81.3944,6.417],[81.3819,6.3971],[81.2785,6.3657],[81.2998,6.34],[81.2901,6.2972],[81.2511,6.3402],[81.243,6.3405],[81.2206,6.3069],[81.2332,6.2878],[81.2275,6.2338],[81.2095,6.2155],[81.2216,6.2093]]]}},{"type":"Feature","properties":{"name":"Weeraketiya PS","district":"Hambantota","province":"Southern Province"},"geometry":{"type":"Polygon","coordinates":[[[80.6816,6.0948],[80.7225,6.0972],[80.7451,6.1166],[80.7698,6.0955],[80.8065,6.11],[80.8055,6.1229],[80.7842,6.1334],[80.7789,6.1824],[80.7871,6.1909],[80.8034,6.1745],[80.843,6.1969],[80.8425,6.2064],[80.7573,6.2484],[80.7213,6.2434],[80.724,6.2034],[80.6905,6.2028],[80.6959,6.188],[80.662,6.1684],[80.6519,6.1332],[80.6628,6.1187],[80.6929,6.1242],[80.6816,6.0948]]]}},{"type":"Feature","properties":{"name":"Sooriyawewa PS","district":"Hambantota","province":"Southern Province"},"geometry":{"type":"Polygon","coordinates":[[[80.9525,6.2405],[80.9962,6.2433],[81.0148,6.1962],[81.0301,6.1935],[81.0742,6.2304],[81.0475,6.321],[81.082,6.3377],[81.0461,6.3982],[81.0131,6.3948],[81.0195,6.3516],[80.953,6.3168],[80.9321,6.2862],[80.9525,6.2405]]]}},{"type":"Feature","properties":{"name":"Jaffna MC","district":"Jaffna","province":"Northern Province"},"geometry":{"type":"Polygon","coordinates":[[[79.9995,9.6544],[80.0535,9.6475],[80.0766,9.6594],[80.0694,9.6639],[80.0424,9.6736],[80.0024,9.6973],[79.9966,9.689],[79.9995,9.6544]]]}},{"type":"Feature","properties":{"name":"Chavakachcheri UC","district":"Jaffna","province":"Northern Province"},"geometry":{"type":"MultiPolygon","coordinates":[[[[80.1551,9.6461],[80.1828,9.6512],[80.1998,9.6736],[80.1627,9.6894],[80.128,9.6523],[80.1551,9.6461]]],[[[80.1651,9.6555],[80.1651,9.6562],[80.1641,9.6553],[80.1651,9.6555]]],[[[80.1619,9.6521],[80.1613,9.6522],[80.1613,9.6517],[80.1619,9.6521]]]]}},{"type":"Feature","properties":{"name":"Point Pedro UC","district":"Jaffna","province":"Northern Province"},"geometry":{"type":"Polygon","coordinates":[[[80.258,9.8103],[80.2305,9.8304],[80.2251,9.8208],[80.258,9.8103]]]}},{"type":"Feature","properties":{"name":"Valvettiturai UC/ Vadamaradchi South West PS","district":"Jaffna","province":"Northern Province"},"geometry":{"type":"Polygon","coordinates":[[[80.1291,9.8092],[80.1752,9.8204],[80.1885,9.8278],[80.1339,9.8201],[80.1291,9.8092]]]}},{"type":"Feature","properties":{"name":"Chavakachcheri PS","district":"Jaffna","province":"Northern Province"},"geometry":{"type":"MultiPolygon","coordinates":[[[[80.1551,9.6461],[80.128,9.6523],[80.1627,9.6894],[80.1998,9.6736],[80.1828,9.6512],[80.2575,9.6133],[80.2567,9.6115],[80.2994,9.6849],[80.2559,9.7227],[80.2393,9.7606],[80.222,9.7598],[80.206,9.7266],[80.165,9.7328],[80.1444,9.7135],[80.0999,9.7093],[80.0694,9.6639],[80.1428,9.6237],[80.1704,9.5986],[80.2003,9.5806],[80.2087,9.5837],[80.1804,9.5928],[80.1861,9.6025],[80.17,9.6086],[80.182,9.6229],[80.1607,9.6227],[80.173,9.6364],[80.1551,9.6461]]],[[[80.2016,9.5927],[80.2034,9.5926],[80.1961,9.5946],[80.2016,9.5927]]],[[[80.2024,9.6275],[80.1988,9.627],[80.2007,9.6255],[80.2024,9.6275]]],[[[80.2028,9.64],[80.199,9.6393],[80.2014,9.6389],[80.2028,9.64]]],[[[80.2019,9.6174],[80.2018,9.6181],[80.2015,9.6174],[80.2019,9.6174]]],[[[80.1964,9.5959],[80.201,9.5949],[80.1978,9.597],[80.1964,9.5959]]],[[[80.1965,9.592],[80.1936,9.5921],[80.1994,9.5898],[80.1965,9.592]]],[[[80.1972,9.6024],[80.1946,9.6022],[80.1943,9.5993],[80.199,9.6021],[80.1972,9.6024]]],[[[80.1964,9.6418],[80.1956,9.6425],[80.1988,9.6395],[80.1964,9.6418]]],[[[80.1969,9.5994],[80.1957,9.5987],[80.1974,9.5993],[80.1969,9.5994]]],[[[80.1954,9.5989],[80.1959,9.5991],[80.1945,9.5984],[80.1954,9.5989]]],[[[80.1948,9.6442],[80.195,9.6433],[80.1956,9.6426],[80.1948,9.6442]]],[[[80.1932,9.6183],[80.1905,9.6205],[80.1916,9.6186],[80.1932,9.6183]]],[[[80.1916,9.6237],[80.1942,9.623],[80.1938,9.6242],[80.1916,9.6237]]],[[[80.1857,9.5954],[80.1929,9.5962],[80.1931,9.602],[80.1858,9.5994],[80.1857,9.5954]]],[[[80.1927,9.5998],[80.193,9.5996],[80.1931,9.6003],[80.1927,9.5998]]],[[[80.1792,9.6068],[80.1871,9.6052],[80.1924,9.6134],[80.1881,9.6139],[80.1792,9.6068]]],[[[80.1931,9.6181],[80.1929,9.6181],[80.1931,9.6179],[80.1931,9.6181]]],[[[80.1925,9.618],[80.1927,9.6181],[80.1923,9.6182],[80.1925,9.618]]],[[[80.1785,9.6087],[80.1822,9.6119],[80.1919,9.6151],[80.187,9.6178],[80.1785,9.6087]]],[[[80.1903,9.5943],[80.1915,9.5945],[80.1878,9.5949],[80.1903,9.5943]]],[[[80.1911,9.6228],[80.1879,9.6236],[80.1911,9.6218],[80.1911,9.6228]]],[[[80.1866,9.6221],[80.1873,9.6228],[80.1859,9.6234],[80.1866,9.6221]]],[[[80.1831,9.6158],[80.1805,9.616],[80.1801,9.6141],[80.1828,9.6139],[80.1831,9.6158]]],[[[80.1817,9.6282],[80.1815,9.6279],[80.1818,9.628],[80.1817,9.6282]]],[[[80.1815,9.6041],[80.1816,9.6044],[80.1813,9.6043],[80.1815,9.6041]]],[[[80.1813,9.6172],[80.1809,9.618],[80.1811,9.6162],[80.1813,9.6172]]],[[[80.1811,9.6287],[80.18,9.6302],[80.1801,9.6296],[80.1811,9.6287]]],[[[80.181,9.6058],[80.181,9.6055],[80.1812,9.6055],[80.181,9.6058]]],[[[80.181,9.6048],[80.1809,9.6048],[80.1808,9.6046],[80.181,9.6048]]],[[[80.1808,9.6048],[80.1809,9.605],[80.1805,9.6049],[80.1808,9.6048]]],[[[80.1806,9.605],[80.1808,9.6051],[80.1805,9.6051],[80.1806,9.605]]],[[[80.1796,9.6055],[80.1807,9.6053],[80.1798,9.6059],[80.1796,9.6055]]],[[[80.1803,9.6059],[80.1804,9.6059],[80.1804,9.6061],[80.1803,9.6059]]],[[[80.1786,9.6053],[80.1789,9.6048],[80.1791,9.6048],[80.1786,9.6053]]],[[[80.1786,9.6067],[80.1786,9.6066],[80.179,9.6066],[80.1786,9.6067]]],[[[80.1785,9.6058],[80.1785,9.6057],[80.1787,9.6057],[80.1785,9.6058]]],[[[80.1782,9.6262],[80.1782,9.6255],[80.1785,9.6258],[80.1782,9.6262]]],[[[80.1769,9.63],[80.1768,9.6293],[80.1785,9.6293],[80.1769,9.63]]],[[[80.1779,9.6043],[80.1784,9.6047],[80.1777,9.605],[80.1779,9.6043]]],[[[80.1777,9.6065],[80.178,9.6062],[80.178,9.6064],[80.1777,9.6065]]],[[[80.1776,9.6067],[80.1778,9.6067],[80.1776,9.6068],[80.1776,9.6067]]],[[[80.177,9.6057],[80.1774,9.6059],[80.1773,9.6062],[80.177,9.6057]]],[[[80.1752,9.628],[80.1756,9.6287],[80.1752,9.6284],[80.1752,9.628]]],[[[80.1747,9.6325],[80.1739,9.6312],[80.1748,9.6316],[80.1747,9.6325]]],[[[80.1643,9.6407],[80.168,9.6392],[80.1734,9.6433],[80.1686,9.6472],[80.1643,9.6407]]],[[[80.1659,9.6381],[80.1621,9.6404],[80.163,9.6366],[80.1659,9.6381]]],[[[80.1653,9.6487],[80.1648,9.6486],[80.1656,9.6486],[80.1653,9.6487]]],[[[80.1639,9.6458],[80.1655,9.6459],[80.1642,9.6466],[80.1639,9.6458]]],[[[80.1625,9.6486],[80.1638,9.648],[80.1631,9.6497],[80.1625,9.6486]]],[[[80.1626,9.6447],[80.1632,9.6449],[80.1627,9.645],[80.1626,9.6447]]],[[[80.1616,9.6447],[80.1626,9.6457],[80.1602,9.6456],[80.1616,9.6447]]],[[[80.1599,9.6468],[80.1615,9.6475],[80.1599,9.6479],[80.1599,9.6468]]],[[[80.0792,9.6525],[80.0794,9.6528],[80.0789,9.6527],[80.0792,9.6525]]]]}},{"type":"Feature","properties":{"name":"Delft PS","district":"Jaffna","province":"Northern Province"},"geometry":{"type":"MultiPolygon","coordinates":[[[[79.715,9.5297],[79.6704,9.554],[79.6509,9.547],[79.6548,9.5052],[79.7201,9.4747],[79.7315,9.4923],[79.715,9.5297]]],[[[79.5263,9.3928],[79.5214,9.3887],[79.5283,9.3833],[79.5302,9.388],[79.5263,9.3928]]]]}},{"type":"Feature","properties":{"name":"Kayts PS","district":"Jaffna","province":"Northern Province"},"geometry":{"type":"MultiPolygon","coordinates":[[[[79.8968,9.6754],[79.8864,9.6993],[79.8408,9.7028],[79.8754,9.6359],[79.8968,9.6754]]],[[[79.859,9.6419],[79.8572,9.6418],[79.8601,9.6403],[79.859,9.6419]]],[[[79.8584,9.6397],[79.8573,9.64],[79.8578,9.6394],[79.8584,9.6397]]],[[[79.8116,9.6856],[79.8143,9.6891],[79.8143,9.7161],[79.8076,9.6955],[79.8116,9.6856]]],[[[79.791,9.6871],[79.7935,9.6783],[79.7935,9.6887],[79.791,9.6871]]],[[[79.7778,9.6557],[79.7829,9.6873],[79.7636,9.6586],[79.7748,9.6441],[79.7778,9.6557]]]]}},{"type":"Feature","properties":{"name":"Nallur PS","district":"Jaffna","province":"Northern Province"},"geometry":{"type":"MultiPolygon","coordinates":[[[[80.0766,9.6594],[80.0535,9.6475],[80.1346,9.6088],[80.0774,9.6442],[80.0766,9.6594]]],[[[80.0924,9.6421],[80.0814,9.6472],[80.0858,9.6427],[80.0924,9.6421]]],[[[80.0833,9.6441],[80.0831,9.6443],[80.0821,9.6439],[80.0833,9.6441]]],[[[80.077,9.6519],[80.0771,9.6523],[80.0771,9.6509],[80.077,9.6519]]],[[[80.0138,9.6915],[80.0424,9.6736],[80.0452,9.7069],[80.0317,9.713],[80.0063,9.7029],[80.0024,9.6973],[80.0138,9.6915]]]]}},{"type":"Feature","properties":{"name":"Point Pedro PS","district":"Jaffna","province":"Northern Province"},"geometry":{"type":"Polygon","coordinates":[[[80.2393,9.7606],[80.2559,9.7227],[80.2994,9.6849],[80.4412,9.5784],[80.4493,9.5259],[80.4726,9.5185],[80.6172,9.4521],[80.6228,9.4588],[80.359,9.6674],[80.258,9.8103],[80.2251,9.8208],[80.2305,9.8304],[80.1885,9.8278],[80.1752,9.8204],[80.2206,9.8156],[80.2393,9.7606]]]}},{"type":"Feature","properties":{"name":"Vadamaradchi South West PS","district":"Jaffna","province":"Northern Province"},"geometry":{"type":"Polygon","coordinates":[[[80.165,9.7328],[80.206,9.7266],[80.222,9.7598],[80.2393,9.7606],[80.2206,9.8156],[80.1752,9.8204],[80.1291,9.8092],[80.129,9.7856],[80.165,9.7328]]]}},{"type":"Feature","properties":{"name":"Valikamam East PS","district":"Jaffna","province":"Northern Province"},"geometry":{"type":"Polygon","coordinates":[[[80.0694,9.6639],[80.0999,9.7093],[80.1444,9.7135],[80.165,9.7328],[80.129,9.7856],[80.1291,9.8092],[80.1339,9.8201],[80.1,9.809],[80.0861,9.7641],[80.0557,9.7454],[80.0317,9.713],[80.0452,9.7069],[80.0424,9.6736],[80.0694,9.6639]]]}},{"type":"Feature","properties":{"name":"Valikamam North PS","district":"Jaffna","province":"Northern Province"},"geometry":{"type":"Polygon","coordinates":[[[80.0035,9.7566],[80.029,9.7533],[80.0473,9.7748],[80.0861,9.7641],[80.1,9.809],[80.0303,9.8234],[79.9844,9.81],[80.001,9.7875],[79.9958,9.7654],[80.0035,9.7566]]]}},{"type":"Feature","properties":{"name":"Valikamam South PS","district":"Jaffna","province":"Northern Province"},"geometry":{"type":"Polygon","coordinates":[[[80.0063,9.7029],[80.0317,9.713],[80.0557,9.7454],[80.0861,9.7641],[80.0473,9.7748],[80.029,9.7533],[80.0035,9.7566],[79.9901,9.741],[80.0063,9.7029]]]}},{"type":"Feature","properties":{"name":"Valikamam South West PS","district":"Jaffna","province":"Northern Province"},"geometry":{"type":"Polygon","coordinates":[[[79.9672,9.7051],[79.9806,9.6847],[79.9966,9.689],[80.0063,9.7029],[79.9901,9.741],[80.0035,9.7566],[79.9958,9.7654],[80.001,9.7875],[79.9844,9.81],[79.9429,9.7863],[79.9623,9.7584],[79.9874,9.7652],[79.9845,9.7535],[79.9795,9.7492],[79.9672,9.7051]]]}},{"type":"Feature","properties":{"name":"Valikamam West PS","district":"Jaffna","province":"Northern Province"},"geometry":{"type":"MultiPolygon","coordinates":[[[[79.8988,9.7415],[79.9248,9.7398],[79.9451,9.6893],[79.9672,9.7051],[79.9795,9.7492],[79.9845,9.7535],[79.9874,9.7652],[79.9623,9.7584],[79.9429,9.7863],[79.9103,9.7747],[79.92,9.7443],[79.8988,9.7415]]],[[[79.9062,9.7517],[79.9036,9.7496],[79.908,9.7454],[79.9097,9.7484],[79.9062,9.7517]]]]}},{"type":"Feature","properties":{"name":"Velanai PS","district":"Jaffna","province":"Northern Province"},"geometry":{"type":"MultiPolygon","coordinates":[[[[80.0125,9.6414],[80.0078,9.6474],[80.003,9.6489],[80.0047,9.6456],[80.0125,9.6414]]],[[[79.8754,9.6359],[79.8925,9.6237],[79.8624,9.6072],[79.8444,9.6194],[79.8222,9.6101],[79.8126,9.6269],[79.8088,9.5901],[79.8,9.5891],[79.7898,9.6011],[79.7922,9.5978],[79.7924,9.5895],[79.7966,9.5922],[79.7956,9.5893],[79.7921,9.5888],[79.7919,9.5838],[79.8572,9.5682],[79.8622,9.607],[79.9202,9.6332],[79.9698,9.6126],[79.983,9.621],[79.9776,9.6052],[79.9648,9.6083],[79.9754,9.6001],[79.9878,9.5973],[80.0062,9.6152],[79.9995,9.6544],[79.9839,9.6198],[79.9809,9.6222],[79.9845,9.6352],[79.9241,9.6598],[79.9304,9.6815],[79.8968,9.6754],[79.8754,9.6359]]],[[[80.0073,9.6195],[80.0067,9.6203],[80.0067,9.6197],[80.0073,9.6195]]],[[[80.0059,9.6332],[79.9984,9.634],[80.0042,9.6292],[80.0059,9.6332]]],[[[80.0062,9.6182],[80.0062,9.6186],[80.0048,9.6185],[80.0062,9.6182]]],[[[80.0058,9.641],[80.0054,9.6414],[80.0044,9.6417],[80.0058,9.641]]],[[[80.0009,9.645],[79.9987,9.6445],[80.0039,9.642],[80.0009,9.645]]],[[[79.9901,9.653],[79.9925,9.6527],[79.9905,9.6542],[79.9901,9.653]]],[[[79.9898,9.6438],[79.9907,9.6434],[79.9897,9.6442],[79.9898,9.6438]]],[[[79.9845,9.6425],[79.9873,9.6389],[79.9884,9.6397],[79.9878,9.642],[79.9845,9.6425]]],[[[79.9846,9.6322],[79.9828,9.6304],[79.9838,9.6296],[79.9846,9.6322]]],[[[79.9827,9.6222],[79.9822,9.6222],[79.9826,9.6219],[79.9827,9.6222]]],[[[79.9819,9.6138],[79.9827,9.6138],[79.9824,9.6147],[79.9819,9.6138]]],[[[79.9826,9.6173],[79.9824,9.6172],[79.9824,9.617],[79.9826,9.6173]]],[[[79.9824,9.6218],[79.9823,9.6217],[79.9825,9.6218],[79.9824,9.6218]]],[[[79.9825,9.6134],[79.982,9.6134],[79.9823,9.613],[79.9825,9.6134]]],[[[79.9821,9.6162],[79.9823,9.6167],[79.982,9.6163],[79.9821,9.6162]]],[[[79.982,9.6168],[79.9822,9.6169],[79.9822,9.6172],[79.982,9.6168]]],[[[79.9816,9.622],[79.9813,9.6222],[79.9814,9.6221],[79.9816,9.622]]],[[[79.9694,9.6083],[79.9695,9.608],[79.9702,9.6079],[79.9694,9.6083]]],[[[79.9681,9.6088],[79.9667,9.6091],[79.9678,9.608],[79.9681,9.6088]]],[[[79.9388,9.6776],[79.939,9.6767],[79.9397,9.6766],[79.9388,9.6776]]],[[[79.9388,9.6738],[79.9397,9.6743],[79.9394,9.6745],[79.9388,9.6738]]],[[[79.9374,9.6745],[79.9391,9.6745],[79.9383,9.6762],[79.9374,9.6745]]],[[[79.9355,9.6789],[79.9368,9.6771],[79.9382,9.6772],[79.9355,9.6789]]],[[[79.9372,9.6768],[79.9342,9.6729],[79.9358,9.6651],[79.9372,9.6768]]],[[[79.9345,9.6691],[79.935,9.6691],[79.935,9.6696],[79.9345,9.6691]]],[[[79.9333,9.667],[79.9346,9.6697],[79.9325,9.668],[79.9333,9.667]]],[[[79.9345,9.6672],[79.9342,9.6672],[79.9342,9.6664],[79.9345,9.6672]]],[[[79.9335,9.6698],[79.934,9.6704],[79.933,9.67],[79.9335,9.6698]]],[[[79.9152,9.6801],[79.917,9.6793],[79.9168,9.6808],[79.9152,9.6801]]],[[[79.9052,9.6776],[79.9059,9.6774],[79.9053,9.6778],[79.9052,9.6776]]],[[[79.8619,9.6249],[79.8612,9.6236],[79.8639,9.6253],[79.8619,9.6249]]],[[[79.853,9.6275],[79.8569,9.6201],[79.8609,9.6181],[79.8551,9.6352],[79.853,9.6275]]],[[[79.8617,9.6186],[79.8591,9.6181],[79.8602,9.6168],[79.8617,9.6186]]],[[[79.8604,9.6166],[79.86,9.617],[79.86,9.6165],[79.8604,9.6166]]],[[[79.8585,9.6172],[79.8588,9.6167],[79.8583,9.6177],[79.8585,9.6172]]],[[[79.8541,9.6165],[79.8553,9.6171],[79.852,9.6178],[79.8541,9.6165]]],[[[79.843,9.6201],[79.8426,9.6203],[79.8429,9.62],[79.843,9.6201]]],[[[79.8383,9.6237],[79.8387,9.6247],[79.8374,9.6246],[79.8383,9.6237]]],[[[79.8013,9.5947],[79.8022,9.5944],[79.8019,9.5956],[79.8013,9.5947]]],[[[79.8009,9.5793],[79.8007,9.5802],[79.8002,9.5791],[79.8009,9.5793]]],[[[79.7756,9.5962],[79.7705,9.6221],[79.7634,9.5898],[79.7739,9.5847],[79.7756,9.5962]]]]}},{"type":"Feature","properties":{"name":"Karainagar PS","district":"Jaffna","province":"Northern Province"},"geometry":{"type":"MultiPolygon","coordinates":[[[[79.8988,9.7417],[79.9018,9.7669],[79.8634,9.7621],[79.85,9.7127],[79.8807,9.7043],[79.8988,9.7417]]],[[[79.8643,9.7081],[79.865,9.7074],[79.8644,9.7081],[79.8643,9.7081]]],[[[79.8479,9.7114],[79.8484,9.7113],[79.8481,9.712],[79.8479,9.7114]]]]}},{"type":"Feature","properties":{"name":"Mannar UC","district":"Mannar","province":"Northern Province"},"geometry":{"type":"MultiPolygon","coordinates":[[[[79.8695,8.9859],[79.889,8.9605],[79.8833,8.971],[79.8949,8.9618],[79.9266,8.9757],[79.8955,9.0011],[79.8695,8.9859]]],[[[79.9219,8.9485],[79.9217,8.9483],[79.9221,8.9482],[79.9219,8.9485]]],[[[79.9219,8.949],[79.9218,8.9493],[79.9217,8.949],[79.9219,8.949]]],[[[79.9215,8.9482],[79.9216,8.9483],[79.9214,8.9483],[79.9215,8.9482]]],[[[79.921,8.9486],[79.9212,8.9479],[79.9212,8.9486],[79.921,8.9486]]],[[[79.9202,8.958],[79.9167,8.9578],[79.9203,8.9538],[79.9202,8.958]]],[[[79.9201,8.9533],[79.9196,8.9545],[79.9196,8.9533],[79.9201,8.9533]]],[[[79.9161,8.959],[79.9185,8.9585],[79.92,8.9605],[79.9173,8.9613],[79.9161,8.959]]],[[[79.9191,8.9507],[79.9196,8.9507],[79.919,8.9511],[79.9191,8.9507]]],[[[79.9165,8.9578],[79.9157,8.9581],[79.9177,8.9567],[79.9165,8.9578]]],[[[79.9175,8.9476],[79.9174,8.9479],[79.9172,8.9477],[79.9175,8.9476]]],[[[79.9163,8.9586],[79.9167,8.9581],[79.9174,8.9585],[79.9163,8.9586]]],[[[79.9164,8.9475],[79.9166,8.9484],[79.916,8.9482],[79.9164,8.9475]]],[[[79.9163,8.9585],[79.9165,8.9582],[79.9164,8.9585],[79.9163,8.9585]]],[[[79.9154,8.9722],[79.9165,8.9718],[79.9157,8.9743],[79.9154,8.9722]]],[[[79.8944,8.9578],[79.8933,8.9526],[79.9041,8.9484],[79.9075,8.9592],[79.8944,8.9578]]],[[[79.891,8.9568],[79.8922,8.9576],[79.8908,8.9579],[79.891,8.9568]]]]}},{"type":"Feature","properties":{"name":"Mannar PS","district":"Mannar","province":"Northern Province"},"geometry":{"type":"MultiPolygon","coordinates":[[[[79.9252,8.9322],[79.9527,8.9099],[79.9414,8.8828],[79.9566,8.8703],[80.0059,8.8686],[80.0252,8.8449],[80.0562,8.8394],[80.0478,8.8498],[80.08,8.87],[80.0797,8.8889],[80.0268,8.8835],[79.9923,8.903],[79.9737,8.9391],[79.9813,8.9732],[79.9541,8.9434],[79.923,8.9474],[79.9252,8.9322]]],[[[79.9539,8.953],[79.9539,8.9544],[79.9537,8.9519],[79.9539,8.953]]],[[[79.9531,8.9514],[79.9509,8.9496],[79.9509,8.9482],[79.9531,8.9514]]],[[[79.9527,8.9502],[79.9523,8.9503],[79.9524,8.9499],[79.9527,8.9502]]],[[[79.95,8.9487],[79.9478,8.9471],[79.9489,8.9469],[79.95,8.9487]]],[[[79.9479,8.9466],[79.9475,8.9471],[79.9464,8.9467],[79.9479,8.9466]]],[[[79.9461,8.946],[79.9461,8.9462],[79.9459,8.9463],[79.9461,8.946]]],[[[79.8955,9.0011],[79.8737,9.0354],[79.927,9.0108],[79.855,9.0768],[79.7302,9.1099],[79.696,9.0988],[79.7017,9.0799],[79.6855,9.0761],[79.778,9.0548],[79.8695,8.9859],[79.8955,9.0011]]],[[[79.9231,8.9527],[79.9226,8.953],[79.9226,8.9524],[79.9231,8.9527]]],[[[79.6986,9.0947],[79.6977,9.0927],[79.6992,9.0944],[79.6986,9.0947]]],[[[79.6985,9.0986],[79.6988,9.0982],[79.6991,9.099],[79.6985,9.0986]]],[[[79.6975,9.0943],[79.6981,9.0946],[79.6976,9.095],[79.6975,9.0943]]],[[[79.6978,9.0983],[79.6978,9.098],[79.698,9.0982],[79.6978,9.0983]]],[[[79.6963,9.0949],[79.6977,9.0977],[79.6971,9.0979],[79.6963,9.0949]]],[[[79.6976,9.0943],[79.6975,9.0941],[79.6976,9.0941],[79.6976,9.0943]]],[[[79.696,9.0904],[79.6967,9.0895],[79.6969,9.0907],[79.696,9.0904]]],[[[79.6958,9.0862],[79.6961,9.0864],[79.6957,9.0869],[79.6958,9.0862]]],[[[79.6953,9.0887],[79.6957,9.0879],[79.6956,9.0897],[79.6953,9.0887]]],[[[79.6956,9.0875],[79.6959,9.0876],[79.6952,9.0881],[79.6956,9.0875]]],[[[79.6947,9.0798],[79.695,9.0794],[79.6953,9.0798],[79.6947,9.0798]]]]}},{"type":"Feature","properties":{"name":"Manthai West PS","district":"Mannar","province":"Northern Province"},"geometry":{"type":"MultiPolygon","coordinates":[[[[79.9813,8.9732],[79.9737,8.9391],[79.9923,8.903],[80.0268,8.8835],[80.0797,8.8889],[80.08,8.87],[80.0478,8.8498],[80.0562,8.8394],[80.0804,8.8484],[80.0823,8.8135],[80.1794,8.7901],[80.1843,8.7716],[80.1991,8.7655],[80.2283,8.827],[80.2721,8.8224],[80.3636,8.838],[80.4007,8.8601],[80.3766,8.9418],[80.34,8.959],[80.1745,8.9502],[80.1949,9.0458],[80.2199,9.0554],[80.2173,9.1421],[80.1954,9.176],[80.1917,9.2372],[80.1812,9.23],[80.1187,9.2117],[80.0413,9.0162],[80.0132,9.0117],[79.9813,8.9732]]],[[[80.2352,8.6804],[80.2077,8.7117],[80.143,8.6827],[80.1454,8.6574],[80.2352,8.6804]]],[[[80.1083,9.1982],[80.1083,9.1985],[80.1078,9.1971],[80.1083,9.1982]]]]}},{"type":"Feature","properties":{"name":"Musali PS","district":"Mannar","province":"Northern Province"},"geometry":{"type":"Polygon","coordinates":[[[79.9205,8.567],[80.033,8.5264],[80.0519,8.5251],[80.0559,8.6394],[80.044,8.6746],[80.0794,8.6544],[80.1454,8.6574],[80.141,8.7379],[80.0946,8.7498],[80.0774,8.7867],[80.0345,8.7857],[80.0306,8.7993],[79.981,8.7919],[79.9582,8.8066],[79.9235,8.7968],[79.9596,8.7253],[79.9464,8.63],[79.9184,8.5893],[79.9205,8.567]]]}},{"type":"Feature","properties":{"name":"Nanattan PS","district":"Mannar","province":"Northern Province"},"geometry":{"type":"MultiPolygon","coordinates":[[[[79.9146,8.9246],[79.9115,8.9386],[79.9188,8.9346],[79.9331,8.8983],[79.9131,8.8206],[79.9235,8.7968],[79.9582,8.8066],[79.981,8.7919],[80.0306,8.7993],[80.0345,8.7857],[80.0774,8.7867],[80.0946,8.7498],[80.141,8.7379],[80.143,8.6827],[80.2077,8.7117],[80.1688,8.7507],[80.1843,8.7716],[80.1794,8.7901],[80.0823,8.8135],[80.0804,8.8484],[80.0562,8.8394],[80.0252,8.8449],[80.0059,8.8686],[79.9566,8.8703],[79.9414,8.8828],[79.9527,8.9099],[79.9252,8.9322],[79.9046,8.9481],[79.9146,8.9246],[79.9146,8.9246]]],[[[79.9282,8.9085],[79.9285,8.9078],[79.9292,8.9077],[79.9288,8.9091],[79.9282,8.9085]]],[[[79.9281,8.9003],[79.9281,8.9003],[79.9282,8.9001],[79.9282,8.9003],[79.9281,8.9003]]],[[[79.9185,8.9177],[79.9249,8.9072],[79.9257,8.9116],[79.9158,8.9218],[79.9163,8.9209],[79.9173,8.9203],[79.9174,8.9195],[79.9179,8.9182],[79.9185,8.9177]]],[[[79.9257,8.9039],[79.9256,8.9037],[79.9258,8.9035],[79.9259,8.9039],[79.9257,8.9039]]],[[[79.9249,8.9033],[79.89,8.9574],[79.8897,8.9558],[79.8903,8.9542],[79.9249,8.9033]]],[[[79.9206,8.812],[79.9201,8.8117],[79.9217,8.8116],[79.9209,8.8121],[79.9206,8.812]]],[[[79.9188,8.8212],[79.9184,8.8204],[79.9204,8.8203],[79.9199,8.8207],[79.9188,8.8212]]],[[[79.9194,8.831],[79.9204,8.8318],[79.9197,8.833],[79.9189,8.83],[79.9194,8.831]]],[[[79.9196,8.8101],[79.92,8.8094],[79.9201,8.8093],[79.9203,8.8099],[79.9196,8.8101]]],[[[79.9177,8.8197],[79.9186,8.8178],[79.9199,8.8182],[79.919,8.8196],[79.9177,8.8197]]],[[[79.9181,8.8101],[79.9185,8.8094],[79.9194,8.8095],[79.9191,8.8101],[79.9181,8.8101]]],[[[79.919,8.8279],[79.9187,8.8284],[79.9185,8.8268],[79.9195,8.8274],[79.919,8.8279]]],[[[79.9189,8.8328],[79.919,8.8332],[79.9187,8.8333],[79.9189,8.8322],[79.9189,8.8328]]],[[[79.9186,8.8231],[79.9181,8.8231],[79.918,8.822],[79.9183,8.8222],[79.9186,8.8231]]],[[[79.9183,8.8284],[79.9182,8.8285],[79.9181,8.8284],[79.9185,8.8283],[79.9183,8.8284]]],[[[79.9171,8.8196],[79.9171,8.8205],[79.9159,8.8209],[79.9159,8.8183],[79.9171,8.8196]]],[[[79.9177,8.8223],[79.9175,8.8219],[79.9179,8.8208],[79.9178,8.8233],[79.9177,8.8223]]],[[[79.9165,8.8122],[79.9168,8.8114],[79.9178,8.8112],[79.917,8.8126],[79.9165,8.8122]]],[[[79.9166,8.8221],[79.9172,8.8218],[79.9174,8.8241],[79.9163,8.8226],[79.9166,8.8221]]],[[[79.9174,8.8262],[79.9175,8.8272],[79.9173,8.8283],[79.9169,8.825],[79.9174,8.8262]]],[[[79.9157,8.8106],[79.9166,8.8105],[79.9158,8.8125],[79.9157,8.8124],[79.9157,8.8106]]],[[[79.9146,8.9246],[79.9146,8.9246],[79.9146,8.9246],[79.9146,8.9246]]],[[[79.9135,8.9238],[79.9136,8.9235],[79.9141,8.9236],[79.9136,8.9239],[79.9135,8.9238]]],[[[79.9018,8.9423],[79.9019,8.942],[79.9025,8.9418],[79.9022,8.9426],[79.9018,8.9423]]]]}},{"type":"Feature","properties":{"name":"Vavuniya MC/ Vavuniya South (Tamil) PS","district":"Vavuniya","province":"Northern Province"},"geometry":{"type":"Polygon","coordinates":[[[80.5028,8.7255],[80.5202,8.727],[80.5227,8.7313],[80.5204,8.763],[80.4785,8.8025],[80.4666,8.7752],[80.4767,8.7245],[80.4992,8.7227],[80.5028,8.7255]]]}},{"type":"Feature","properties":{"name":"Vavuniya North PS","district":"Vavuniya","province":"Northern Province"},"geometry":{"type":"Polygon","coordinates":[[[80.3749,8.9801],[80.3951,8.9606],[80.4863,8.9553],[80.5185,8.9275],[80.5458,8.938],[80.5763,8.9258],[80.5987,8.9112],[80.5963,8.8699],[80.6682,8.872],[80.7451,8.9032],[80.7032,8.9843],[80.7434,9.0358],[80.7259,9.0459],[80.6782,9.0297],[80.6923,9.0744],[80.6516,9.0779],[80.6391,9.1197],[80.582,9.1261],[80.5853,9.1121],[80.5153,9.0753],[80.4951,9.1138],[80.4051,9.1156],[80.405,9.0907],[80.4259,9.0909],[80.4346,9.0314],[80.3749,8.9801]]]}},{"type":"Feature","properties":{"name":"Vavuniya South (Sinhala) PS","district":"Vavuniya","province":"Northern Province"},"geometry":{"type":"MultiPolygon","coordinates":[[[[80.5688,8.7002],[80.6518,8.7927],[80.6316,8.8283],[80.6109,8.8334],[80.587,8.8067],[80.5336,8.8236],[80.5366,8.8065],[80.5366,8.8065],[80.5366,8.8065],[80.5055,8.8226],[80.5055,8.8226],[80.5319,8.7781],[80.5372,8.8058],[80.5536,8.8035],[80.5426,8.7688],[80.5204,8.763],[80.5227,8.7313],[80.5227,8.7313],[80.5227,8.7313],[80.5202,8.727],[80.553,8.696],[80.5688,8.7002]]],[[[80.4039,8.6429],[80.4501,8.6932],[80.506,8.6581],[80.525,8.6665],[80.4894,8.6858],[80.5028,8.7255],[80.4992,8.7227],[80.4992,8.7227],[80.4992,8.7227],[80.4767,8.7245],[80.4518,8.7095],[80.4132,8.6899],[80.3954,8.7273],[80.3866,8.7249],[80.3757,8.7008],[80.3532,8.6936],[80.3598,8.6717],[80.3857,8.6726],[80.3808,8.6579],[80.4025,8.656],[80.4039,8.6429]],[[80.3907,8.7032],[80.4024,8.708],[80.4073,8.7014],[80.3949,8.6926],[80.3907,8.7032]]],[[[80.5023,8.7925],[80.5068,8.804],[80.4967,8.8065],[80.4929,8.8029],[80.5023,8.7925]]],[[[80.3799,8.6208],[80.3799,8.6208],[80.3887,8.6259],[80.3799,8.6208]]],[[[80.3465,8.5663],[80.3811,8.5884],[80.3501,8.5921],[80.3465,8.5663]]],[[[80.3617,8.7404],[80.3451,8.7346],[80.3505,8.7096],[80.3693,8.7361],[80.3617,8.7404]]]]}},{"type":"Feature","properties":{"name":"Vavuniya South (Tamil) PS","district":"Vavuniya","province":"Northern Province"},"geometry":{"type":"MultiPolygon","coordinates":[[[[80.4767,8.7245],[80.4666,8.7752],[80.4785,8.8025],[80.5204,8.763],[80.5426,8.7688],[80.5536,8.8035],[80.5372,8.8058],[80.5319,8.7781],[80.5055,8.8226],[80.5366,8.8065],[80.5336,8.8236],[80.587,8.8067],[80.6109,8.8334],[80.6316,8.8283],[80.5924,8.8466],[80.5963,8.8699],[80.5987,8.9112],[80.5763,8.9258],[80.5458,8.938],[80.5185,8.9275],[80.4863,8.9553],[80.3951,8.9606],[80.3749,8.9801],[80.34,8.959],[80.3766,8.9418],[80.4007,8.8601],[80.3636,8.838],[80.2721,8.8224],[80.3035,8.7527],[80.341,8.7705],[80.3617,8.7404],[80.3866,8.7249],[80.3954,8.7273],[80.399,8.7308],[80.4312,8.7346],[80.4518,8.7095],[80.4767,8.7245]],[[80.5023,8.7925],[80.4929,8.8029],[80.4967,8.8065],[80.5068,8.804],[80.5023,8.7925]]],[[[80.553,8.696],[80.5202,8.727],[80.5028,8.7255],[80.4894,8.6858],[80.525,8.6665],[80.553,8.696]]]]}},{"type":"Feature","properties":{"name":"Vengalacheddikulam PS","district":"Vavuniya","province":"Northern Province"},"geometry":{"type":"MultiPolygon","coordinates":[[[[80.4518,8.7095],[80.4312,8.7346],[80.399,8.7308],[80.3954,8.7273],[80.4132,8.6899],[80.4518,8.7095]]],[[[80.395,8.6926],[80.4073,8.7014],[80.4024,8.708],[80.3895,8.7016],[80.395,8.6926]]],[[[80.3465,8.5663],[80.3501,8.5921],[80.3811,8.5884],[80.3799,8.6208],[80.3887,8.6259],[80.4039,8.6429],[80.4025,8.656],[80.3808,8.6579],[80.3857,8.6726],[80.3598,8.6717],[80.3532,8.6936],[80.3757,8.7008],[80.3866,8.7249],[80.3693,8.7361],[80.3505,8.7096],[80.3451,8.7346],[80.3617,8.7404],[80.341,8.7705],[80.3035,8.7527],[80.2721,8.8224],[80.2283,8.827],[80.1991,8.7655],[80.1843,8.7716],[80.1688,8.7507],[80.2077,8.7117],[80.2352,8.6804],[80.236,8.6292],[80.2744,8.61],[80.2878,8.5593],[80.34,8.5472],[80.3465,8.5663]]]]}},{"type":"Feature","properties":{"name":"Vavuniya North PS","district":"Mullaitivu","province":"Northern Province"},"geometry":{"type":"Polygon","coordinates":[[[80.7551,8.9059],[80.762,8.9365],[80.8035,8.9528],[80.7773,8.9775],[80.8002,9.0025],[80.7434,9.0358],[80.7032,8.9843],[80.7451,8.9032],[80.7551,8.9059]]]}},{"type":"Feature","properties":{"name":"Manthai East PS","district":"Mullaitivu","province":"Northern Province"},"geometry":{"type":"Polygon","coordinates":[[[80.3749,8.9801],[80.4346,9.0314],[80.4259,9.0909],[80.405,9.0907],[80.4051,9.1156],[80.4029,9.1236],[80.4005,9.1733],[80.3357,9.2115],[80.3226,9.1154],[80.3045,9.0954],[80.2626,9.131],[80.2173,9.1421],[80.2199,9.0554],[80.1949,9.0458],[80.1745,8.9502],[80.34,8.959],[80.3749,8.9801]]]}},{"type":"Feature","properties":{"name":"Maritimepattu PS","district":"Mullaitivu","province":"Northern Province"},"geometry":{"type":"Polygon","coordinates":[[[80.7434,9.0358],[80.8002,9.0025],[80.7773,8.9775],[80.8035,8.9528],[80.8655,8.9586],[80.8962,8.9808],[80.9672,8.9867],[80.8777,9.1358],[80.8115,9.2911],[80.6228,9.4588],[80.6172,9.4521],[80.6095,9.4275],[80.6757,9.3832],[80.6913,9.3514],[80.7333,9.3472],[80.7446,9.3294],[80.6955,9.2176],[80.7153,9.1908],[80.7159,9.1242],[80.6935,9.1252],[80.6919,9.1103],[80.7043,9.099],[80.7518,9.1067],[80.7259,9.0459],[80.7434,9.0358]]]}},{"type":"Feature","properties":{"name":"Puthukudiyiruppu PS","district":"Mullaitivu","province":"Northern Province"},"geometry":{"type":"Polygon","coordinates":[[[80.4051,9.1156],[80.4951,9.1138],[80.5153,9.0753],[80.5853,9.1121],[80.582,9.1261],[80.6391,9.1197],[80.6516,9.0779],[80.6923,9.0744],[80.6782,9.0297],[80.7259,9.0459],[80.7518,9.1067],[80.7043,9.099],[80.6919,9.1103],[80.6935,9.1252],[80.7159,9.1242],[80.7153,9.1908],[80.6955,9.2176],[80.7446,9.3294],[80.7333,9.3472],[80.6913,9.3514],[80.6757,9.3832],[80.6095,9.4275],[80.5855,9.4086],[80.5853,9.3627],[80.532,9.4051],[80.5165,9.3467],[80.4082,9.3398],[80.4069,9.3052],[80.3879,9.2509],[80.3357,9.2115],[80.4005,9.1733],[80.4029,9.1236],[80.4051,9.1156]]]}},{"type":"Feature","properties":{"name":"Thunukkai PS","district":"Mullaitivu","province":"Northern Province"},"geometry":{"type":"Polygon","coordinates":[[[80.2173,9.1421],[80.2626,9.131],[80.3045,9.0954],[80.3226,9.1154],[80.3357,9.2115],[80.3879,9.2509],[80.4069,9.3052],[80.2417,9.3003],[80.214,9.2713],[80.2179,9.2326],[80.1917,9.2372],[80.1954,9.176],[80.2173,9.1421]]]}},{"type":"Feature","properties":{"name":"Karachchi PS","district":"Kilinochchi","province":"Northern Province"},"geometry":{"type":"MultiPolygon","coordinates":[[[[80.1917,9.2372],[80.2179,9.2326],[80.214,9.2713],[80.2417,9.3003],[80.4069,9.3052],[80.4082,9.3398],[80.5165,9.3467],[80.532,9.4051],[80.5853,9.3627],[80.5855,9.4086],[80.6095,9.4275],[80.6172,9.4521],[80.4726,9.5185],[80.3881,9.5172],[80.3923,9.4829],[80.3491,9.4624],[80.3399,9.4739],[80.3365,9.4553],[80.3031,9.4568],[80.296,9.3947],[80.2581,9.376],[80.2073,9.3764],[80.2018,9.3344],[80.1745,9.2913],[80.1812,9.23],[80.1917,9.2372]]],[[[80.3884,9.4835],[80.3873,9.4835],[80.389,9.4835],[80.3884,9.4835]]],[[[80.3871,9.4833],[80.3833,9.4831],[80.3857,9.4829],[80.3871,9.4833]]],[[[80.3855,9.4819],[80.384,9.4821],[80.387,9.4821],[80.3855,9.4819]]],[[[80.3837,9.482],[80.3824,9.4813],[80.383,9.481],[80.3837,9.482]]],[[[80.3819,9.4842],[80.3811,9.4816],[80.3836,9.4824],[80.3819,9.4842]]],[[[80.38,9.4795],[80.3796,9.4802],[80.3789,9.48],[80.38,9.4795]]],[[[80.3796,9.4838],[80.3799,9.4839],[80.3788,9.4838],[80.3782,9.4832],[80.3796,9.4838]]],[[[80.3787,9.4828],[80.3779,9.4828],[80.3791,9.4824],[80.3787,9.4828]]],[[[80.3787,9.4797],[80.3783,9.4808],[80.3772,9.4791],[80.3787,9.4797]]],[[[80.3775,9.4807],[80.3758,9.4806],[80.3748,9.4782],[80.3775,9.4807]]],[[[80.3775,9.4786],[80.3764,9.4786],[80.3753,9.477],[80.3775,9.4786]]],[[[80.3772,9.4778],[80.3776,9.4785],[80.3767,9.4778],[80.3772,9.4778]]],[[[80.3762,9.477],[80.3767,9.4776],[80.3761,9.4774],[80.3762,9.477]]],[[[80.3754,9.4814],[80.3732,9.4806],[80.3722,9.4768],[80.3754,9.4814]]],[[[80.3741,9.4767],[80.3734,9.4772],[80.3702,9.4747],[80.3741,9.4767]]],[[[80.3694,9.4745],[80.3691,9.4736],[80.3697,9.4743],[80.3694,9.4745]]],[[[80.3688,9.474],[80.3691,9.4742],[80.3678,9.4732],[80.3688,9.474]]],[[[80.3684,9.4735],[80.3683,9.4732],[80.3689,9.4734],[80.3684,9.4735]]],[[[80.3634,9.4708],[80.3613,9.47],[80.3677,9.4725],[80.3634,9.4708]]],[[[80.3609,9.4698],[80.3599,9.4694],[80.3612,9.4693],[80.3609,9.4698]]],[[[80.36,9.4692],[80.3592,9.4692],[80.3599,9.4682],[80.36,9.4692]]],[[[80.3521,9.4663],[80.3515,9.4668],[80.3518,9.4656],[80.3521,9.4663]]],[[[80.3517,9.4673],[80.3517,9.4672],[80.3519,9.4673],[80.3518,9.4674],[80.3517,9.4673]]],[[[80.3514,9.4672],[80.3513,9.4675],[80.3509,9.4674],[80.3514,9.4672]]],[[[80.3507,9.4666],[80.3511,9.4668],[80.3509,9.4669],[80.3507,9.4666]]],[[[80.3506,9.4672],[80.3507,9.4671],[80.3507,9.4673],[80.3506,9.4672]]],[[[80.3504,9.4666],[80.3506,9.4666],[80.3506,9.4669],[80.3504,9.4666]]],[[[80.3501,9.4669],[80.3502,9.4669],[80.3498,9.4672],[80.3501,9.4669]]],[[[80.3493,9.465],[80.3499,9.4654],[80.3493,9.4652],[80.3493,9.465]]],[[[80.3378,9.4691],[80.3385,9.4687],[80.3376,9.4694],[80.3378,9.4691]]],[[[80.3362,9.463],[80.3365,9.4629],[80.3364,9.4635],[80.3362,9.463]]],[[[80.336,9.4587],[80.3359,9.4586],[80.3361,9.4588],[80.336,9.4587]]],[[[80.3358,9.4589],[80.3359,9.4588],[80.336,9.4591],[80.3358,9.4589]]],[[[80.3357,9.4632],[80.3358,9.463],[80.3359,9.4634],[80.3357,9.4632]]],[[[80.3357,9.4637],[80.3357,9.4636],[80.3358,9.4638],[80.3357,9.4637]]],[[[80.3356,9.4629],[80.3356,9.4627],[80.3357,9.4629],[80.3356,9.4629]]],[[[80.3353,9.4634],[80.3354,9.4633],[80.3354,9.4635],[80.3353,9.4634]]],[[[80.3352,9.4629],[80.3351,9.4628],[80.3352,9.4629],[80.3352,9.4629]]],[[[80.3349,9.4632],[80.3351,9.4631],[80.335,9.4632],[80.3349,9.4632]]],[[[80.3346,9.4631],[80.3346,9.463],[80.3347,9.4632],[80.3346,9.4631]]],[[[80.3293,9.4647],[80.3274,9.4639],[80.3337,9.4641],[80.3293,9.4647]]],[[[80.3305,9.4553],[80.3308,9.4552],[80.3306,9.4555],[80.3305,9.4553]]],[[[80.3277,9.465],[80.3268,9.4653],[80.3268,9.4642],[80.3277,9.465]]],[[[80.3259,9.4654],[80.3251,9.4654],[80.3266,9.4647],[80.3259,9.4654]]],[[[80.3039,9.4837],[80.312,9.4682],[80.325,9.4653],[80.3074,9.4786],[80.3039,9.4837]],[[80.3081,9.4772],[80.3078,9.4769],[80.3064,9.479],[80.3081,9.4772]]],[[[80.3187,9.4642],[80.3171,9.4661],[80.3114,9.4634],[80.3193,9.4609],[80.3187,9.4642]]],[[[80.3136,9.4679],[80.3124,9.4679],[80.3184,9.4672],[80.3136,9.4679]]],[[[80.3183,9.4698],[80.3174,9.4699],[80.3182,9.4696],[80.3183,9.4698]]],[[[80.3107,9.4675],[80.3114,9.4681],[80.3106,9.4674],[80.3113,9.4675],[80.3107,9.4675]]],[[[80.3107,9.4738],[80.3113,9.4735],[80.3109,9.4741],[80.3107,9.4738]]],[[[80.3096,9.4643],[80.3062,9.4638],[80.3106,9.4641],[80.3096,9.4643]]],[[[80.3081,9.4657],[80.3091,9.4665],[80.3057,9.4648],[80.3081,9.4657]]],[[[80.3051,9.465],[80.3046,9.4664],[80.3042,9.4656],[80.3051,9.465]]],[[[80.3045,9.463],[80.3053,9.4636],[80.3043,9.4634],[80.3045,9.463]]],[[[80.3006,9.4691],[80.3034,9.4652],[80.304,9.4671],[80.3006,9.4691]]],[[[80.303,9.4823],[80.3041,9.4809],[80.3038,9.4822],[80.303,9.4823]]],[[[80.3027,9.4618],[80.303,9.462],[80.3024,9.4618],[80.3027,9.4618]]],[[[80.3003,9.4625],[80.301,9.4618],[80.3023,9.4623],[80.3003,9.4625]]],[[[80.3005,9.4634],[80.3003,9.4642],[80.3,9.4634],[80.3005,9.4634]]],[[[80.3005,9.4647],[80.3001,9.465],[80.2997,9.4646],[80.3005,9.4647]]],[[[80.2998,9.4651],[80.3003,9.4652],[80.3001,9.466],[80.2998,9.4651]]],[[[80.2995,9.4627],[80.2984,9.4629],[80.3,9.4629],[80.2995,9.4627]]],[[[80.2994,9.4668],[80.2971,9.4666],[80.2969,9.4649],[80.2993,9.4649],[80.2994,9.4668]]],[[[80.2979,9.4623],[80.2973,9.4627],[80.2974,9.4623],[80.2979,9.4623]]],[[[80.2957,9.4626],[80.2965,9.4632],[80.2973,9.4646],[80.2957,9.4626]]],[[[80.2966,9.4678],[80.297,9.4675],[80.2968,9.4681],[80.2966,9.4678]]],[[[80.2963,9.4671],[80.2971,9.4675],[80.2963,9.4674],[80.2963,9.4671]]],[[[80.2963,9.4677],[80.2965,9.4677],[80.2963,9.4682],[80.2963,9.4677]]]]}},{"type":"Feature","properties":{"name":"Pachchillaipalli PS","district":"Kilinochchi","province":"Northern Province"},"geometry":{"type":"MultiPolygon","coordinates":[[[[80.2575,9.6133],[80.3881,9.5172],[80.4726,9.5185],[80.4493,9.5259],[80.4412,9.5784],[80.2994,9.6849],[80.2575,9.6133]]],[[[80.3579,9.5429],[80.3599,9.5426],[80.3585,9.5436],[80.3579,9.5429]]],[[[80.3525,9.5497],[80.3504,9.5497],[80.3588,9.5443],[80.3525,9.5497]]],[[[80.3496,9.5501],[80.3496,9.5499],[80.3498,9.5498],[80.3496,9.5501]]],[[[80.3486,9.5508],[80.349,9.5505],[80.3478,9.5516],[80.3486,9.5508]]],[[[80.3061,9.5844],[80.3044,9.5847],[80.3061,9.5839],[80.3061,9.5844]]],[[[80.3034,9.5852],[80.3034,9.5849],[80.3039,9.585],[80.3034,9.5852]]],[[[80.3011,9.5861],[80.3015,9.5855],[80.3017,9.5859],[80.3011,9.5861]]],[[[80.3007,9.5847],[80.3005,9.5857],[80.2994,9.5857],[80.3007,9.5847]]],[[[80.3,9.5858],[80.3009,9.5871],[80.2973,9.587],[80.3,9.5858]]]]}},{"type":"Feature","properties":{"name":"Poonagari PS","district":"Kilinochchi","province":"Northern Province"},"geometry":{"type":"MultiPolygon","coordinates":[[[[80.1187,9.2117],[80.1812,9.23],[80.1745,9.2913],[80.2018,9.3344],[80.2073,9.3764],[80.2581,9.376],[80.296,9.3947],[80.3031,9.4568],[80.2498,9.4689],[80.251,9.4744],[80.2779,9.4757],[80.2489,9.4961],[80.2483,9.5063],[80.2845,9.4959],[80.2644,9.5136],[80.1963,9.5375],[80.1965,9.5527],[80.1701,9.5435],[80.0604,9.6111],[80.0519,9.5988],[80.1338,9.5467],[80.1857,9.4866],[80.1473,9.4376],[80.0537,9.3909],[80.0633,9.331],[80.1221,9.2997],[80.11,9.2752],[80.1187,9.2117]]],[[[80.2952,9.4615],[80.2947,9.4603],[80.2976,9.4595],[80.2952,9.4615]]],[[[80.2945,9.4676],[80.2952,9.469],[80.2938,9.4678],[80.2945,9.4676]]],[[[80.2904,9.4727],[80.2895,9.47],[80.2938,9.4683],[80.2934,9.4717],[80.2904,9.4727]]],[[[80.2926,9.4614],[80.2933,9.4666],[80.2871,9.4679],[80.2895,9.4596],[80.2926,9.4614]]],[[[80.2928,9.4603],[80.2933,9.4603],[80.293,9.4603],[80.2928,9.4603]]],[[[80.2912,9.4598],[80.2921,9.4602],[80.2915,9.4609],[80.2912,9.4598]]],[[[80.292,9.465],[80.2921,9.4648],[80.2923,9.4654],[80.292,9.465]]],[[[80.2899,9.4678],[80.2899,9.4675],[80.2903,9.4674],[80.2899,9.4678]]],[[[80.2895,9.459],[80.2889,9.4592],[80.2888,9.4584],[80.2895,9.459]]],[[[80.2886,9.4629],[80.2877,9.4615],[80.2889,9.4599],[80.2886,9.4629]]],[[[80.2879,9.46],[80.2852,9.4624],[80.2854,9.4616],[80.2879,9.46]]],[[[80.2873,9.4634],[80.2877,9.4628],[80.2876,9.4636],[80.2873,9.4634]]],[[[80.2875,9.4642],[80.2872,9.464],[80.2875,9.4637],[80.2875,9.4642]]],[[[80.2868,9.4963],[80.2654,9.4954],[80.2789,9.4896],[80.2868,9.4963]]],[[[80.2869,9.468],[80.2865,9.468],[80.2862,9.4669],[80.2869,9.468]]],[[[80.2822,9.4742],[80.2868,9.4754],[80.2801,9.4749],[80.2822,9.4742]]],[[[80.2863,9.4643],[80.2867,9.464],[80.2867,9.4645],[80.2863,9.4643]]],[[[80.2854,9.4661],[80.2839,9.465],[80.2848,9.4626],[80.2854,9.4661]]],[[[80.2827,9.4772],[80.281,9.4778],[80.2829,9.4765],[80.2827,9.4772]]],[[[80.2824,9.4591],[80.2828,9.4595],[80.2809,9.4596],[80.2824,9.4591]]],[[[80.2804,9.4604],[80.2806,9.4606],[80.2801,9.4607],[80.2804,9.4604]]],[[[80.2792,9.4621],[80.2794,9.466],[80.2781,9.4631],[80.2792,9.4621]],[[80.2786,9.4633],[80.2796,9.4627],[80.2784,9.462],[80.2786,9.4633]]],[[[80.2784,9.4775],[80.2782,9.478],[80.2778,9.478],[80.2784,9.4775]]],[[[80.2777,9.4733],[80.2759,9.4739],[80.2764,9.4729],[80.2777,9.4733]]],[[[80.2773,9.4932],[80.2772,9.4929],[80.2773,9.493],[80.2773,9.4932]]],[[[80.2751,9.4661],[80.2744,9.4663],[80.2764,9.4654],[80.2751,9.4661]]],[[[80.276,9.4669],[80.2756,9.4673],[80.2762,9.4659],[80.276,9.4669]]],[[[80.2739,9.4689],[80.2758,9.4699],[80.2755,9.4701],[80.2739,9.4689]]],[[[80.2742,9.4675],[80.2752,9.4675],[80.275,9.4686],[80.2742,9.4675]]],[[[80.2736,9.4699],[80.2747,9.4708],[80.2723,9.4712],[80.2736,9.4699]]],[[[80.2728,9.468],[80.2736,9.4681],[80.2735,9.4695],[80.2728,9.468]]],[[[80.2729,9.4682],[80.273,9.4685],[80.2728,9.4681],[80.2729,9.4682]]],[[[80.2698,9.4704],[80.2658,9.4694],[80.2692,9.4669],[80.272,9.468],[80.2698,9.4704]]],[[[80.2711,9.4661],[80.2715,9.4666],[80.2685,9.4668],[80.2711,9.4661]]],[[[80.2695,9.4756],[80.2701,9.4762],[80.2698,9.4767],[80.2695,9.4756]]],[[[80.2672,9.4867],[80.267,9.4856],[80.2679,9.486],[80.2672,9.4867]]],[[[80.2668,9.485],[80.2662,9.4837],[80.2678,9.4839],[80.2668,9.485]]],[[[80.2662,9.484],[80.2656,9.4843],[80.2656,9.4835],[80.2662,9.484]]],[[[80.2643,9.4647],[80.2617,9.4704],[80.2592,9.4666],[80.2633,9.4632],[80.2643,9.4647]]],[[[80.2631,9.4957],[80.2621,9.4948],[80.265,9.4949],[80.2631,9.4957]]],[[[80.2646,9.4982],[80.2645,9.4983],[80.2641,9.4981],[80.2646,9.4982]]],[[[80.2635,9.4876],[80.263,9.4866],[80.2636,9.487],[80.2635,9.4876]]],[[[80.2627,9.4981],[80.2626,9.4982],[80.2625,9.4981],[80.2627,9.4981]]],[[[80.2616,9.4985],[80.2618,9.4983],[80.2623,9.4986],[80.2616,9.4985]]],[[[80.2618,9.4957],[80.2621,9.4957],[80.2621,9.4959],[80.2618,9.4957]]],[[[80.2617,9.4948],[80.2619,9.4952],[80.2613,9.495],[80.2617,9.4948]]],[[[80.2615,9.488],[80.2609,9.4874],[80.2617,9.4878],[80.2615,9.488]]],[[[80.2598,9.4977],[80.2609,9.4975],[80.2614,9.4985],[80.2598,9.4977]]],[[[80.2611,9.4972],[80.2605,9.4973],[80.2603,9.4968],[80.2611,9.4972]]],[[[80.2609,9.4946],[80.261,9.4948],[80.2605,9.4946],[80.2609,9.4946]]],[[[80.2594,9.4718],[80.2599,9.472],[80.2594,9.4723],[80.2594,9.4718]]],[[[80.2598,9.4709],[80.2599,9.4711],[80.2583,9.4708],[80.2598,9.4709]]],[[[80.2554,9.4917],[80.2595,9.4943],[80.2536,9.4952],[80.2554,9.4917]]],[[[80.259,9.4715],[80.2591,9.4718],[80.2586,9.4711],[80.259,9.4715]]],[[[80.2585,9.4921],[80.2577,9.4908],[80.2588,9.4911],[80.2585,9.4921]]],[[[80.2583,9.4716],[80.2584,9.4718],[80.2578,9.4715],[80.2583,9.4716]]],[[[80.2575,9.4988],[80.2576,9.4986],[80.2578,9.4993],[80.2575,9.4988]]],[[[80.2575,9.4915],[80.2567,9.4914],[80.2569,9.4909],[80.2575,9.4915]]],[[[80.2569,9.4983],[80.2573,9.499],[80.2567,9.4984],[80.2569,9.4983]]],[[[80.2571,9.49],[80.2572,9.4906],[80.2565,9.4902],[80.2571,9.49]]],[[[80.257,9.4714],[80.2572,9.4715],[80.2538,9.4731],[80.257,9.4714]]],[[[80.2551,9.4907],[80.2557,9.4903],[80.2569,9.4908],[80.2551,9.4907]]],[[[80.2544,9.4911],[80.2546,9.4909],[80.255,9.4912],[80.2544,9.4911]]],[[[80.2535,9.4706],[80.2537,9.4708],[80.2533,9.4711],[80.2535,9.4706]]],[[[80.2522,9.4975],[80.2534,9.4962],[80.2528,9.4978],[80.2522,9.4975]]],[[[80.2249,9.5349],[80.2265,9.5334],[80.2264,9.535],[80.2249,9.5349]]],[[[80.224,9.5369],[80.2239,9.5364],[80.2248,9.5362],[80.224,9.5369]]],[[[80.2212,9.5389],[80.2189,9.5383],[80.2232,9.5367],[80.2212,9.5389]]],[[[80.2185,9.5394],[80.2181,9.5391],[80.2183,9.5382],[80.2185,9.5394]]],[[[80.2087,9.5365],[80.2034,9.5367],[80.212,9.5313],[80.2087,9.5365]]],[[[80.2028,9.537],[80.2027,9.5382],[80.2021,9.5376],[80.2028,9.537]]],[[[80.2018,9.5422],[80.1988,9.5421],[80.2009,9.539],[80.2018,9.5422]]],[[[80.1945,9.5452],[80.1946,9.5449],[80.1947,9.5451],[80.1945,9.5452]]],[[[80.1565,9.4492],[80.1578,9.4488],[80.1566,9.4503],[80.1565,9.4492]]],[[[80.1572,9.4548],[80.1569,9.455],[80.1569,9.4544],[80.1572,9.4548]]],[[[80.1568,9.4536],[80.1569,9.4536],[80.157,9.4538],[80.1568,9.4536]]],[[[80.1565,9.448],[80.1568,9.4488],[80.1561,9.4486],[80.1565,9.448]]],[[[80.1258,9.4297],[80.1252,9.4293],[80.1254,9.4285],[80.1258,9.4297]]],[[[80.0923,9.5985],[80.0888,9.5991],[80.1045,9.5943],[80.0923,9.5985]]],[[[80.0886,9.3115],[80.0833,9.3209],[80.0731,9.3221],[80.0791,9.3131],[80.0886,9.3115]]],[[[80.0885,9.3139],[80.0887,9.3139],[80.0884,9.3142],[80.0885,9.3139]]],[[[80.0702,9.6089],[80.066,9.6096],[80.0739,9.6039],[80.087,9.5985],[80.0776,9.6029],[80.0702,9.6089]]],[[[80.0846,9.3195],[80.0843,9.3184],[80.0851,9.3177],[80.0846,9.3195]]],[[[80.084,9.3192],[80.0846,9.3195],[80.0841,9.32],[80.084,9.3192]]],[[[80.079,9.6113],[80.076,9.612],[80.0843,9.609],[80.079,9.6113]]],[[[80.0592,9.3298],[80.0607,9.3319],[80.0565,9.3482],[80.052,9.3379],[80.0592,9.3298]]],[[[79.989,9.3058],[79.9727,9.2874],[80.0013,9.2705],[80.007,9.2867],[79.9977,9.2898],[79.9963,9.285],[79.9983,9.2835],[79.9998,9.2746],[79.999,9.2805],[79.9971,9.2821],[79.9982,9.2834],[79.9945,9.286],[79.9915,9.2929],[79.9931,9.2943],[79.9955,9.2925],[79.9893,9.302],[79.9938,9.3031],[79.989,9.3058]]],[[[80.0043,9.279],[80.0047,9.2791],[80.0049,9.2812],[80.0043,9.279]]],[[[80.0042,9.2782],[80.0044,9.278],[80.0041,9.2784],[80.0042,9.2782]]],[[[80.004,9.2781],[80.004,9.2779],[80.0042,9.2781],[80.004,9.2781]]],[[[80.004,9.279],[80.0039,9.2789],[80.0042,9.279],[80.004,9.279]]],[[[80.0033,9.2788],[80.0036,9.2787],[80.0034,9.2789],[80.0033,9.2788]]],[[[80.0026,9.2867],[80.0024,9.2864],[80.0031,9.2873],[80.0026,9.2867]]],[[[79.9986,9.2806],[79.9985,9.2806],[79.9987,9.2805],[79.9986,9.2806]]],[[[79.9982,9.2823],[79.9984,9.282],[79.9984,9.2833],[79.9982,9.2823]]],[[[79.9981,9.2836],[79.9983,9.2834],[79.9981,9.2837],[79.9981,9.2836]]],[[[79.9981,9.2827],[79.9982,9.2825],[79.9982,9.283],[79.9981,9.2827]]]]}},{"type":"Feature","properties":{"name":"Eravur Pattu PS","district":"Batticaloa","province":"Eastern Province"},"geometry":{"type":"Polygon","coordinates":[[[81.6452,7.7499],[81.6535,7.7573],[81.6363,7.7657],[81.6189,7.764],[81.6452,7.7499]]]}},{"type":"Feature","properties":{"name":"Eravur Pattu PS","district":"Batticaloa","province":"Eastern Province"},"geometry":{"type":"Polygon","coordinates":[[[81.6247,7.7823],[81.6168,7.7764],[81.6119,7.7681],[81.6189,7.764],[81.6363,7.7657],[81.6478,7.783],[81.6339,7.8009],[81.6303,7.7984],[81.6247,7.7823]]]}},{"type":"Feature","properties":{"name":"Eravur Pattu PS","district":"Batticaloa","province":"Eastern Province"},"geometry":{"type":"Polygon","coordinates":[[[81.6218,7.7842],[81.6102,7.7979],[81.6094,7.7942],[81.6133,7.7857],[81.6218,7.7842]]]}},{"type":"Feature","properties":{"name":"Eravur Pattu PS","district":"Batticaloa","province":"Eastern Province"},"geometry":{"type":"Polygon","coordinates":[[[81.6218,7.7842],[81.6133,7.7857],[81.6094,7.7814],[81.6168,7.7764],[81.6247,7.7823],[81.6218,7.7842]]]}},{"type":"Feature","properties":{"name":"Koralai Pattu PS","district":"Batticaloa","province":"Eastern Province"},"geometry":{"type":"MultiPolygon","coordinates":[[[[81.6094,7.7814],[81.6133,7.7857],[81.6133,7.7857],[81.6133,7.7857],[81.6094,7.7941],[81.6061,7.7838],[81.6094,7.7814]]],[[[81.5453,7.9473],[81.5453,7.9473],[81.5253,7.934],[81.5453,7.9473]]],[[[81.538,7.9198],[81.5426,7.9297],[81.5311,7.9275],[81.5298,7.9263],[81.5312,7.92],[81.5316,7.9184],[81.538,7.9198]]],[[[81.5196,7.9007],[81.5313,7.8944],[81.5313,7.9074],[81.5304,7.9074],[81.5291,7.899],[81.5196,7.9007]]],[[[81.5241,7.9292],[81.5252,7.931],[81.5226,7.9289],[81.5301,7.9286],[81.5261,7.9298],[81.5241,7.9292]]],[[[81.5239,7.9313],[81.5245,7.9323],[81.5229,7.9315],[81.5217,7.929],[81.5229,7.9297],[81.5239,7.9313]]],[[[81.5182,7.9022],[81.5178,7.9026],[81.5177,7.9018],[81.5182,7.9022]]]]}},{"type":"Feature","properties":{"name":"Koralai Pattu PS","district":"Batticaloa","province":"Eastern Province"},"geometry":{"type":"MultiPolygon","coordinates":[[[[81.5955,7.7818],[81.6094,7.7942],[81.6102,7.7979],[81.6303,7.7984],[81.6339,7.8009],[81.6202,7.8287],[81.6011,7.8262],[81.5993,7.8032],[81.593,7.7936],[81.5955,7.7818]]],[[[81.5639,7.893],[81.5681,7.917],[81.5828,7.9205],[81.5571,7.9431],[81.5426,7.9297],[81.538,7.9198],[81.5595,7.9074],[81.5535,7.8971],[81.5639,7.893]]]]}},{"type":"Feature","properties":{"name":"Koralai Pattu PS","district":"Batticaloa","province":"Eastern Province"},"geometry":{"type":"MultiPolygon","coordinates":[[[[81.5862,7.8001],[81.5993,7.8032],[81.6011,7.8262],[81.5791,7.8486],[81.5669,7.8259],[81.5701,7.8124],[81.5862,7.8001]]],[[[81.5535,7.8971],[81.5595,7.9074],[81.538,7.9198],[81.5316,7.9184],[81.5337,7.9095],[81.5535,7.8971]]]]}},{"type":"Feature","properties":{"name":"Eravur Pattu PS","district":"Batticaloa","province":"Eastern Province"},"geometry":{"type":"Polygon","coordinates":[[[81.5669,7.8259],[81.5503,7.8232],[81.5589,7.816],[81.5681,7.8246],[81.5669,7.8259]]]}},{"type":"Feature","properties":{"name":"Eravur Pattu PS","district":"Batticaloa","province":"Eastern Province"},"geometry":{"type":"Polygon","coordinates":[[[81.5701,7.8124],[81.5681,7.8246],[81.5589,7.816],[81.5589,7.8083],[81.5701,7.8124]]]}},{"type":"Feature","properties":{"name":"Koralai Pattu PS","district":"Batticaloa","province":"Eastern Province"},"geometry":{"type":"MultiPolygon","coordinates":[[[[81.6218,7.7842],[81.6247,7.7823],[81.6303,7.7984],[81.6102,7.7979],[81.6218,7.7842]]],[[[81.6009,7.7711],[81.6061,7.7838],[81.6094,7.7941],[81.6094,7.7942],[81.6021,7.7873],[81.6021,7.7874],[81.6021,7.7873],[81.5955,7.7818],[81.5998,7.7708],[81.6009,7.7711]]],[[[81.5589,7.816],[81.5503,7.8232],[81.5487,7.8243],[81.5182,7.8121],[81.5323,7.8001],[81.5589,7.8083],[81.5589,7.816]]],[[[81.5182,7.9022],[81.5177,7.9018],[81.5214,7.8886],[81.5262,7.8907],[81.5421,7.905],[81.5337,7.9095],[81.5313,7.9074],[81.5313,7.8944],[81.5196,7.9007],[81.5182,7.9022]]],[[[81.52,7.8864],[81.52,7.8864],[81.5202,7.8869],[81.52,7.8864]]]]}},{"type":"Feature","properties":{"name":"Koralai Pattu PS","district":"Batticaloa","province":"Eastern Province"},"geometry":{"type":"MultiPolygon","coordinates":[[[[81.7193,7.6843],[81.7353,7.6949],[81.7026,7.7483],[81.6867,7.761],[81.7116,7.7299],[81.7193,7.6843]]],[[[81.6961,7.7039],[81.6903,7.6887],[81.696,7.6705],[81.7095,7.6878],[81.6961,7.7039]]],[[[81.6452,7.7499],[81.6667,7.7334],[81.6716,7.6928],[81.6843,7.6927],[81.6775,7.7294],[81.7002,7.7142],[81.7056,7.7278],[81.6478,7.783],[81.6363,7.7657],[81.6363,7.7657],[81.6363,7.7657],[81.6535,7.7573],[81.6452,7.7499]]],[[[81.6925,7.7052],[81.7029,7.712],[81.6852,7.7125],[81.6896,7.7033],[81.6925,7.7052]]],[[[81.6641,7.6991],[81.6653,7.7033],[81.6588,7.7013],[81.6623,7.6966],[81.6641,7.6991]]],[[[81.5168,7.7611],[81.5424,7.7479],[81.5463,7.7765],[81.5704,7.7788],[81.5862,7.8001],[81.5701,7.8124],[81.5589,7.8083],[81.5323,7.8001],[81.5375,7.7754],[81.5168,7.7611]]],[[[81.5235,7.8751],[81.5661,7.8796],[81.5639,7.893],[81.5535,7.8971],[81.5421,7.905],[81.5262,7.8907],[81.5214,7.8886],[81.5235,7.8751]]],[[[81.5202,7.8869],[81.5202,7.8869],[81.52,7.8864],[81.5202,7.8869]]]]}},{"type":"Feature","properties":{"name":"Eravur Pattu PS","district":"Batticaloa","province":"Eastern Province"},"geometry":{"type":"Polygon","coordinates":[[[81.5837,7.7791],[81.5993,7.8032],[81.5862,7.8001],[81.5704,7.7788],[81.5837,7.7791]]]}},{"type":"Feature","properties":{"name":"Eravur Pattu PS","district":"Batticaloa","province":"Eastern Province"},"geometry":{"type":"Polygon","coordinates":[[[81.5955,7.7818],[81.593,7.7936],[81.5837,7.7791],[81.5957,7.7681],[81.5998,7.7708],[81.5955,7.7818]]]}},{"type":"Feature","properties":{"name":"Eravur Pattu PS","district":"Batticaloa","province":"Eastern Province"},"geometry":{"type":"Polygon","coordinates":[[[81.568,7.7217],[81.5957,7.7681],[81.5837,7.7791],[81.5463,7.7765],[81.5424,7.7479],[81.5168,7.7611],[81.4769,7.7565],[81.453,7.7255],[81.4537,7.7011],[81.5656,7.7113],[81.568,7.7217]]]}},{"type":"Feature","properties":{"name":"Eravur Pattu PS","district":"Batticaloa","province":"Eastern Province"},"geometry":{"type":"Polygon","coordinates":[[[81.5141,7.8161],[81.5052,7.8065],[81.4789,7.8183],[81.4485,7.7814],[81.4069,7.7879],[81.3994,7.7675],[81.2377,7.7602],[81.2404,7.7395],[81.3222,7.7344],[81.3791,7.6592],[81.4431,7.6812],[81.4537,7.7011],[81.453,7.7255],[81.4769,7.7565],[81.5168,7.7611],[81.5375,7.7754],[81.5323,7.8001],[81.5141,7.8161]]]}},{"type":"Feature","properties":{"name":"Eravur Pattu PS","district":"Batticaloa","province":"Eastern Province"},"geometry":{"type":"Polygon","coordinates":[[[81.5183,7.6479],[81.5537,7.6783],[81.5656,7.7113],[81.4537,7.7011],[81.4431,7.6812],[81.3791,7.6592],[81.4422,7.6324],[81.4845,7.6671],[81.481,7.6518],[81.5006,7.6643],[81.5183,7.6479]]]}},{"type":"Feature","properties":{"name":"Eravur Pattu PS","district":"Batticaloa","province":"Eastern Province"},"geometry":{"type":"Polygon","coordinates":[[[81.5076,7.5346],[81.5183,7.6479],[81.5006,7.6643],[81.481,7.6518],[81.4845,7.6671],[81.4422,7.6324],[81.4317,7.5739],[81.4462,7.5507],[81.5004,7.5182],[81.5076,7.5346]]]}},{"type":"Feature","properties":{"name":"Eravur Pattu PS","district":"Batticaloa","province":"Eastern Province"},"geometry":{"type":"Polygon","coordinates":[[[81.5492,7.535],[81.5076,7.5346],[81.5005,7.5182],[81.4945,7.5136],[81.5472,7.5078],[81.5492,7.535]]]}},{"type":"Feature","properties":{"name":"Kattankudy UC","district":"Batticaloa","province":"Eastern Province"},"geometry":{"type":"Polygon","coordinates":[[[81.7252,7.6729],[81.7461,7.678],[81.7353,7.6949],[81.7193,7.6843],[81.7252,7.6729]]]}},{"type":"Feature","properties":{"name":"Eravur UC","district":"Batticaloa","province":"Eastern Province"},"geometry":{"type":"Polygon","coordinates":[[[81.6009,7.7711],[81.6119,7.7681],[81.6168,7.7764],[81.6061,7.7838],[81.6009,7.7711]]]}},{"type":"Feature","properties":{"name":"Koralai Pattu PS","district":"Batticaloa","province":"Eastern Province"},"geometry":{"type":"MultiPolygon","coordinates":[[[[81.5503,7.8232],[81.5669,7.8259],[81.5791,7.8486],[81.5661,7.8796],[81.5235,7.8751],[81.5487,7.8243],[81.5503,7.8232]]],[[[81.5093,7.8921],[81.445,7.9023],[81.3848,7.9556],[81.357,7.9316],[81.3248,7.9276],[81.3186,7.8953],[81.3059,7.9132],[81.2714,7.8835],[81.2566,7.9055],[81.2377,7.9017],[81.2248,7.8211],[81.2377,7.7602],[81.3994,7.7675],[81.4069,7.7879],[81.4485,7.7814],[81.4789,7.8183],[81.5052,7.8065],[81.5141,7.8161],[81.5138,7.8311],[81.5475,7.8279],[81.5093,7.8921]]],[[[81.5291,7.899],[81.5304,7.9074],[81.5312,7.92],[81.5298,7.9263],[81.5287,7.9269],[81.5211,7.9194],[81.5291,7.899]]],[[[81.5198,7.9209],[81.5198,7.9209],[81.5168,7.9227],[81.5198,7.9209]]],[[[81.516,7.898],[81.5158,7.891],[81.5176,7.8942],[81.517,7.8965],[81.516,7.898]]]]}},{"type":"Feature","properties":{"name":"Koralai Pattu North PS","district":"Batticaloa","province":"Eastern Province"},"geometry":{"type":"MultiPolygon","coordinates":[[[[81.3356,7.964],[81.4143,7.964],[81.5224,7.9462],[81.5252,7.934],[81.5453,7.9473],[81.552,7.9924],[81.5267,7.9852],[81.4741,8.0402],[81.4037,8.266],[81.3963,8.2483],[81.3927,8.2616],[81.3248,8.2626],[81.3114,8.2519],[81.3066,8.0292],[81.3356,7.964]],[[81.3857,8.1438],[81.3837,8.2],[81.4001,8.1916],[81.4043,8.15],[81.4342,8.0971],[81.4339,8.1536],[81.4474,8.1161],[81.4356,8.0731],[81.4467,8.0655],[81.4311,8.0705],[81.4355,8.0929],[81.4076,8.1057],[81.405,8.1324],[81.3857,8.1438]]],[[[81.5313,7.9074],[81.5337,7.9095],[81.5312,7.92],[81.5313,7.9074]]],[[[81.5298,7.9263],[81.5311,7.9275],[81.5287,7.9269],[81.5298,7.9263]]],[[[81.4622,8.1105],[81.4641,8.1105],[81.4642,8.1119],[81.4622,8.1105]]],[[[81.4415,8.1099],[81.4451,8.1151],[81.4444,8.1183],[81.4404,8.1135],[81.4415,8.1099]]]]}},{"type":"Feature","properties":{"name":"Koralai Pattu West PS","district":"Batticaloa","province":"Eastern Province"},"geometry":{"type":"MultiPolygon","coordinates":[[[[81.5291,7.899],[81.5211,7.9194],[81.5168,7.9227],[81.5178,7.9026],[81.5196,7.9007],[81.5291,7.899]]],[[[81.2377,7.9017],[81.2566,7.9055],[81.2714,7.8835],[81.3059,7.9132],[81.3186,7.8953],[81.3248,7.9276],[81.357,7.9316],[81.3848,7.9556],[81.445,7.9023],[81.5093,7.8921],[81.5252,7.934],[81.5224,7.9462],[81.4143,7.964],[81.3356,7.964],[81.3394,7.9363],[81.2882,7.9476],[81.253,7.9364],[81.2362,7.9066],[81.2377,7.9017]]],[[[81.519,7.9063],[81.519,7.9076],[81.5179,7.9062],[81.519,7.9063]]],[[[81.5172,7.9045],[81.5167,7.9032],[81.5183,7.9052],[81.5172,7.9045]]],[[[81.5137,7.9139],[81.516,7.9072],[81.518,7.911],[81.5137,7.9139]]],[[[81.5133,7.9121],[81.513,7.9124],[81.5134,7.9111],[81.5133,7.9121]]],[[[81.5101,7.9027],[81.5091,7.9021],[81.5104,7.902],[81.5101,7.9027]]]]}},{"type":"Feature","properties":{"name":"Manmunaipattu PS","district":"Batticaloa","province":"Eastern Province"},"geometry":{"type":"Polygon","coordinates":[[[81.7252,7.6729],[81.7207,7.6574],[81.7521,7.6363],[81.7647,7.5955],[81.7857,7.6022],[81.7461,7.678],[81.7252,7.6729]]]}},{"type":"Feature","properties":{"name":"Manmunai South & Eruvil Pattu PS","district":"Batticaloa","province":"Eastern Province"},"geometry":{"type":"Polygon","coordinates":[[[81.7647,7.5955],[81.7807,7.5833],[81.783,7.5197],[81.77,7.4968],[81.7954,7.4747],[81.8053,7.4976],[81.7956,7.4398],[81.8078,7.432],[81.8186,7.4576],[81.7857,7.6022],[81.7647,7.5955]],[[81.8058,7.4972],[81.8163,7.4645],[81.8095,7.4773],[81.8058,7.4972]]]}},{"type":"Feature","properties":{"name":"Manmunai South-West PS","district":"Batticaloa","province":"Eastern Province"},"geometry":{"type":"MultiPolygon","coordinates":[[[[81.6458,7.5228],[81.6366,7.5464],[81.6541,7.5539],[81.7453,7.5631],[81.7703,7.5802],[81.7495,7.5902],[81.7223,7.6476],[81.7006,7.6328],[81.7092,7.6033],[81.6684,7.6108],[81.6553,7.5787],[81.601,7.5798],[81.5492,7.535],[81.5472,7.5078],[81.6183,7.5077],[81.6458,7.5228]]],[[[81.7311,7.6341],[81.7327,7.6349],[81.7318,7.6363],[81.7311,7.6341]]],[[[81.7283,7.6367],[81.7274,7.6424],[81.7259,7.6406],[81.7283,7.6367]]]]}},{"type":"Feature","properties":{"name":"Manmunai West (Vavunativu) PS","district":"Batticaloa","province":"Eastern Province"},"geometry":{"type":"MultiPolygon","coordinates":[[[[81.5492,7.535],[81.601,7.5798],[81.6553,7.5787],[81.6684,7.6108],[81.7092,7.6033],[81.7006,7.6328],[81.6863,7.6387],[81.6971,7.6558],[81.6851,7.6792],[81.6703,7.6683],[81.6505,7.7078],[81.6353,7.7043],[81.6569,7.7214],[81.6197,7.7348],[81.6097,7.7115],[81.568,7.7217],[81.5537,7.6783],[81.5183,7.6479],[81.5076,7.5346],[81.5492,7.535]]],[[[81.7008,7.656],[81.698,7.6522],[81.7029,7.6483],[81.7045,7.6525],[81.7008,7.656]]],[[[81.6956,7.6483],[81.6942,7.6476],[81.6956,7.647],[81.6956,7.6483]]]]}},{"type":"Feature","properties":{"name":"Porativepattu PS","district":"Batticaloa","province":"Eastern Province"},"geometry":{"type":"MultiPolygon","coordinates":[[[[81.7078,7.4352],[81.7533,7.458],[81.769,7.483],[81.7461,7.5097],[81.7671,7.5018],[81.7816,7.5205],[81.744,7.5293],[81.7409,7.5468],[81.7627,7.5352],[81.7712,7.5468],[81.7453,7.5631],[81.6541,7.5539],[81.6366,7.5464],[81.6458,7.5228],[81.664,7.3994],[81.7078,7.4352]]],[[[81.7711,7.5371],[81.7711,7.5363],[81.7715,7.5369],[81.7711,7.5371]]]]}},{"type":"Feature","properties":{"name":"Kalmunai MC","district":"Ampara","province":"Eastern Province"},"geometry":{"type":"Polygon","coordinates":[[[81.846,7.3897],[81.8186,7.4576],[81.8078,7.432],[81.7956,7.4398],[81.7884,7.4396],[81.8204,7.3831],[81.846,7.3897]]]}},{"type":"Feature","properties":{"name":"Akkaraipattu MC","district":"Ampara","province":"Eastern Province"},"geometry":{"type":"Polygon","coordinates":[[[81.836,7.2223],[81.8622,7.2095],[81.8632,7.2348],[81.8265,7.2393],[81.836,7.2223]]]}},{"type":"Feature","properties":{"name":"Ampara UC/ Namaloya PS","district":"Ampara","province":"Eastern Province"},"geometry":{"type":"Polygon","coordinates":[[[81.645,7.2648],[81.6958,7.2776],[81.7163,7.3179],[81.6903,7.3126],[81.6799,7.3291],[81.6614,7.3272],[81.6227,7.3039],[81.6294,7.2895],[81.6349,7.2555],[81.6295,7.2449],[81.645,7.2648]]]}},{"type":"Feature","properties":{"name":"Addalachchanai PS","district":"Ampara","province":"Eastern Province"},"geometry":{"type":"Polygon","coordinates":[[[81.7577,7.2215],[81.8265,7.2393],[81.8632,7.2348],[81.867,7.3005],[81.8139,7.2931],[81.7756,7.2977],[81.7526,7.2561],[81.7577,7.2215]]]}},{"type":"Feature","properties":{"name":"Alayadiwembu PS","district":"Ampara","province":"Eastern Province"},"geometry":{"type":"Polygon","coordinates":[[[81.7524,7.1391],[81.7867,7.1277],[81.8355,7.1369],[81.8291,7.1623],[81.8619,7.1858],[81.8622,7.2095],[81.836,7.2223],[81.8247,7.2002],[81.7814,7.1895],[81.7826,7.1725],[81.7567,7.1732],[81.7445,7.1642],[81.7524,7.1391]]]}},{"type":"Feature","properties":{"name":"Damana PS","district":"Ampara","province":"Eastern Province"},"geometry":{"type":"Polygon","coordinates":[[[81.5015,7.1571],[81.5185,7.1002],[81.6136,7.0676],[81.6178,6.9811],[81.6894,6.9675],[81.6836,7.0631],[81.6974,7.0765],[81.7252,7.1241],[81.7524,7.1391],[81.7445,7.1642],[81.7567,7.1732],[81.7429,7.1964],[81.734,7.194],[81.7118,7.1964],[81.6709,7.2546],[81.6559,7.253],[81.645,7.2648],[81.6161,7.2264],[81.6004,7.2346],[81.5559,7.2192],[81.5232,7.1978],[81.5015,7.1571]]]}},{"type":"Feature","properties":{"name":"Dehiattakandiya PS","district":"Ampara","province":"Eastern Province"},"geometry":{"type":"Polygon","coordinates":[[[80.9795,7.6216],[81.0143,7.594],[81.0143,7.5514],[81.0404,7.5044],[81.1893,7.5728],[81.2101,7.6112],[81.2146,7.6425],[81.1776,7.6673],[81.1718,7.6435],[81.104,7.6605],[81.1023,7.6912],[81.1094,7.7146],[81.0969,7.7285],[81.0718,7.7164],[81.0511,7.7369],[81.0494,7.7124],[81.0384,7.7032],[81.0316,7.7156],[80.9881,7.7255],[80.9967,7.6597],[80.9795,7.6216]]]}},{"type":"Feature","properties":{"name":"Akkaraipattu PS","district":"Ampara","province":"Eastern Province"},"geometry":{"type":"MultiPolygon","coordinates":[[[[81.8265,7.2393],[81.7577,7.2215],[81.7429,7.1964],[81.7567,7.1732],[81.7826,7.1725],[81.7814,7.1895],[81.8247,7.2002],[81.836,7.2223],[81.8265,7.2393]]],[[[81.7445,7.1642],[81.7445,7.1642],[81.7503,7.1492],[81.7445,7.1642]]],[[[81.7118,7.1964],[81.7118,7.1964],[81.734,7.194],[81.7118,7.1964]]]]}},{"type":"Feature","properties":{"name":"Lahugala PS","district":"Ampara","province":"Eastern Province"},"geometry":{"type":"Polygon","coordinates":[[[81.707,6.5107],[81.7632,6.5957],[81.7728,6.6707],[81.8266,6.7641],[81.8249,6.8098],[81.7604,6.8386],[81.7549,6.9193],[81.733,6.9588],[81.6178,6.9811],[81.6379,6.9585],[81.6085,6.5801],[81.6386,6.5422],[81.707,6.5107]]]}},{"type":"Feature","properties":{"name":"Mahaoya PS","district":"Ampara","province":"Eastern Province"},"geometry":{"type":"Polygon","coordinates":[[[81.3652,7.3572],[81.3865,7.3696],[81.3747,7.4093],[81.4061,7.4159],[81.4071,7.4317],[81.4551,7.4589],[81.4796,7.4543],[81.4945,7.5136],[81.5004,7.5182],[81.4462,7.5507],[81.4317,7.5739],[81.4422,7.6324],[81.3791,7.6592],[81.3222,7.7344],[81.2404,7.7395],[81.241,7.6814],[81.2146,7.6425],[81.2101,7.6112],[81.2219,7.5903],[81.2613,7.5858],[81.3018,7.5228],[81.2798,7.5114],[81.3222,7.4434],[81.2926,7.3963],[81.3274,7.3976],[81.3254,7.3814],[81.3652,7.3572]]]}},{"type":"Feature","properties":{"name":"Namaloya PS","district":"Ampara","province":"Eastern Province"},"geometry":{"type":"MultiPolygon","coordinates":[[[[81.6709,7.2546],[81.6921,7.2578],[81.6958,7.2776],[81.645,7.2648],[81.6559,7.253],[81.6709,7.2546]]],[[[81.5559,7.2192],[81.6004,7.2346],[81.6161,7.2264],[81.6295,7.2449],[81.6349,7.2555],[81.6294,7.2895],[81.6085,7.2746],[81.5211,7.3218],[81.4811,7.3211],[81.52,7.288],[81.5211,7.243],[81.5559,7.2192]]]]}},{"type":"Feature","properties":{"name":"Ninthavur PS","district":"Ampara","province":"Eastern Province"},"geometry":{"type":"Polygon","coordinates":[[[81.8139,7.2931],[81.867,7.3005],[81.8546,7.3649],[81.8307,7.3589],[81.8208,7.3607],[81.8139,7.2931]]]}},{"type":"Feature","properties":{"name":"Padiyathalawa  PS","district":"Ampara","province":"Eastern Province"},"geometry":{"type":"Polygon","coordinates":[[[81.2236,7.3315],[81.2461,7.335],[81.2849,7.2424],[81.3215,7.2652],[81.3206,7.3382],[81.36,7.3399],[81.3652,7.3572],[81.3254,7.3814],[81.3274,7.3976],[81.2926,7.3963],[81.3222,7.4434],[81.2798,7.5114],[81.3018,7.5228],[81.2613,7.5858],[81.2219,7.5903],[81.2101,7.6112],[81.1893,7.5728],[81.2051,7.5576],[81.2074,7.5171],[81.183,7.4421],[81.2023,7.3913],[81.1946,7.3761],[81.2236,7.3315]]]}},{"type":"Feature","properties":{"name":"Pothuvil  PS","district":"Ampara","province":"Eastern Province"},"geometry":{"type":"Polygon","coordinates":[[[81.8249,6.8098],[81.8754,7.0313],[81.8407,7.0244],[81.8356,7.0365],[81.8138,7.0104],[81.7795,7.0189],[81.7824,7.0066],[81.7301,7.0215],[81.7192,7.0743],[81.6974,7.0765],[81.6836,7.0631],[81.6894,6.9675],[81.733,6.9588],[81.7549,6.9193],[81.7604,6.8386],[81.8249,6.8098]]]}},{"type":"Feature","properties":{"name":"Sammanthurai PS","district":"Ampara","province":"Eastern Province"},"geometry":{"type":"Polygon","coordinates":[[[81.6958,7.2776],[81.7373,7.2674],[81.7756,7.2977],[81.8139,7.2931],[81.8208,7.3607],[81.8204,7.3831],[81.8129,7.3975],[81.7581,7.3606],[81.7448,7.3806],[81.7316,7.3737],[81.7403,7.3492],[81.7163,7.3179],[81.6958,7.2776]]]}},{"type":"Feature","properties":{"name":"Thirukkovili PS","district":"Ampara","province":"Eastern Province"},"geometry":{"type":"Polygon","coordinates":[[[81.6974,7.0765],[81.7192,7.0743],[81.7301,7.0215],[81.7824,7.0066],[81.7795,7.0189],[81.8138,7.0104],[81.8356,7.0365],[81.8407,7.0244],[81.8754,7.0313],[81.8582,7.1004],[81.8619,7.1858],[81.8291,7.1623],[81.8355,7.1369],[81.7867,7.1277],[81.7524,7.1391],[81.7252,7.1241],[81.6974,7.0765]]]}},{"type":"Feature","properties":{"name":"Uhana PS","district":"Ampara","province":"Eastern Province"},"geometry":{"type":"Polygon","coordinates":[[[81.6294,7.2895],[81.6227,7.3039],[81.6614,7.3272],[81.6799,7.3291],[81.6903,7.3126],[81.7163,7.3179],[81.7403,7.3492],[81.7316,7.3737],[81.7447,7.39],[81.736,7.4133],[81.7078,7.4352],[81.664,7.3994],[81.6458,7.5228],[81.6183,7.5077],[81.5472,7.5078],[81.4945,7.5136],[81.4796,7.4543],[81.4622,7.428],[81.478,7.4218],[81.4912,7.3358],[81.4811,7.3211],[81.5211,7.3218],[81.6085,7.2746],[81.6294,7.2895]]]}},{"type":"Feature","properties":{"name":"Karathivu PS","district":"Ampara","province":"Eastern Province"},"geometry":{"type":"Polygon","coordinates":[[[81.8307,7.3589],[81.8546,7.3649],[81.846,7.3897],[81.8204,7.3831],[81.8208,7.3607],[81.8307,7.3589]]]}},{"type":"Feature","properties":{"name":"Navithanveli PS","district":"Ampara","province":"Eastern Province"},"geometry":{"type":"Polygon","coordinates":[[[81.7316,7.3737],[81.7448,7.3806],[81.7581,7.3606],[81.8129,7.3975],[81.7884,7.4396],[81.795,7.4663],[81.7745,7.4841],[81.7533,7.458],[81.7078,7.4352],[81.736,7.4133],[81.7447,7.39],[81.7316,7.3737]]]}},{"type":"Feature","properties":{"name":"Irakkamam PS","district":"Ampara","province":"Eastern Province"},"geometry":{"type":"Polygon","coordinates":[[[81.6709,7.2546],[81.7118,7.1964],[81.734,7.194],[81.7429,7.1964],[81.7577,7.2215],[81.7526,7.2561],[81.7756,7.2977],[81.7373,7.2674],[81.6958,7.2776],[81.6921,7.2578],[81.6709,7.2546]]]}},{"type":"Feature","properties":{"name":"Trincomalee MC","district":"Trincomalee","province":"Eastern Province"},"geometry":{"type":"Polygon","coordinates":[[[81.1986,8.5775],[81.2035,8.5683],[81.2206,8.5841],[81.2075,8.5654],[81.2253,8.5756],[81.2346,8.5619],[81.2218,8.5427],[81.2448,8.5446],[81.246,8.5826],[81.2347,8.5787],[81.2215,8.6029],[81.1935,8.5876],[81.1986,8.5775]]]}},{"type":"Feature","properties":{"name":"Kinniya UC","district":"Trincomalee","province":"Eastern Province"},"geometry":{"type":"Polygon","coordinates":[[[81.1773,8.5109],[81.1892,8.4656],[81.2044,8.4701],[81.1773,8.5109]]]}},{"type":"Feature","properties":{"name":"Gomarankadawala PS","district":"Trincomalee","province":"Eastern Province"},"geometry":{"type":"Polygon","coordinates":[[[80.9103,8.6676],[80.9477,8.6489],[80.9953,8.6622],[81.0185,8.6398],[81.0338,8.712],[81.0597,8.7336],[81.0607,8.756],[81.0096,8.8197],[80.9703,8.8282],[80.9473,8.868],[80.9214,8.8487],[80.9127,8.8326],[80.9135,8.8271],[80.8837,8.7877],[80.8803,8.7508],[80.9103,8.6676]]]}},{"type":"Feature","properties":{"name":"Kanthale PS","district":"Trincomalee","province":"Eastern Province"},"geometry":{"type":"Polygon","coordinates":[[[80.9687,8.3172],[80.9878,8.2729],[81.0553,8.2741],[81.1413,8.2594],[81.1818,8.2297],[81.1603,8.2988],[81.1949,8.3532],[81.2092,8.3694],[81.1311,8.3796],[81.1079,8.3974],[81.112,8.4114],[81.0936,8.41],[80.9625,8.4492],[80.9284,8.388],[80.9412,8.3423],[80.9687,8.3172]]]}},{"type":"Feature","properties":{"name":"Kinniya PS","district":"Trincomalee","province":"Eastern Province"},"geometry":{"type":"Polygon","coordinates":[[[81.0936,8.41],[81.112,8.4114],[81.1079,8.3974],[81.1311,8.3796],[81.2092,8.3694],[81.2098,8.4207],[81.224,8.4223],[81.2305,8.4605],[81.2044,8.4701],[81.1892,8.4656],[81.1773,8.5109],[81.1395,8.492],[81.1381,8.4767],[81.1067,8.4613],[81.0936,8.41]]]}},{"type":"Feature","properties":{"name":"Kuchchaveli PS","district":"Trincomalee","province":"Eastern Province"},"geometry":{"type":"Polygon","coordinates":[[[81.2164,8.6623],[81.0797,8.8687],[81.0662,8.8575],[81.0405,8.8791],[80.9672,8.9867],[80.8962,8.9808],[80.8956,8.9119],[80.9143,8.9122],[80.9042,8.9067],[80.9264,8.8674],[80.9214,8.8487],[80.9473,8.868],[80.9703,8.8282],[81.0096,8.8197],[81.0607,8.756],[81.0597,8.7336],[81.138,8.6279],[81.1564,8.6496],[81.1744,8.6477],[81.1854,8.6262],[81.2164,8.6623]]]}},{"type":"Feature","properties":{"name":"Morawewa PS","district":"Trincomalee","province":"Eastern Province"},"geometry":{"type":"Polygon","coordinates":[[[81.138,8.6279],[81.0597,8.7336],[81.0338,8.712],[81.0185,8.6398],[80.9953,8.6622],[80.9477,8.6489],[80.9103,8.6676],[80.8941,8.6221],[80.9421,8.5601],[80.9497,8.569],[81.0228,8.5435],[81.073,8.6092],[81.1264,8.5867],[81.138,8.6279]]]}},{"type":"Feature","properties":{"name":"Muttur PS","district":"Trincomalee","province":"Eastern Province"},"geometry":{"type":"Polygon","coordinates":[[[81.2175,8.3527],[81.2131,8.3697],[81.229,8.3629],[81.2541,8.3845],[81.2698,8.3746],[81.2636,8.3607],[81.2761,8.3642],[81.2697,8.3379],[81.2788,8.3349],[81.3126,8.4031],[81.3386,8.4042],[81.3727,8.4096],[81.3535,8.4959],[81.321,8.5252],[81.2804,8.5073],[81.2787,8.4653],[81.2305,8.4605],[81.224,8.4223],[81.2098,8.4207],[81.2092,8.3694],[81.1949,8.3532],[81.2175,8.3527]]]}},{"type":"Feature","properties":{"name":"Padavi Sri Pura PS","district":"Trincomalee","province":"Eastern Province"},"geometry":{"type":"Polygon","coordinates":[[[80.9214,8.8487],[80.9264,8.8674],[80.9042,8.9067],[80.9143,8.9122],[80.8956,8.9119],[80.8962,8.9808],[80.8655,8.9586],[80.8035,8.9528],[80.762,8.9365],[80.7551,8.9059],[80.8118,8.9165],[80.885,8.8695],[80.9127,8.8326],[80.9214,8.8487]]]}},{"type":"Feature","properties":{"name":"Seruvila PS","district":"Trincomalee","province":"Eastern Province"},"geometry":{"type":"Polygon","coordinates":[[[81.1924,8.1516],[81.2314,8.1557],[81.2498,8.226],[81.2804,8.2569],[81.3114,8.2519],[81.3248,8.2626],[81.3223,8.2932],[81.3473,8.3126],[81.3515,8.3758],[81.3621,8.3715],[81.3386,8.4042],[81.3126,8.4031],[81.2788,8.3349],[81.2697,8.3379],[81.2761,8.3642],[81.2636,8.3607],[81.2698,8.3746],[81.2541,8.3845],[81.229,8.3629],[81.2131,8.3697],[81.2175,8.3527],[81.1949,8.3532],[81.1603,8.2988],[81.1818,8.2297],[81.2025,8.2277],[81.2131,8.1803],[81.1924,8.1516]]]}},{"type":"Feature","properties":{"name":"Thambalagamuwa PS","district":"Trincomalee","province":"Eastern Province"},"geometry":{"type":"Polygon","coordinates":[[[80.9625,8.4492],[81.0936,8.41],[81.1067,8.4613],[81.1381,8.4767],[81.1395,8.492],[81.1206,8.5049],[81.1329,8.5124],[81.1152,8.5409],[81.1264,8.5867],[81.073,8.6092],[81.0228,8.5435],[80.9497,8.569],[80.9421,8.5601],[80.949,8.5081],[80.9653,8.4874],[80.9934,8.4835],[80.9625,8.4492]]]}},{"type":"Feature","properties":{"name":"Trincomalee Town and Gravets  PS","district":"Trincomalee","province":"Eastern Province"},"geometry":{"type":"Polygon","coordinates":[[[81.1329,8.5124],[81.1528,8.5463],[81.1776,8.5258],[81.1848,8.5361],[81.1858,8.512],[81.2131,8.5094],[81.1917,8.5443],[81.2064,8.554],[81.1919,8.5554],[81.1986,8.5775],[81.1935,8.5876],[81.2215,8.6029],[81.2164,8.6623],[81.1854,8.6262],[81.1744,8.6477],[81.1564,8.6496],[81.138,8.6279],[81.1152,8.5409],[81.1329,8.5124]]]}},{"type":"Feature","properties":{"name":"Verugal PS","district":"Trincomalee","province":"Eastern Province"},"geometry":{"type":"Polygon","coordinates":[[[81.3248,8.2626],[81.3927,8.2616],[81.3963,8.2483],[81.4037,8.266],[81.3727,8.4096],[81.3386,8.4042],[81.3621,8.3715],[81.3515,8.3758],[81.3473,8.3126],[81.3223,8.2932],[81.3248,8.2626]]]}},{"type":"Feature","properties":{"name":"Kurunegala MC","district":"Kurunegala","province":"North Western Province"},"geometry":{"type":"Polygon","coordinates":[[[80.371,7.4762],[80.3846,7.4758],[80.3792,7.5025],[80.3482,7.4998],[80.3457,7.4766],[80.371,7.4762]]]}},{"type":"Feature","properties":{"name":"Kuliyapitiya UC/ Kuliyapitiya PS","district":"Kurunegala","province":"North Western Province"},"geometry":{"type":"Polygon","coordinates":[[[80.0356,7.4756],[80.0177,7.4742],[80.0147,7.4583],[80.0634,7.4651],[80.0356,7.4756]]]}},{"type":"Feature","properties":{"name":"Alawwa PS","district":"Kurunegala","province":"North Western Province"},"geometry":{"type":"Polygon","coordinates":[[[80.1482,7.3136],[80.196,7.2582],[80.2789,7.3181],[80.2636,7.3656],[80.2768,7.3754],[80.2648,7.3962],[80.1978,7.3809],[80.1482,7.3136]]]}},{"type":"Feature","properties":{"name":"Bingiriya PS","district":"Kurunegala","province":"North Western Province"},"geometry":{"type":"Polygon","coordinates":[[[79.9002,7.5571],[79.9476,7.5253],[79.9716,7.5409],[79.9802,7.5318],[79.9762,7.5155],[79.9874,7.5253],[80.0336,7.5545],[80.0126,7.5826],[80.0181,7.6162],[79.9932,7.6081],[80.0479,7.6792],[79.9915,7.6833],[79.9984,7.6975],[79.9896,7.7054],[79.9634,7.6868],[79.9585,7.6734],[79.9284,7.6749],[79.9335,7.65],[79.9059,7.6169],[79.9002,7.5571]]]}},{"type":"Feature","properties":{"name":"Galgamuwa PS","district":"Kurunegala","province":"North Western Province"},"geometry":{"type":"Polygon","coordinates":[[[80.141,7.9547],[80.1696,7.9493],[80.2489,7.98],[80.2838,7.8995],[80.3678,7.8799],[80.3851,7.9607],[80.4177,7.9498],[80.4198,8.0431],[80.3617,8.0671],[80.3173,8.1138],[80.2772,8.1165],[80.2567,8.1284],[80.2737,8.0857],[80.23,8.0335],[80.1746,8.0242],[80.1474,8.0518],[80.141,7.9547]]]}},{"type":"Feature","properties":{"name":"Giribawa PS","district":"Kurunegala","province":"North Western Province"},"geometry":{"type":"Polygon","coordinates":[[[80.1474,8.0518],[80.1746,8.0242],[80.23,8.0335],[80.2737,8.0857],[80.2567,8.1284],[80.1001,8.1979],[80.1101,8.1314],[80.1256,8.0822],[80.1522,8.0685],[80.1474,8.0518]]]}},{"type":"Feature","properties":{"name":"Ibbagamuwa PS","district":"Kurunegala","province":"North Western Province"},"geometry":{"type":"Polygon","coordinates":[[[80.3456,7.6159],[80.4291,7.5189],[80.4411,7.5074],[80.4835,7.5234],[80.4996,7.5906],[80.4859,7.5946],[80.5055,7.5994],[80.507,7.6233],[80.5566,7.6344],[80.5538,7.6692],[80.5408,7.7089],[80.4983,7.6934],[80.479,7.718],[80.4272,7.6896],[80.3944,7.699],[80.3743,7.6756],[80.3295,7.7037],[80.344,7.7408],[80.3303,7.7467],[80.2987,7.7036],[80.2778,7.7104],[80.3456,7.6159]]]}},{"type":"Feature","properties":{"name":"Kobeigane PS","district":"Kurunegala","province":"North Western Province"},"geometry":{"type":"Polygon","coordinates":[[[80.0479,7.6792],[80.0659,7.66],[80.1031,7.6576],[80.1222,7.6204],[80.1342,7.6355],[80.1753,7.6337],[80.1704,7.6801],[80.153,7.6962],[80.1588,7.7193],[80.0863,7.7343],[80.0693,7.7183],[80.0301,7.7221],[79.9984,7.6975],[79.9915,7.6833],[80.0479,7.6792]]]}},{"type":"Feature","properties":{"name":"Kuliyapitiya PS","district":"Kurunegala","province":"North Western Province"},"geometry":{"type":"Polygon","coordinates":[[[79.9973,7.4322],[80.0671,7.4302],[80.0859,7.3987],[80.1537,7.4146],[80.1573,7.3944],[80.1722,7.3834],[80.1891,7.4055],[80.1885,7.4775],[80.2188,7.4652],[80.2273,7.5025],[80.2138,7.5196],[80.1752,7.5465],[80.1452,7.4984],[80.1204,7.5098],[80.1053,7.5005],[80.091,7.516],[80.0533,7.4899],[80.0519,7.5478],[80.0336,7.5545],[79.9874,7.5253],[79.9973,7.4322]],[[80.0356,7.4756],[80.0634,7.4651],[80.0147,7.4583],[80.0177,7.4742],[80.0356,7.4756]]]}},{"type":"Feature","properties":{"name":"Kurunegala PS","district":"Kurunegala","province":"North Western Province"},"geometry":{"type":"Polygon","coordinates":[[[80.3167,7.4833],[80.3482,7.3871],[80.4071,7.3865],[80.3963,7.4149],[80.4154,7.4235],[80.4017,7.4652],[80.4291,7.5189],[80.3456,7.6159],[80.3326,7.6242],[80.327,7.6059],[80.3117,7.6066],[80.2895,7.6686],[80.3043,7.5028],[80.3167,7.4833]],[[80.3581,7.5015],[80.3792,7.5025],[80.3846,7.4758],[80.3457,7.4766],[80.3581,7.5015]]]}},{"type":"Feature","properties":{"name":"Maho PS","district":"Kurunegala","province":"North Western Province"},"geometry":{"type":"Polygon","coordinates":[[[80.2019,7.8156],[80.2132,7.7755],[80.2281,7.7913],[80.2239,7.7725],[80.2454,7.7473],[80.2362,7.7356],[80.2778,7.7104],[80.2987,7.7036],[80.3303,7.7467],[80.344,7.7408],[80.3628,7.7609],[80.3519,7.8263],[80.3678,7.8799],[80.2838,7.8995],[80.2489,7.98],[80.1696,7.9493],[80.1648,7.8989],[80.2008,7.8369],[80.1964,7.8343],[80.2019,7.8156]]]}},{"type":"Feature","properties":{"name":"Mawathagama PS","district":"Kurunegala","province":"North Western Province"},"geometry":{"type":"Polygon","coordinates":[[[80.4212,7.3562],[80.4593,7.3513],[80.4513,7.3615],[80.4722,7.3933],[80.4617,7.4109],[80.5192,7.3896],[80.5174,7.4141],[80.4657,7.4383],[80.464,7.4587],[80.4369,7.4803],[80.4411,7.5074],[80.4291,7.5189],[80.4017,7.4652],[80.4154,7.4235],[80.3963,7.4149],[80.4212,7.3562]]]}},{"type":"Feature","properties":{"name":"Nikaweratiya PS","district":"Kurunegala","province":"North Western Province"},"geometry":{"type":"Polygon","coordinates":[[[80.1099,7.95],[80.0986,7.9145],[80.0725,7.914],[80.0662,7.873],[80.0056,7.8299],[79.9997,7.7447],[79.9391,7.6945],[79.9634,7.6868],[79.9896,7.7054],[79.9984,7.6975],[80.0301,7.7221],[80.0693,7.7183],[80.0863,7.7343],[80.1588,7.7193],[80.2362,7.7356],[80.2454,7.7473],[80.2239,7.7725],[80.2281,7.7913],[80.2132,7.7755],[80.1964,7.8343],[80.2008,7.8369],[80.1648,7.8989],[80.1696,7.9493],[80.141,7.9547],[80.1483,7.9421],[80.1328,7.9343],[80.1099,7.95]]]}},{"type":"Feature","properties":{"name":"Panduwasnuwara PS","district":"Kurunegala","province":"North Western Province"},"geometry":{"type":"Polygon","coordinates":[[[80.0336,7.5545],[80.0519,7.5478],[80.0533,7.4899],[80.091,7.516],[80.1053,7.5005],[80.1204,7.5098],[80.1452,7.4984],[80.1752,7.5465],[80.198,7.579],[80.2104,7.5757],[80.2201,7.6057],[80.1753,7.6337],[80.1342,7.6355],[80.1222,7.6204],[80.1031,7.6576],[80.0659,7.66],[80.0479,7.6792],[79.9932,7.6081],[80.0181,7.6162],[80.0126,7.5826],[80.0336,7.5545]]]}},{"type":"Feature","properties":{"name":"Pannala PS","district":"Kurunegala","province":"North Western Province"},"geometry":{"type":"Polygon","coordinates":[[[79.9416,7.2762],[80.0079,7.3218],[80.0554,7.2839],[80.0948,7.3076],[80.1252,7.3301],[80.1349,7.3513],[80.1235,7.3713],[80.1573,7.3944],[80.1537,7.4147],[80.0859,7.3987],[80.0671,7.4302],[79.9973,7.4322],[79.9391,7.4049],[79.9239,7.4119],[79.9302,7.3792],[79.9416,7.2762]]]}},{"type":"Feature","properties":{"name":"Polgahawela PS","district":"Kurunegala","province":"North Western Province"},"geometry":{"type":"Polygon","coordinates":[[[80.2636,7.3656],[80.2789,7.3181],[80.2868,7.3153],[80.3059,7.3193],[80.3486,7.3344],[80.3482,7.3871],[80.3167,7.4833],[80.3043,7.5028],[80.2995,7.5014],[80.2987,7.493],[80.293,7.4879],[80.2653,7.494],[80.2495,7.5211],[80.2138,7.5196],[80.2273,7.5025],[80.2188,7.4652],[80.2512,7.4432],[80.246,7.4226],[80.2648,7.3962],[80.2768,7.3754],[80.2636,7.3656]]]}},{"type":"Feature","properties":{"name":"Polpithigama PS","district":"Kurunegala","province":"North Western Province"},"geometry":{"type":"Polygon","coordinates":[[[80.344,7.7408],[80.3295,7.7037],[80.3743,7.6756],[80.3944,7.699],[80.4272,7.6896],[80.479,7.718],[80.4983,7.6934],[80.5408,7.7089],[80.5195,7.7726],[80.4979,7.7834],[80.5013,7.8169],[80.4688,7.8501],[80.4799,7.8809],[80.4603,7.9456],[80.4177,7.9498],[80.3851,7.9607],[80.3678,7.8799],[80.3519,7.8263],[80.3628,7.7609],[80.344,7.7408]]]}},{"type":"Feature","properties":{"name":"Rideegama PS","district":"Kurunegala","province":"North Western Province"},"geometry":{"type":"Polygon","coordinates":[[[80.4411,7.5074],[80.4369,7.4803],[80.464,7.4587],[80.4657,7.4383],[80.5174,7.4141],[80.5558,7.4174],[80.5407,7.4494],[80.5656,7.4584],[80.5747,7.4833],[80.5525,7.5511],[80.5748,7.5748],[80.5775,7.6043],[80.5566,7.6344],[80.507,7.6233],[80.5055,7.5994],[80.4859,7.5946],[80.4996,7.5906],[80.4835,7.5234],[80.4411,7.5074]]]}},{"type":"Feature","properties":{"name":"Wariyapola PS","district":"Kurunegala","province":"North Western Province"},"geometry":{"type":"Polygon","coordinates":[[[80.1752,7.5465],[80.2138,7.5196],[80.2495,7.5211],[80.2653,7.494],[80.293,7.4879],[80.2987,7.493],[80.2995,7.5014],[80.3043,7.5028],[80.2895,7.6686],[80.3117,7.6066],[80.327,7.6059],[80.3326,7.6242],[80.3456,7.6159],[80.2778,7.7104],[80.2362,7.7356],[80.1588,7.7193],[80.153,7.6962],[80.1704,7.6801],[80.1753,7.6337],[80.2201,7.6057],[80.2104,7.5757],[80.198,7.579],[80.1752,7.5465]]]}},{"type":"Feature","properties":{"name":"Udubaddawa PS","district":"Kurunegala","province":"North Western Province"},"geometry":{"type":"Polygon","coordinates":[[[79.907,7.4855],[79.9239,7.4119],[79.9391,7.4049],[79.9973,7.4322],[79.9874,7.5253],[79.9762,7.5155],[79.9802,7.5318],[79.9716,7.5409],[79.9476,7.5253],[79.9002,7.5571],[79.907,7.4855]]]}},{"type":"Feature","properties":{"name":"Narammala PS","district":"Kurunegala","province":"North Western Province"},"geometry":{"type":"Polygon","coordinates":[[[80.1482,7.3136],[80.1978,7.3809],[80.2648,7.3962],[80.246,7.4226],[80.2512,7.4432],[80.2188,7.4652],[80.1885,7.4775],[80.1891,7.4055],[80.1722,7.3834],[80.1573,7.3944],[80.1235,7.3713],[80.1349,7.3513],[80.1252,7.3301],[80.1482,7.3136]]]}},{"type":"Feature","properties":{"name":"Puttalam MC","district":"Puttalam","province":"North Western Province"},"geometry":{"type":"Polygon","coordinates":[[[79.8327,8.0042],[79.8692,8.0101],[79.8575,8.0639],[79.8397,8.0646],[79.8207,8.0399],[79.8327,8.0042]]]}},{"type":"Feature","properties":{"name":"Chilaw UC","district":"Puttalam","province":"North Western Province"},"geometry":{"type":"Polygon","coordinates":[[[79.7884,7.5533],[79.7904,7.571],[79.8086,7.573],[79.7907,7.6051],[79.7861,7.6042],[79.7884,7.5533]]]}},{"type":"Feature","properties":{"name":"Anamaduwa PS","district":"Puttalam","province":"North Western Province"},"geometry":{"type":"Polygon","coordinates":[[[79.9059,7.6169],[79.9335,7.65],[79.9284,7.6749],[79.9585,7.6734],[79.9634,7.6868],[79.9391,7.6945],[79.9997,7.7447],[80.0056,7.8299],[80.0662,7.873],[80.0725,7.914],[80.0986,7.9145],[80.1099,7.95],[80.0708,7.9649],[79.968,7.9616],[79.9208,8.0014],[79.8595,7.8727],[79.8668,7.8418],[79.8407,7.7686],[79.8707,7.7805],[79.9274,7.7696],[79.9032,7.6925],[79.9059,7.6169]]]}},{"type":"Feature","properties":{"name":"Arachchikattuwa PS","district":"Puttalam","province":"North Western Province"},"geometry":{"type":"Polygon","coordinates":[[[79.7907,7.6051],[79.8044,7.6142],[79.8206,7.5996],[79.8839,7.6314],[79.9059,7.6167],[79.9032,7.6925],[79.9274,7.7696],[79.8707,7.7805],[79.8036,7.7565],[79.7986,7.7757],[79.7848,7.7717],[79.8004,7.6408],[79.7861,7.6042],[79.7907,7.6051]]]}},{"type":"Feature","properties":{"name":"Chilaw PS","district":"Puttalam","province":"North Western Province"},"geometry":{"type":"Polygon","coordinates":[[[79.7931,7.5199],[79.8137,7.5194],[79.8226,7.4715],[79.8919,7.4725],[79.907,7.4855],[79.9002,7.5571],[79.9059,7.6167],[79.8839,7.6314],[79.8206,7.5996],[79.8044,7.6142],[79.7907,7.6051],[79.8086,7.573],[79.7904,7.571],[79.7884,7.5533],[79.7931,7.5199]]]}},{"type":"Feature","properties":{"name":"Kalpitiya PS","district":"Puttalam","province":"North Western Province"},"geometry":{"type":"MultiPolygon","coordinates":[[[[79.823,7.9784],[79.7507,7.9904],[79.7363,8.0152],[79.7551,8.0633],[79.731,8.0856],[79.728,8.1375],[79.7493,8.182],[79.7376,8.2017],[79.7561,8.2248],[79.769,8.2172],[79.7767,8.2614],[79.7312,8.2285],[79.7637,8.2683],[79.7505,8.2641],[79.7526,8.2852],[79.7859,8.3839],[79.7747,8.3766],[79.7341,8.234],[79.6924,8.2077],[79.7134,8.0222],[79.7848,7.7717],[79.7986,7.7757],[79.7885,7.7813],[79.8044,7.8501],[79.7993,7.8853],[79.823,7.9214],[79.823,7.9784]]],[[[79.8027,8.339],[79.8067,8.3204],[79.8139,8.3203],[79.8103,8.3389],[79.8027,8.339]]],[[[79.8104,8.4033],[79.809,8.4484],[79.7803,8.493],[79.786,8.5471],[79.7763,8.5021],[79.7863,8.4692],[79.7997,8.4495],[79.8061,8.4453],[79.806,8.4065],[79.8104,8.4033]]],[[[79.7936,8.3039],[79.7994,8.2944],[79.8023,8.3045],[79.7951,8.306],[79.7936,8.3039]]],[[[79.79,8.2861],[79.7909,8.2832],[79.7952,8.2831],[79.79,8.2861]]],[[[79.7862,8.274],[79.7869,8.2745],[79.7858,8.2753],[79.7862,8.274]]],[[[79.7789,8.2738],[79.775,8.2675],[79.7818,8.2623],[79.7859,8.2681],[79.7789,8.2738]]],[[[79.7832,8.2188],[79.782,8.2159],[79.7855,8.215],[79.7832,8.2188]]],[[[79.781,8.2414],[79.7797,8.2406],[79.7813,8.2407],[79.781,8.2414]]],[[[79.7779,8.2337],[79.7801,8.2347],[79.7795,8.2382],[79.7779,8.2337]]],[[[79.7767,8.1903],[79.7753,8.187],[79.7553,8.1732],[79.7792,8.1882],[79.7767,8.1903]]],[[[79.7751,8.2449],[79.7759,8.2444],[79.7764,8.2455],[79.7751,8.2449]]],[[[79.7731,8.2753],[79.7727,8.2779],[79.7737,8.2722],[79.7731,8.2753]]],[[[79.7651,8.2126],[79.7689,8.2075],[79.7715,8.2141],[79.7651,8.2126]]],[[[79.7645,8.2745],[79.7684,8.2784],[79.7601,8.2783],[79.7645,8.2745]]],[[[79.7563,8.1778],[79.7572,8.1791],[79.7555,8.1807],[79.7563,8.1778]]],[[[79.749,8.1727],[79.7515,8.1762],[79.7507,8.1776],[79.7483,8.1768],[79.749,8.1727]]],[[[79.7494,8.1799],[79.7489,8.1799],[79.7489,8.1787],[79.7494,8.1799]]]]}},{"type":"Feature","properties":{"name":"Karuwalagaswewa PS","district":"Puttalam","province":"North Western Province"},"geometry":{"type":"Polygon","coordinates":[[[79.9983,7.9625],[80.0563,8.082],[80.1256,8.0822],[80.1101,8.1314],[80.1001,8.1979],[80.0786,8.2234],[80.0374,8.2365],[80,8.2278],[79.9575,8.2428],[79.9474,8.2781],[79.9267,8.2875],[79.9256,8.2084],[79.9426,8.194],[79.9257,8.1681],[79.9265,8.1162],[79.8796,8.098],[79.9155,8.0703],[79.9208,8.0014],[79.968,7.9616],[79.9983,7.9625]]]}},{"type":"Feature","properties":{"name":"Nattandiya PS","district":"Puttalam","province":"North Western Province"},"geometry":{"type":"Polygon","coordinates":[[[79.7931,7.5199],[79.8271,7.3562],[79.9302,7.3792],[79.907,7.4855],[79.8919,7.4725],[79.8226,7.4715],[79.8137,7.5194],[79.7931,7.5199]]]}},{"type":"Feature","properties":{"name":"Nawagattegama PS","district":"Puttalam","province":"North Western Province"},"geometry":{"type":"Polygon","coordinates":[[[79.9983,7.9625],[80.0708,7.9649],[80.1099,7.95],[80.1328,7.9343],[80.1483,7.9421],[80.141,7.9547],[80.1474,8.0518],[80.1522,8.0685],[80.1256,8.0822],[80.0563,8.082],[79.9983,7.9625]]]}},{"type":"Feature","properties":{"name":"Puttalam PS","district":"Puttalam","province":"North Western Province"},"geometry":{"type":"Polygon","coordinates":[[[79.8407,7.7686],[79.8668,7.8418],[79.8595,7.8727],[79.9208,8.0014],[79.9155,8.0703],[79.8796,8.098],[79.868,8.0839],[79.8344,8.1128],[79.8179,8.1089],[79.7897,8.076],[79.7978,8.061],[79.8207,8.0399],[79.8397,8.0646],[79.8575,8.0639],[79.8692,8.0101],[79.8327,8.0042],[79.8187,7.9968],[79.823,7.9784],[79.823,7.9214],[79.7993,7.8853],[79.8044,7.8501],[79.826,7.7652],[79.8407,7.7686]]]}},{"type":"Feature","properties":{"name":"Vanathawilluwa PS","district":"Puttalam","province":"North Western Province"},"geometry":{"type":"MultiPolygon","coordinates":[[[[79.8179,8.1089],[79.8344,8.1128],[79.868,8.0839],[79.8796,8.098],[79.9265,8.1162],[79.9257,8.1681],[79.9426,8.194],[79.9256,8.2084],[79.9267,8.2875],[79.9474,8.2781],[79.9575,8.2428],[80,8.2278],[79.9748,8.3384],[79.9518,8.3698],[79.9554,8.395],[79.9813,8.3996],[80.0323,8.4663],[80.0431,8.499],[80.033,8.5264],[79.9205,8.567],[79.915,8.5488],[79.8708,8.5363],[79.8645,8.4526],[79.8429,8.4222],[79.8336,8.2914],[79.8102,8.2382],[79.7895,8.2331],[79.8107,8.2241],[79.8101,8.2224],[79.7987,8.222],[79.7929,8.2281],[79.7945,8.2238],[79.819,8.2058],[79.8192,8.1632],[79.8336,8.1509],[79.8179,8.1089]]],[[[79.8052,8.1752],[79.808,8.1648],[79.8106,8.1618],[79.8125,8.1651],[79.8052,8.1752]]]]}},{"type":"Feature","properties":{"name":"Wennappuwa PS","district":"Puttalam","province":"North Western Province"},"geometry":{"type":"Polygon","coordinates":[[[79.841,7.2729],[79.8609,7.2701],[79.8746,7.2827],[79.9126,7.2678],[79.9282,7.2728],[79.9241,7.2846],[79.9416,7.2762],[79.9302,7.3792],[79.8271,7.3562],[79.841,7.2729]]]}},{"type":"Feature","properties":{"name":"Anuradhapura MC/ Nuwaragam Palatha Central PS","district":"Anuradhapura","province":"North Central Province"},"geometry":{"type":"Polygon","coordinates":[[[80.3712,8.3355],[80.3944,8.2988],[80.4211,8.2989],[80.4173,8.2856],[80.4387,8.3091],[80.4376,8.3357],[80.4506,8.3439],[80.4422,8.3565],[80.4405,8.3659],[80.4157,8.3819],[80.3654,8.3668],[80.3721,8.3545],[80.3519,8.3585],[80.3712,8.3355]]]}},{"type":"Feature","properties":{"name":"Galenbindunuwewa PS","district":"Anuradhapura","province":"North Central Province"},"geometry":{"type":"Polygon","coordinates":[[[80.6621,8.1868],[80.6823,8.2117],[80.7317,8.19],[80.7411,8.2166],[80.7895,8.2304],[80.8059,8.2789],[80.8228,8.279],[80.8183,8.3013],[80.8036,8.2921],[80.8074,8.3291],[80.7152,8.3531],[80.6911,8.3268],[80.6655,8.3515],[80.6569,8.3305],[80.6286,8.3032],[80.646,8.2693],[80.6,8.2473],[80.6002,8.2301],[80.6108,8.1958],[80.6418,8.1834],[80.6381,8.1644],[80.6555,8.1645],[80.6621,8.1868]]]}},{"type":"Feature","properties":{"name":"Galnewa PS","district":"Anuradhapura","province":"North Central Province"},"geometry":{"type":"Polygon","coordinates":[[[80.4177,7.9498],[80.4603,7.9456],[80.494,7.9482],[80.5169,8.0055],[80.4612,8.0739],[80.4105,8.0884],[80.4008,8.083],[80.3982,8.0869],[80.3847,8.0898],[80.3617,8.0671],[80.4198,8.0431],[80.4177,7.9498]]]}},{"type":"Feature","properties":{"name":"Horowpothana PS","district":"Anuradhapura","province":"North Central Province"},"geometry":{"type":"Polygon","coordinates":[[[80.7126,8.5719],[80.7218,8.5596],[80.7066,8.5323],[80.7446,8.5147],[80.7366,8.4861],[80.7784,8.4731],[80.803,8.4828],[80.8049,8.4266],[80.7857,8.4099],[80.825,8.3729],[80.8074,8.3291],[80.8036,8.2921],[80.8183,8.3013],[80.8228,8.279],[80.9,8.2799],[80.9116,8.3255],[80.9412,8.3423],[80.9284,8.388],[80.9625,8.4492],[80.9934,8.4835],[80.9653,8.4874],[80.949,8.5081],[80.9421,8.5601],[80.8941,8.6221],[80.9103,8.6676],[80.8803,8.7508],[80.8615,8.7607],[80.8256,8.7393],[80.7858,8.6855],[80.7875,8.6417],[80.7126,8.5719]]]}},{"type":"Feature","properties":{"name":"Ipalogama PS","district":"Anuradhapura","province":"North Central Province"},"geometry":{"type":"Polygon","coordinates":[[[80.4105,8.0884],[80.4612,8.0739],[80.5169,8.0055],[80.5414,7.9953],[80.5369,8.0325],[80.5499,8.0318],[80.5332,8.0648],[80.5827,8.0682],[80.5497,8.1306],[80.5326,8.126],[80.5175,8.1528],[80.4914,8.1395],[80.4605,8.1301],[80.4722,8.1164],[80.4341,8.1057],[80.4105,8.0884]]]}},{"type":"Feature","properties":{"name":"Kahatagasdigiliya PS","district":"Anuradhapura","province":"North Central Province"},"geometry":{"type":"Polygon","coordinates":[[[80.6569,8.3305],[80.6655,8.3515],[80.6911,8.3268],[80.7152,8.3531],[80.8074,8.3291],[80.825,8.3729],[80.7857,8.4099],[80.8049,8.4266],[80.803,8.4828],[80.7784,8.4731],[80.7366,8.4861],[80.7446,8.5147],[80.7066,8.5323],[80.7218,8.5596],[80.7126,8.5719],[80.6602,8.5534],[80.6682,8.5268],[80.6552,8.5002],[80.6788,8.4751],[80.6511,8.4522],[80.6213,8.4536],[80.5969,8.3998],[80.6042,8.3811],[80.62,8.3861],[80.6307,8.3686],[80.6139,8.365],[80.6169,8.3393],[80.6569,8.3305]]]}},{"type":"Feature","properties":{"name":"Kebithigollewa PS","district":"Anuradhapura","province":"North Central Province"},"geometry":{"type":"Polygon","coordinates":[[[80.7126,8.5719],[80.7875,8.6417],[80.7858,8.6855],[80.8256,8.7393],[80.8615,8.7607],[80.8803,8.7508],[80.8837,8.7877],[80.9135,8.8271],[80.8761,8.8262],[80.8268,8.7925],[80.7906,8.8023],[80.7802,8.7558],[80.7788,8.7925],[80.7477,8.7937],[80.7358,8.7715],[80.7162,8.8049],[80.7296,8.8112],[80.6682,8.872],[80.5963,8.8699],[80.5924,8.8466],[80.6316,8.8283],[80.6518,8.7927],[80.5688,8.7002],[80.6196,8.6261],[80.6434,8.6227],[80.6262,8.5881],[80.6416,8.5874],[80.6602,8.5534],[80.7126,8.5719]]]}},{"type":"Feature","properties":{"name":"Kekirawa PS","district":"Anuradhapura","province":"North Central Province"},"geometry":{"type":"Polygon","coordinates":[[[80.5414,7.9953],[80.5578,7.9726],[80.5441,7.9684],[80.5653,7.9466],[80.5883,7.9582],[80.5968,7.93],[80.6112,7.9403],[80.6322,7.9002],[80.6452,7.909],[80.6576,7.9594],[80.682,7.9557],[80.7014,7.9839],[80.7556,8.0115],[80.7765,8.0683],[80.757,8.0701],[80.7602,8.151],[80.7895,8.2304],[80.7411,8.2166],[80.7317,8.19],[80.6823,8.2117],[80.6621,8.1868],[80.6555,8.1645],[80.6569,8.1354],[80.6404,8.1419],[80.629,8.1108],[80.5878,8.1409],[80.5853,8.176],[80.5499,8.1512],[80.5497,8.1306],[80.5827,8.0682],[80.5332,8.0648],[80.5499,8.0318],[80.5369,8.0325],[80.5414,7.9953]]]}},{"type":"Feature","properties":{"name":"Medawachchiya PS","district":"Anuradhapura","province":"North Central Province"},"geometry":{"type":"Polygon","coordinates":[[[80.396,8.5215],[80.4585,8.4904],[80.5001,8.5114],[80.542,8.4905],[80.5868,8.4983],[80.5956,8.5497],[80.6262,8.5881],[80.6434,8.6227],[80.6196,8.6261],[80.5688,8.7002],[80.553,8.696],[80.525,8.6665],[80.506,8.6581],[80.4501,8.6932],[80.3887,8.6259],[80.3799,8.6208],[80.3811,8.5884],[80.3465,8.5663],[80.34,8.5472],[80.396,8.5215]]]}},{"type":"Feature","properties":{"name":"Mihinthale PS","district":"Anuradhapura","province":"North Central Province"},"geometry":{"type":"Polygon","coordinates":[[[80.4376,8.3357],[80.495,8.34],[80.5005,8.2875],[80.576,8.2701],[80.5761,8.2889],[80.6118,8.2825],[80.6286,8.3032],[80.6569,8.3305],[80.6169,8.3393],[80.6139,8.365],[80.6307,8.3686],[80.62,8.3861],[80.6042,8.3811],[80.5969,8.3998],[80.5439,8.4049],[80.5386,8.3955],[80.5231,8.4231],[80.4917,8.4332],[80.4593,8.4013],[80.4566,8.374],[80.4405,8.3659],[80.4422,8.3565],[80.4506,8.3439],[80.4376,8.3357]]]}},{"type":"Feature","properties":{"name":"Nochchiyagama PS","district":"Anuradhapura","province":"North Central Province"},"geometry":{"type":"Polygon","coordinates":[[[80.1712,8.2207],[80.1826,8.1929],[80.2028,8.2067],[80.2228,8.1785],[80.2522,8.177],[80.2593,8.1794],[80.2675,8.1903],[80.2701,8.1985],[80.3048,8.2109],[80.3086,8.2138],[80.3121,8.2209],[80.2879,8.2222],[80.2833,8.2379],[80.2957,8.2915],[80.2904,8.2908],[80.2705,8.3833],[80.2483,8.4077],[80.2302,8.4123],[80.2142,8.3829],[80.1729,8.3892],[80.1573,8.4401],[80.1291,8.438],[80.1269,8.4949],[80.0838,8.497],[80.0519,8.5251],[80.033,8.5264],[80.0431,8.499],[80.0323,8.4663],[79.9813,8.3996],[79.9554,8.395],[79.9518,8.3698],[79.9748,8.3384],[80,8.2278],[80.0374,8.2365],[80.0786,8.2234],[80.1252,8.2364],[80.114,8.2266],[80.1263,8.22],[80.1418,8.2488],[80.1712,8.2207]]]}},{"type":"Feature","properties":{"name":"Nuwaragam Palatha Central PS","district":"Anuradhapura","province":"North Central Province"},"geometry":{"type":"Polygon","coordinates":[[[80.0519,8.5251],[80.0838,8.497],[80.1269,8.4949],[80.1291,8.438],[80.1573,8.4401],[80.1729,8.3892],[80.2142,8.3829],[80.2302,8.4123],[80.2483,8.4077],[80.2705,8.3833],[80.2904,8.2908],[80.2957,8.2915],[80.3543,8.2807],[80.3553,8.2977],[80.3354,8.3048],[80.3712,8.3355],[80.3519,8.3585],[80.3721,8.3545],[80.3654,8.3668],[80.4157,8.3819],[80.4405,8.3659],[80.4566,8.374],[80.4593,8.4013],[80.4505,8.4414],[80.4102,8.4475],[80.3989,8.4658],[80.396,8.5215],[80.34,8.5472],[80.2878,8.5593],[80.2744,8.61],[80.236,8.6292],[80.2352,8.6804],[80.1454,8.6574],[80.0794,8.6544],[80.044,8.6746],[80.0559,8.6394],[80.0519,8.5251]]]}},{"type":"Feature","properties":{"name":"Nuwaragam Palatha East PS","district":"Anuradhapura","province":"North Central Province"},"geometry":{"type":"Polygon","coordinates":[[[80.3543,8.2807],[80.3732,8.2539],[80.3974,8.2586],[80.3773,8.2335],[80.4064,8.2082],[80.408,8.1874],[80.4005,8.1767],[80.4021,8.1678],[80.4356,8.211],[80.452,8.2362],[80.4569,8.264],[80.5005,8.2875],[80.495,8.34],[80.4376,8.3357],[80.4387,8.3091],[80.4173,8.2856],[80.4211,8.2989],[80.3944,8.2988],[80.3712,8.3355],[80.3354,8.3048],[80.3553,8.2977],[80.3543,8.2807]]]}},{"type":"Feature","properties":{"name":"Padaviya PS","district":"Anuradhapura","province":"North Central Province"},"geometry":{"type":"Polygon","coordinates":[[[80.6682,8.872],[80.7296,8.8112],[80.7162,8.8049],[80.7358,8.7715],[80.7477,8.7937],[80.7788,8.7925],[80.7802,8.7558],[80.7906,8.8023],[80.8268,8.7925],[80.8761,8.8262],[80.9135,8.8271],[80.9127,8.8326],[80.885,8.8695],[80.8118,8.9165],[80.7451,8.9032],[80.6682,8.872]]]}},{"type":"Feature","properties":{"name":"Palagala PS","district":"Anuradhapura","province":"North Central Province"},"geometry":{"type":"Polygon","coordinates":[[[80.5013,7.8169],[80.5638,7.8487],[80.5744,7.8691],[80.6004,7.8555],[80.6216,7.8679],[80.6322,7.9002],[80.6112,7.9403],[80.5968,7.93],[80.5883,7.9582],[80.5653,7.9466],[80.5441,7.9684],[80.5578,7.9726],[80.5414,7.9953],[80.5169,8.0055],[80.494,7.9482],[80.4603,7.9456],[80.4799,7.8809],[80.4688,7.8501],[80.5013,7.8169]]]}},{"type":"Feature","properties":{"name":"Rajanganaya PS","district":"Anuradhapura","province":"North Central Province"},"geometry":{"type":"Polygon","coordinates":[[[80.1001,8.1979],[80.2567,8.1284],[80.2772,8.1165],[80.2573,8.1342],[80.273,8.1358],[80.2727,8.1563],[80.2522,8.177],[80.2228,8.1785],[80.2028,8.2067],[80.1826,8.1929],[80.1712,8.2207],[80.1418,8.2488],[80.1263,8.22],[80.114,8.2266],[80.1252,8.2364],[80.0786,8.2234],[80.1001,8.1979]]]}},{"type":"Feature","properties":{"name":"Rambewa PS","district":"Anuradhapura","province":"North Central Province"},"geometry":{"type":"Polygon","coordinates":[[[80.4593,8.4013],[80.4917,8.4332],[80.5231,8.4231],[80.5386,8.3955],[80.5439,8.4049],[80.5969,8.3998],[80.6213,8.4536],[80.6511,8.4522],[80.6788,8.4751],[80.6552,8.5002],[80.6682,8.5268],[80.6602,8.5534],[80.6416,8.5874],[80.6262,8.5881],[80.5956,8.5497],[80.5868,8.4983],[80.542,8.4905],[80.5001,8.5114],[80.4585,8.4904],[80.396,8.5215],[80.3989,8.4658],[80.4102,8.4475],[80.4505,8.4414],[80.4593,8.4013]]]}},{"type":"Feature","properties":{"name":"Thalawa PS","district":"Anuradhapura","province":"North Central Province"},"geometry":{"type":"Polygon","coordinates":[[[80.2772,8.1165],[80.3173,8.1138],[80.3617,8.0671],[80.3836,8.0898],[80.3982,8.0869],[80.4008,8.083],[80.4341,8.1057],[80.4722,8.1164],[80.4605,8.1301],[80.4914,8.1395],[80.4576,8.1406],[80.472,8.198],[80.4462,8.1954],[80.4356,8.211],[80.4021,8.1678],[80.4005,8.1767],[80.408,8.1874],[80.4064,8.2082],[80.3773,8.2335],[80.3974,8.2586],[80.3732,8.2539],[80.3543,8.2807],[80.2957,8.2915],[80.2833,8.2379],[80.2879,8.2222],[80.3121,8.2209],[80.3086,8.2138],[80.3048,8.2109],[80.2701,8.1985],[80.2675,8.1903],[80.2593,8.1794],[80.2522,8.177],[80.2727,8.1563],[80.273,8.1358],[80.2573,8.1342],[80.2772,8.1165]]]}},{"type":"Feature","properties":{"name":"Nuwaragam Palatha East PS","district":"Anuradhapura","province":"North Central Province"},"geometry":{"type":"Polygon","coordinates":[[[80.4914,8.1395],[80.5175,8.1528],[80.5326,8.126],[80.5497,8.1306],[80.5499,8.1512],[80.5853,8.176],[80.5878,8.1409],[80.629,8.1108],[80.6404,8.1419],[80.6569,8.1354],[80.6555,8.1645],[80.6381,8.1644],[80.6418,8.1834],[80.6108,8.1958],[80.6002,8.2301],[80.6,8.2473],[80.646,8.2693],[80.6286,8.3032],[80.6118,8.2825],[80.5761,8.2889],[80.576,8.2701],[80.5005,8.2875],[80.4569,8.264],[80.452,8.2362],[80.4356,8.211],[80.4462,8.1954],[80.472,8.198],[80.4576,8.1406],[80.4914,8.1395]]]}},{"type":"Feature","properties":{"name":"Polonnaruwa MC","district":"Polonnaruwa","province":"North Central Province"},"geometry":{"type":"Polygon","coordinates":[[[81.0184,7.9613],[80.9985,7.9652],[80.9941,7.9867],[80.9764,7.969],[80.9987,7.9525],[80.991,7.9126],[81.0198,7.9007],[81.0518,7.9339],[81.0272,7.94],[81.0184,7.9613]]]}},{"type":"Feature","properties":{"name":"Dimbulagala PS","district":"Polonnaruwa","province":"North Central Province"},"geometry":{"type":"Polygon","coordinates":[[[81.0316,7.7156],[81.0384,7.7032],[81.0494,7.7124],[81.0511,7.7369],[81.0718,7.7164],[81.0969,7.7285],[81.1094,7.7146],[81.1023,7.6912],[81.104,7.6605],[81.1718,7.6435],[81.1776,7.6673],[81.2146,7.6425],[81.241,7.6814],[81.2404,7.7395],[81.2377,7.7602],[81.2248,7.8211],[81.2377,7.9017],[81.2362,7.9066],[81.2195,7.8745],[81.1637,7.8587],[81.1657,7.8893],[81.1264,7.9303],[81.1339,7.9787],[81.1253,7.9755],[81.0593,7.8498],[81.0227,7.8498],[80.9843,7.8174],[80.9881,7.7255],[81.0316,7.7156]]]}},{"type":"Feature","properties":{"name":"Elahera PS","district":"Polonnaruwa","province":"North Central Province"},"geometry":{"type":"Polygon","coordinates":[[[80.8768,7.6829],[80.8846,7.7143],[80.915,7.9395],[80.907,7.9593],[80.8783,7.9553],[80.8684,7.9832],[80.8428,7.9857],[80.8326,7.9707],[80.8527,7.9626],[80.8177,7.9245],[80.8034,7.8224],[80.7963,7.8043],[80.77,7.8024],[80.7703,7.6916],[80.7921,7.6784],[80.8375,7.6805],[80.8526,7.7018],[80.8768,7.6829]]]}},{"type":"Feature","properties":{"name":"Hingurakgoda PS","district":"Polonnaruwa","province":"North Central Province"},"geometry":{"type":"Polygon","coordinates":[[[80.8326,7.9707],[80.8428,7.9857],[80.8684,7.9832],[80.8783,7.9553],[80.907,7.9593],[80.915,7.9395],[80.9597,7.9678],[81.0132,8.0275],[81.0151,8.0477],[80.9989,8.0504],[81.0183,8.075],[80.9788,8.0897],[80.9806,8.1081],[80.9346,8.0689],[80.9382,8.1036],[80.9066,8.103],[80.8776,8.1344],[80.9065,8.2029],[80.9304,8.2097],[80.9324,8.2489],[80.9687,8.3172],[80.9412,8.3423],[80.9116,8.3255],[80.9,8.2799],[80.8059,8.2789],[80.7602,8.151],[80.757,8.0701],[80.7765,8.0683],[80.7556,8.0115],[80.7786,7.9959],[80.7862,7.9619],[80.7996,7.9582],[80.8139,7.9828],[80.8326,7.9707]]]}},{"type":"Feature","properties":{"name":"Lankapura PS","district":"Polonnaruwa","province":"North Central Province"},"geometry":{"type":"Polygon","coordinates":[[[81.0132,8.0275],[81.0633,7.992],[81.0942,8.0052],[81.0922,7.9797],[81.1253,7.9755],[81.1339,7.9787],[81.148,8.0617],[81.1886,8.1226],[81.1851,8.1458],[81.1351,8.1354],[81.1096,8.0803],[81.0897,8.085],[81.0914,8.104],[81.034,8.1074],[81.0138,8.0993],[81.0183,8.075],[80.9989,8.0504],[81.0151,8.0477],[81.0132,8.0275]]]}},{"type":"Feature","properties":{"name":"Medirigiriya PS","district":"Polonnaruwa","province":"North Central Province"},"geometry":{"type":"Polygon","coordinates":[[[80.9687,8.3172],[80.9324,8.2489],[80.9304,8.2097],[80.9065,8.2029],[80.8776,8.1344],[80.9066,8.103],[80.9382,8.1036],[80.9346,8.0689],[80.9806,8.1081],[80.9788,8.0897],[81.0183,8.075],[81.0138,8.0993],[81.034,8.1074],[81.0914,8.104],[81.0897,8.085],[81.1096,8.0803],[81.1351,8.1354],[81.1851,8.1458],[81.1924,8.1516],[81.2131,8.1803],[81.2025,8.2277],[81.1818,8.2297],[81.1413,8.2594],[81.0553,8.2741],[80.9878,8.2729],[80.9687,8.3172]]]}},{"type":"Feature","properties":{"name":"Welikanda PS","district":"Polonnaruwa","province":"North Central Province"},"geometry":{"type":"Polygon","coordinates":[[[81.1339,7.9787],[81.1264,7.9303],[81.1657,7.8893],[81.1637,7.8587],[81.2195,7.8745],[81.253,7.9364],[81.2882,7.9476],[81.3394,7.9363],[81.3356,7.964],[81.3066,8.0292],[81.3114,8.2519],[81.2804,8.2569],[81.2498,8.226],[81.2314,8.1557],[81.1924,8.1516],[81.1851,8.1458],[81.1886,8.1226],[81.148,8.0617],[81.1339,7.9787]]]}},{"type":"Feature","properties":{"name":"Polonnaruwa PS","district":"Polonnaruwa","province":"North Central Province"},"geometry":{"type":"Polygon","coordinates":[[[80.9881,7.7255],[80.9843,7.8174],[81.0227,7.8498],[81.0593,7.8498],[81.1253,7.9755],[81.0922,7.9797],[81.0942,8.0052],[81.0633,7.992],[81.0132,8.0275],[80.9597,7.9678],[80.915,7.9395],[80.8846,7.7143],[80.9885,7.7205],[80.9881,7.7255]],[[81.0184,7.9613],[81.0272,7.94],[81.0518,7.9339],[81.0198,7.9007],[80.991,7.9126],[80.9987,7.9525],[80.9764,7.969],[80.9941,7.9867],[80.9985,7.9652],[81.0184,7.9613]]]}},{"type":"Feature","properties":{"name":"Badulla MC","district":"Badulla","province":"Uva Province"},"geometry":{"type":"Polygon","coordinates":[[[81.0462,7.0009],[81.0393,6.9824],[81.0526,6.9854],[81.0706,6.96],[81.0771,6.9734],[81.0641,7.0129],[81.0462,7.0009]]]}},{"type":"Feature","properties":{"name":"Bandarawela MC/ Bandarawela  PS","district":"Badulla","province":"Uva Province"},"geometry":{"type":"Polygon","coordinates":[[[80.9816,6.8248],[81.0003,6.8117],[81.0167,6.824],[81.0074,6.839],[81.0257,6.8441],[81.0076,6.8491],[80.9889,6.8514],[80.9977,6.8641],[80.9509,6.8546],[80.9481,6.8449],[80.9662,6.8273],[80.9724,6.8387],[80.9913,6.8465],[80.9816,6.8248]]]}},{"type":"Feature","properties":{"name":"Haputale  UC/ Haputale  PS","district":"Badulla","province":"Uva Province"},"geometry":{"type":"Polygon","coordinates":[[[80.9531,6.7634],[80.973,6.7667],[80.9839,6.7902],[80.9756,6.8049],[80.9448,6.7717],[80.91,6.7792],[80.9099,6.7777],[80.9531,6.7634]]]}},{"type":"Feature","properties":{"name":"Badulla PS","district":"Badulla","province":"Uva Province"},"geometry":{"type":"Polygon","coordinates":[[[81.0641,7.0129],[81.0771,6.9734],[81.1126,6.9449],[81.1279,6.9914],[81.1015,7.017],[81.0641,7.0129]]]}},{"type":"Feature","properties":{"name":"Bandarawela  PS","district":"Badulla","province":"Uva Province"},"geometry":{"type":"MultiPolygon","coordinates":[[[[81.0257,6.8441],[81.0074,6.839],[81.0167,6.824],[81.0003,6.8117],[80.9816,6.8248],[80.9756,6.8049],[80.9839,6.7902],[81.017,6.8049],[81.0295,6.7899],[81.0659,6.8131],[81.0781,6.8141],[81.0562,6.8391],[81.0257,6.8441]]],[[[81.0076,6.8491],[81.0053,6.8746],[80.9529,6.8764],[80.9509,6.8546],[80.9977,6.8641],[80.9889,6.8514],[81.0076,6.8491]]]]}},{"type":"Feature","properties":{"name":"Ella  PS","district":"Badulla","province":"Uva Province"},"geometry":{"type":"Polygon","coordinates":[[[81.0257,6.8441],[81.0562,6.8391],[81.0781,6.8141],[81.1301,6.8328],[81.1375,6.8406],[81.1109,6.8647],[81.1262,6.8793],[81.113,6.8767],[81.1097,6.9107],[81.0278,6.9117],[80.999,6.8933],[81.0053,6.8746],[81.0076,6.8491],[81.0257,6.8441]]]}},{"type":"Feature","properties":{"name":"Haldummulla  PS","district":"Badulla","province":"Uva Province"},"geometry":{"type":"Polygon","coordinates":[[[80.8274,6.677],[80.8569,6.6572],[80.9079,6.6776],[80.9174,6.6957],[80.9269,6.6889],[80.9394,6.6927],[80.9535,6.6557],[80.9762,6.6424],[80.978,6.6163],[80.9994,6.6144],[80.9955,6.577],[81.0235,6.5425],[81.0357,6.5837],[81.0627,6.5765],[81.0656,6.604],[81.0868,6.6074],[81.0614,6.6467],[81.085,6.7284],[81.0529,6.7393],[81.0659,6.8131],[80.9689,6.7497],[80.9466,6.7533],[80.9531,6.7634],[80.9099,6.7777],[80.8624,6.7791],[80.8373,6.8119],[80.8086,6.7917],[80.8141,6.7545],[80.8583,6.7414],[80.8528,6.7191],[80.8142,6.704],[80.8274,6.677]]]}},{"type":"Feature","properties":{"name":"Hali-Ela  PS","district":"Badulla","province":"Uva Province"},"geometry":{"type":"Polygon","coordinates":[[[81.0053,6.8746],[80.999,6.8933],[81.0278,6.9117],[81.1097,6.9107],[81.1242,6.9228],[81.1126,6.9449],[81.0771,6.9734],[81.0706,6.96],[81.0526,6.9854],[81.0393,6.9824],[81.0462,7.0009],[81.0245,6.9987],[81.0058,7.0279],[80.9724,7.0204],[80.9662,7.0543],[80.9618,7.0222],[80.9887,6.9773],[80.963,6.958],[80.9544,6.9158],[80.9529,6.8764],[81.0053,6.8746]]]}},{"type":"Feature","properties":{"name":"Haputale  PS","district":"Badulla","province":"Uva Province"},"geometry":{"type":"MultiPolygon","coordinates":[[[[80.9531,6.7634],[80.9466,6.7533],[80.9689,6.7497],[81.0295,6.7899],[81.017,6.8049],[80.9839,6.7902],[80.973,6.7667],[80.9531,6.7634]]],[[[80.9448,6.7717],[80.9756,6.8049],[80.9816,6.8248],[80.9913,6.8465],[80.9724,6.8387],[80.9662,6.8273],[80.9481,6.8449],[80.9024,6.7908],[80.91,6.7792],[80.9448,6.7717]]]]}},{"type":"Feature","properties":{"name":"Kandaketiya PS","district":"Badulla","province":"Uva Province"},"geometry":{"type":"Polygon","coordinates":[[[80.9662,7.0543],[80.9724,7.0204],[81.0058,7.0279],[80.9992,7.0607],[81.0346,7.0877],[81.0407,7.1769],[81.0114,7.2221],[80.9722,7.1971],[80.9477,7.2002],[80.9627,7.1586],[80.951,7.1297],[80.9662,7.1223],[80.9515,7.1015],[80.9575,7.0631],[80.9662,7.0543]]]}},{"type":"Feature","properties":{"name":"Mahiyanganaya PS","district":"Badulla","province":"Uva Province"},"geometry":{"type":"Polygon","coordinates":[[[80.9739,7.4884],[80.9689,7.4136],[81.0114,7.2221],[81.0162,7.2161],[81.0204,7.2161],[81.0612,7.284],[81.0425,7.2987],[81.0258,7.3326],[81.0483,7.4109],[81.0696,7.3879],[81.0632,7.3685],[81.0913,7.3816],[81.1309,7.3586],[81.1529,7.3798],[81.1775,7.3723],[81.1897,7.345],[81.1755,7.3208],[81.1817,7.2722],[81.2235,7.3098],[81.2236,7.3315],[81.1946,7.3761],[81.2023,7.3913],[81.183,7.4421],[81.2074,7.5171],[81.2051,7.5576],[81.1893,7.5728],[81.0404,7.5044],[81.0143,7.5514],[81.0143,7.594],[80.9795,7.6216],[80.9739,7.4884]]]}},{"type":"Feature","properties":{"name":"Meegahaivula PS","district":"Badulla","province":"Uva Province"},"geometry":{"type":"Polygon","coordinates":[[[81.0346,7.0877],[81.0665,7.0863],[81.0924,7.0652],[81.1072,7.0771],[81.1048,7.0873],[81.1613,7.1028],[81.1217,7.16],[81.0794,7.1507],[81.0204,7.2161],[81.0162,7.2161],[81.0407,7.1769],[81.0346,7.0877]]]}},{"type":"Feature","properties":{"name":"Passara PS","district":"Badulla","province":"Uva Province"},"geometry":{"type":"Polygon","coordinates":[[[81.1262,6.8793],[81.1772,6.9026],[81.1816,6.928],[81.2067,6.9225],[81.2072,6.9391],[81.2273,6.9454],[81.2194,6.9558],[81.1826,6.9578],[81.1799,7.0115],[81.1573,7.0056],[81.1528,7.0332],[81.1251,7.0393],[81.1072,7.0771],[81.0924,7.0652],[81.1015,7.017],[81.1279,6.9914],[81.1126,6.9449],[81.1242,6.9228],[81.1097,6.9107],[81.113,6.8767],[81.1262,6.8793]]]}},{"type":"Feature","properties":{"name":"Rideemaliyadda PS","district":"Badulla","province":"Uva Province"},"geometry":{"type":"Polygon","coordinates":[[[81.0204,7.2161],[81.0794,7.1507],[81.1217,7.16],[81.1495,7.1963],[81.1638,7.1732],[81.1855,7.1744],[81.2359,7.2395],[81.23,7.2693],[81.2708,7.278],[81.2461,7.335],[81.2236,7.3315],[81.2235,7.3098],[81.1817,7.2722],[81.1755,7.3208],[81.1897,7.345],[81.1775,7.3723],[81.1529,7.3798],[81.1309,7.3586],[81.0913,7.3816],[81.0632,7.3685],[81.0696,7.3879],[81.0483,7.4109],[81.0258,7.3326],[81.0425,7.2987],[81.0612,7.284],[81.0204,7.2161]]]}},{"type":"Feature","properties":{"name":"Soranathota PS","district":"Badulla","province":"Uva Province"},"geometry":{"type":"Polygon","coordinates":[[[81.0058,7.0279],[81.0245,6.9987],[81.0462,7.0009],[81.0641,7.0129],[81.1015,7.017],[81.0924,7.0652],[81.0665,7.0863],[81.0346,7.0877],[80.9992,7.0607],[81.0058,7.0279]]]}},{"type":"Feature","properties":{"name":"Uva Paranagama  PS","district":"Badulla","province":"Uva Province"},"geometry":{"type":"Polygon","coordinates":[[[80.8299,6.9282],[80.9135,6.9066],[80.9544,6.9158],[80.963,6.958],[80.9887,6.9773],[80.9618,7.0222],[80.9662,7.0543],[80.9575,7.0631],[80.9314,7.0371],[80.9199,6.9903],[80.864,6.9788],[80.8352,6.9542],[80.8299,6.9282]]]}},{"type":"Feature","properties":{"name":"Welimada  PS","district":"Badulla","province":"Uva Province"},"geometry":{"type":"Polygon","coordinates":[[[80.8373,6.8119],[80.8624,6.7791],[80.9099,6.7777],[80.9024,6.7908],[80.9481,6.8449],[80.9509,6.8546],[80.9529,6.8764],[80.9544,6.9158],[80.9135,6.9066],[80.8299,6.9282],[80.7763,6.9131],[80.8252,6.8752],[80.8373,6.8407],[80.8148,6.8283],[80.8373,6.8119]]]}},{"type":"Feature","properties":{"name":"Lunugala PS","district":"Badulla","province":"Uva Province"},"geometry":{"type":"Polygon","coordinates":[[[81.1072,7.0771],[81.1251,7.0393],[81.1528,7.0332],[81.1573,7.0056],[81.1799,7.0115],[81.1826,6.9578],[81.2194,6.9558],[81.2336,6.9648],[81.2451,7.0225],[81.2283,7.0841],[81.2125,7.0965],[81.1683,7.083],[81.1613,7.1028],[81.1048,7.0873],[81.1072,7.0771]]]}},{"type":"Feature","properties":{"name":"Badalkumbura PS","district":"Moneragala","province":"Uva Province"},"geometry":{"type":"Polygon","coordinates":[[[81.1521,6.8001],[81.1986,6.8064],[81.217,6.7804],[81.2307,6.8012],[81.2643,6.7961],[81.2668,6.8333],[81.2801,6.8559],[81.2962,6.8541],[81.287,6.9337],[81.2336,6.9648],[81.2194,6.9558],[81.2273,6.9454],[81.2072,6.9391],[81.2067,6.9225],[81.1816,6.928],[81.1772,6.9026],[81.1262,6.8793],[81.1109,6.8647],[81.1375,6.8406],[81.1301,6.8328],[81.1521,6.8001]]]}},{"type":"Feature","properties":{"name":"Bibila PS","district":"Moneragala","province":"Uva Province"},"geometry":{"type":"Polygon","coordinates":[[[81.1613,7.1028],[81.1683,7.083],[81.2125,7.0965],[81.2283,7.0841],[81.2499,7.1354],[81.3358,7.1556],[81.3464,7.1056],[81.3774,7.0947],[81.4163,7.1148],[81.446,7.1869],[81.3947,7.2091],[81.3719,7.2914],[81.3498,7.3151],[81.3597,7.3196],[81.36,7.3399],[81.3206,7.3382],[81.3215,7.2652],[81.2849,7.2424],[81.2708,7.278],[81.23,7.2693],[81.2359,7.2395],[81.1855,7.1744],[81.1638,7.1732],[81.1495,7.1963],[81.1217,7.16],[81.1613,7.1028]]]}},{"type":"Feature","properties":{"name":"Buttala PS","district":"Moneragala","province":"Uva Province"},"geometry":{"type":"Polygon","coordinates":[[[81.2187,6.537],[81.2623,6.5447],[81.2841,6.5064],[81.3049,6.5421],[81.4942,6.6066],[81.4152,6.6723],[81.4096,6.72],[81.3746,6.7456],[81.3368,6.7447],[81.324,6.7739],[81.2643,6.7961],[81.2307,6.8012],[81.217,6.7804],[81.1986,6.8064],[81.1521,6.8001],[81.1382,6.7743],[81.1785,6.7379],[81.1687,6.7002],[81.184,6.6715],[81.1816,6.5862],[81.2187,6.537]]]}},{"type":"Feature","properties":{"name":"Katharagama PS","district":"Moneragala","province":"Uva Province"},"geometry":{"type":"Polygon","coordinates":[[[81.2785,6.3657],[81.3819,6.3971],[81.3944,6.417],[81.4755,6.4086],[81.4812,6.4955],[81.5658,6.5544],[81.6,6.5606],[81.6085,6.5801],[81.5831,6.6124],[81.5099,6.6193],[81.4942,6.6066],[81.3049,6.5421],[81.2841,6.5064],[81.2623,6.5447],[81.2187,6.537],[81.244,6.4914],[81.2244,6.4849],[81.25,6.3833],[81.2702,6.3835],[81.2785,6.3657]]]}},{"type":"Feature","properties":{"name":"Madulla PS","district":"Moneragala","province":"Uva Province"},"geometry":{"type":"Polygon","coordinates":[[[81.3156,6.9661],[81.3262,6.9337],[81.347,6.9247],[81.3407,6.9117],[81.3705,6.9053],[81.4029,6.9218],[81.4471,6.9136],[81.4798,6.9369],[81.4845,6.922],[81.5291,6.9151],[81.4926,7.0166],[81.4564,7.0225],[81.4209,7.0554],[81.4369,7.0642],[81.4603,7.0457],[81.4627,7.0604],[81.4583,7.1168],[81.4759,7.1627],[81.5015,7.1571],[81.5232,7.1978],[81.5559,7.2192],[81.5211,7.243],[81.52,7.288],[81.4811,7.3211],[81.4912,7.3358],[81.478,7.4218],[81.4622,7.428],[81.4796,7.4543],[81.4551,7.4589],[81.4071,7.4317],[81.4061,7.4159],[81.3747,7.4093],[81.3865,7.3696],[81.3652,7.3572],[81.36,7.3399],[81.3601,7.3207],[81.3498,7.3151],[81.3719,7.2914],[81.3947,7.2091],[81.446,7.1869],[81.4163,7.1148],[81.3774,7.0947],[81.3839,7.0816],[81.3586,7.0655],[81.3593,7.0499],[81.3117,7.0155],[81.3156,6.9661]]]}},{"type":"Feature","properties":{"name":"Medagama PS","district":"Moneragala","province":"Uva Province"},"geometry":{"type":"Polygon","coordinates":[[[81.2336,6.9648],[81.287,6.9337],[81.3156,6.9661],[81.3117,7.0155],[81.3593,7.0499],[81.3586,7.0655],[81.3839,7.0816],[81.3774,7.0947],[81.3464,7.1056],[81.3358,7.1556],[81.2499,7.1354],[81.2283,7.0841],[81.2451,7.0225],[81.2336,6.9648]]]}},{"type":"Feature","properties":{"name":"Moneragala PS","district":"Moneragala","province":"Uva Province"},"geometry":{"type":"Polygon","coordinates":[[[81.2643,6.7961],[81.324,6.7739],[81.3368,6.7447],[81.3746,6.7456],[81.4096,6.72],[81.4355,6.7698],[81.4237,6.8397],[81.4502,6.8814],[81.3922,6.8785],[81.3705,6.9053],[81.3407,6.9117],[81.347,6.9247],[81.3262,6.9337],[81.3156,6.9661],[81.287,6.9337],[81.2962,6.8541],[81.2801,6.8559],[81.2668,6.8333],[81.2643,6.7961]]]}},{"type":"Feature","properties":{"name":"Siyambalanduwa PS","district":"Moneragala","province":"Uva Province"},"geometry":{"type":"Polygon","coordinates":[[[81.6085,6.5801],[81.6379,6.9585],[81.6178,6.9811],[81.6136,7.0676],[81.5185,7.1002],[81.5015,7.1571],[81.4759,7.1627],[81.4583,7.1168],[81.4627,7.0604],[81.4603,7.0457],[81.4369,7.0642],[81.4209,7.0554],[81.4564,7.0225],[81.4926,7.0166],[81.5291,6.9151],[81.4845,6.922],[81.4798,6.9369],[81.4471,6.9136],[81.4029,6.9218],[81.3705,6.9053],[81.3922,6.8785],[81.4502,6.8814],[81.4237,6.8397],[81.4355,6.7698],[81.4096,6.72],[81.4152,6.6723],[81.4942,6.6066],[81.5099,6.6193],[81.5831,6.6124],[81.6085,6.5801]]]}},{"type":"Feature","properties":{"name":"Thanamalvila PS","district":"Moneragala","province":"Uva Province"},"geometry":{"type":"Polygon","coordinates":[[[80.9321,6.2862],[80.953,6.3168],[81.0195,6.3516],[81.0131,6.3948],[81.0461,6.3982],[81.0503,6.4206],[81.0626,6.41],[81.0733,6.4227],[81.138,6.4234],[81.1457,6.3972],[81.1913,6.402],[81.2251,6.3439],[81.2511,6.3402],[81.2777,6.3666],[81.2702,6.3835],[81.25,6.3833],[81.2244,6.4849],[81.1617,6.4473],[81.087,6.47],[81.0567,6.4604],[81.0192,6.4878],[81.0317,6.5255],[81.0235,6.5425],[80.9955,6.577],[80.9994,6.6144],[80.978,6.6163],[80.9762,6.6424],[80.9535,6.6557],[80.9394,6.6927],[80.9269,6.6889],[80.8752,6.6108],[80.865,6.552],[80.835,6.5061],[80.8336,6.4761],[80.8389,6.4021],[80.8668,6.3562],[80.8992,6.3486],[80.9139,6.3118],[80.9321,6.2862]]]}},{"type":"Feature","properties":{"name":"Wellawaya PS","district":"Moneragala","province":"Uva Province"},"geometry":{"type":"Polygon","coordinates":[[[81.0317,6.5255],[81.0192,6.4878],[81.0567,6.4604],[81.087,6.47],[81.1617,6.4473],[81.2244,6.4849],[81.244,6.4914],[81.2187,6.537],[81.1816,6.5862],[81.184,6.6715],[81.1687,6.7002],[81.1785,6.7379],[81.1382,6.7743],[81.1521,6.8001],[81.1301,6.8328],[81.0781,6.8141],[81.0659,6.8131],[81.0529,6.7393],[81.085,6.7284],[81.0614,6.6467],[81.0868,6.6074],[81.0656,6.604],[81.0627,6.5765],[81.0357,6.5837],[81.0235,6.5425],[81.0317,6.5255]]]}},{"type":"Feature","properties":{"name":"Ratnapura MC/ Ratnapura PS","district":"Ratnapura","province":"Sabaragamuwa Province"},"geometry":{"type":"Polygon","coordinates":[[[80.4072,6.6677],[80.4648,6.6461],[80.4478,6.6781],[80.4149,6.6963],[80.4111,6.7267],[80.3972,6.7294],[80.3728,6.6974],[80.3927,6.6653],[80.4072,6.6677]]]}},{"type":"Feature","properties":{"name":"Balangoda UC/ Imbulpe PS","district":"Ratnapura","province":"Sabaragamuwa Province"},"geometry":{"type":"MultiPolygon","coordinates":[[[[80.6573,6.6112],[80.7282,6.6167],[80.7337,6.5996],[80.7612,6.6004],[80.7402,6.5847],[80.7202,6.6051],[80.6675,6.5985],[80.6573,6.6112]]],[[[80.7215,6.6491],[80.7173,6.67],[80.6822,6.6769],[80.6331,6.699],[80.6268,6.6773],[80.7215,6.6491]]]]}},{"type":"Feature","properties":{"name":"Embilipitiya UC","district":"Ratnapura","province":"Sabaragamuwa Province"},"geometry":{"type":"Polygon","coordinates":[[[80.9139,6.3118],[80.8992,6.3486],[80.8668,6.3562],[80.8145,6.3569],[80.8247,6.3501],[80.8138,6.3209],[80.8554,6.3127],[80.8441,6.285],[80.9139,6.3118]]]}},{"type":"Feature","properties":{"name":"Ayagama PS","district":"Ratnapura","province":"Sabaragamuwa Province"},"geometry":{"type":"Polygon","coordinates":[[[80.2607,6.6224],[80.2854,6.6152],[80.329,6.5492],[80.3301,6.5758],[80.3482,6.5783],[80.3646,6.5496],[80.3837,6.557],[80.3818,6.5811],[80.3256,6.6498],[80.2933,6.7251],[80.2053,6.7305],[80.1991,6.7266],[80.204,6.7222],[80.2607,6.6224]]]}},{"type":"Feature","properties":{"name":"Balangoda PS","district":"Ratnapura","province":"Sabaragamuwa Province"},"geometry":{"type":"Polygon","coordinates":[[[80.6573,6.6112],[80.7282,6.6167],[80.7337,6.5996],[80.7612,6.6004],[80.7402,6.5847],[80.8118,6.5914],[80.8044,6.5423],[80.8319,6.5367],[80.835,6.5061],[80.865,6.552],[80.8752,6.6108],[80.9269,6.6889],[80.9174,6.6957],[80.9079,6.6776],[80.8569,6.6572],[80.8274,6.677],[80.7949,6.6807],[80.7876,6.6322],[80.7215,6.6491],[80.6268,6.6773],[80.6331,6.699],[80.6822,6.6769],[80.586,6.7359],[80.616,6.6814],[80.6001,6.6616],[80.6633,6.6419],[80.6573,6.6112]]]}},{"type":"Feature","properties":{"name":"Eheliyagoda PS","district":"Ratnapura","province":"Sabaragamuwa Province"},"geometry":{"type":"MultiPolygon","coordinates":[[[[80.2894,6.8426],[80.2902,6.8439],[80.2886,6.8419],[80.2894,6.8426]]],[[[80.1965,6.7531],[80.2667,6.7676],[80.2505,6.813],[80.287,6.8374],[80.2854,6.8532],[80.2257,6.9305],[80.2111,6.9168],[80.1755,6.8598],[80.1948,6.8516],[80.2024,6.8184],[80.1777,6.8158],[80.1965,6.7531]]]]}},{"type":"Feature","properties":{"name":"Embilipitiya PS","district":"Ratnapura","province":"Sabaragamuwa Province"},"geometry":{"type":"Polygon","coordinates":[[[80.6891,6.3082],[80.8067,6.2674],[80.8636,6.275],[80.8818,6.2461],[80.94,6.2288],[80.9525,6.2405],[80.9321,6.2862],[80.9139,6.3118],[80.8441,6.285],[80.8554,6.3127],[80.8138,6.3209],[80.8247,6.3501],[80.8145,6.3569],[80.8668,6.3562],[80.8389,6.4021],[80.8336,6.4761],[80.7074,6.4902],[80.7536,6.4426],[80.7383,6.4359],[80.7485,6.4129],[80.7149,6.4218],[80.7563,6.3828],[80.7285,6.3573],[80.708,6.3464],[80.743,6.3197],[80.7017,6.3217],[80.6891,6.3082]]]}},{"type":"Feature","properties":{"name":"Imbulpe PS","district":"Ratnapura","province":"Sabaragamuwa Province"},"geometry":{"type":"Polygon","coordinates":[[[80.7215,6.6491],[80.7876,6.6322],[80.7949,6.6807],[80.8274,6.677],[80.8142,6.704],[80.8528,6.7191],[80.8583,6.7414],[80.8141,6.7545],[80.8086,6.7917],[80.7916,6.7732],[80.7754,6.779],[80.7462,6.7572],[80.6629,6.7616],[80.6133,6.7598],[80.586,6.7359],[80.6822,6.6769],[80.7173,6.67],[80.7215,6.6491]]]}},{"type":"Feature","properties":{"name":"Kalawana PS","district":"Ratnapura","province":"Sabaragamuwa Province"},"geometry":{"type":"Polygon","coordinates":[[[80.3809,6.4261],[80.4213,6.391],[80.4911,6.3803],[80.4958,6.3682],[80.5336,6.3744],[80.5493,6.3961],[80.6231,6.394],[80.6295,6.4099],[80.6145,6.4136],[80.6093,6.4451],[80.5812,6.4445],[80.5771,6.4663],[80.4802,6.4931],[80.4774,6.4752],[80.446,6.4971],[80.4482,6.5315],[80.3834,6.5813],[80.3818,6.5811],[80.3837,6.557],[80.3646,6.5496],[80.3482,6.5783],[80.3301,6.5758],[80.329,6.5492],[80.3144,6.5706],[80.2953,6.5641],[80.3057,6.5382],[80.3809,6.4261]]]}},{"type":"Feature","properties":{"name":"Kolonna PS","district":"Ratnapura","province":"Sabaragamuwa Province"},"geometry":{"type":"Polygon","coordinates":[[[80.6891,6.3082],[80.7017,6.3217],[80.743,6.3197],[80.708,6.3464],[80.7285,6.3573],[80.7563,6.3828],[80.7149,6.4218],[80.7485,6.4129],[80.7383,6.4359],[80.7031,6.4592],[80.6955,6.4445],[80.6417,6.461],[80.6093,6.4451],[80.6145,6.4136],[80.6295,6.4099],[80.6231,6.394],[80.621,6.3947],[80.612,6.3458],[80.6624,6.3543],[80.6707,6.3055],[80.6891,6.3082]]]}},{"type":"Feature","properties":{"name":"Kuruvita PS","district":"Ratnapura","province":"Sabaragamuwa Province"},"geometry":{"type":"Polygon","coordinates":[[[80.2053,6.7305],[80.2933,6.7251],[80.3583,6.6982],[80.3502,6.7233],[80.3673,6.7153],[80.3844,6.7356],[80.378,6.7499],[80.4024,6.753],[80.3899,6.7894],[80.4533,6.816],[80.4493,6.8306],[80.4017,6.8599],[80.3553,6.8455],[80.3404,6.83],[80.3063,6.864],[80.2854,6.8532],[80.287,6.8374],[80.2505,6.813],[80.2667,6.7676],[80.1965,6.7531],[80.2053,6.7305]],[[80.2894,6.8426],[80.2886,6.8419],[80.2903,6.8446],[80.2894,6.8426]]]}},{"type":"Feature","properties":{"name":"Nivithigala PS","district":"Ratnapura","province":"Sabaragamuwa Province"},"geometry":{"type":"Polygon","coordinates":[[[80.3834,6.5813],[80.4482,6.5315],[80.446,6.4971],[80.4774,6.4752],[80.4802,6.4931],[80.5004,6.4885],[80.512,6.5184],[80.4819,6.5371],[80.5114,6.5754],[80.5264,6.5666],[80.5158,6.5788],[80.5204,6.6096],[80.4663,6.6369],[80.405,6.6164],[80.4049,6.6505],[80.3927,6.6653],[80.3728,6.6974],[80.3583,6.6982],[80.2933,6.7251],[80.3256,6.6498],[80.3818,6.5811],[80.3834,6.5813]]]}},{"type":"Feature","properties":{"name":"Pelmadulla PS","district":"Ratnapura","province":"Sabaragamuwa Province"},"geometry":{"type":"Polygon","coordinates":[[[80.4049,6.6505],[80.405,6.6164],[80.4663,6.6369],[80.5204,6.6096],[80.5158,6.5788],[80.5795,6.579],[80.6022,6.5817],[80.5756,6.6322],[80.5792,6.6568],[80.517,6.6803],[80.4895,6.6755],[80.4541,6.7035],[80.4478,6.6781],[80.4648,6.6461],[80.4072,6.6677],[80.4154,6.6528],[80.4049,6.6505]]]}},{"type":"Feature","properties":{"name":"Ratnapura PS","district":"Ratnapura","province":"Sabaragamuwa Province"},"geometry":{"type":"MultiPolygon","coordinates":[[[[80.4478,6.6781],[80.4541,6.7035],[80.4895,6.6755],[80.517,6.6803],[80.5792,6.6568],[80.6001,6.6616],[80.616,6.6814],[80.586,6.7359],[80.6133,6.7598],[80.5,6.7792],[80.4856,6.7959],[80.5016,6.809],[80.4951,6.832],[80.4493,6.8306],[80.4533,6.816],[80.3899,6.7894],[80.4024,6.753],[80.378,6.7499],[80.3844,6.7356],[80.3673,6.7153],[80.3502,6.7233],[80.3583,6.6982],[80.3728,6.6974],[80.3972,6.7294],[80.4111,6.7267],[80.4149,6.6963],[80.4478,6.6781]]],[[[80.4049,6.6505],[80.4154,6.6528],[80.4072,6.6677],[80.3927,6.6653],[80.4049,6.6505]]]]}},{"type":"Feature","properties":{"name":"Weligepola PS","district":"Ratnapura","province":"Sabaragamuwa Province"},"geometry":{"type":"Polygon","coordinates":[[[80.6022,6.5817],[80.6453,6.5409],[80.6447,6.5366],[80.6879,6.5226],[80.7074,6.4902],[80.8336,6.4761],[80.835,6.5061],[80.8319,6.5367],[80.8044,6.5423],[80.8118,6.5914],[80.7402,6.5847],[80.7202,6.6051],[80.6675,6.5985],[80.6573,6.6112],[80.6633,6.6419],[80.6001,6.6616],[80.5792,6.6568],[80.5756,6.6322],[80.6022,6.5817]]]}},{"type":"Feature","properties":{"name":"Godakawela PS","district":"Ratnapura","province":"Sabaragamuwa Province"},"geometry":{"type":"Polygon","coordinates":[[[80.6093,6.4451],[80.6417,6.461],[80.6955,6.4445],[80.7031,6.4592],[80.7383,6.4359],[80.7536,6.4426],[80.7074,6.4902],[80.6879,6.5226],[80.6447,6.5366],[80.6453,6.5409],[80.6022,6.5817],[80.5795,6.579],[80.6005,6.5389],[80.5785,6.5065],[80.5771,6.4663],[80.5812,6.4445],[80.6093,6.4451]]]}},{"type":"Feature","properties":{"name":"Kahawatta PS","district":"Ratnapura","province":"Sabaragamuwa Province"},"geometry":{"type":"Polygon","coordinates":[[[80.5771,6.4663],[80.5785,6.5065],[80.6005,6.5389],[80.5795,6.579],[80.5158,6.5788],[80.5264,6.5666],[80.5114,6.5754],[80.4819,6.5371],[80.512,6.5184],[80.5004,6.4885],[80.5771,6.4663]]]}},{"type":"Feature","properties":{"name":"Kegalle MC","district":"Kegalle","province":"Sabaragamuwa Province"},"geometry":{"type":"Polygon","coordinates":[[[80.3172,7.2348],[80.3241,7.251],[80.3483,7.2372],[80.3673,7.2507],[80.3599,7.267],[80.3293,7.2564],[80.3172,7.2348]]]}},{"type":"Feature","properties":{"name":"Aranayaka  PS","district":"Kegalle","province":"Sabaragamuwa Province"},"geometry":{"type":"MultiPolygon","coordinates":[[[[80.4065,7.1135],[80.4355,7.0859],[80.4598,7.0909],[80.4352,7.092],[80.4352,7.1111],[80.5014,7.1282],[80.5105,7.1483],[80.4661,7.1928],[80.4823,7.2092],[80.4644,7.2298],[80.4318,7.2105],[80.4263,7.231],[80.3978,7.2257],[80.3897,7.1942],[80.4072,7.1767],[80.4065,7.1135]]],[[[80.3841,7.1765],[80.3756,7.1716],[80.3891,7.161],[80.3908,7.1736],[80.3841,7.1765]]]]}},{"type":"Feature","properties":{"name":"Dehiovita PS","district":"Kegalle","province":"Sabaragamuwa Province"},"geometry":{"type":"Polygon","coordinates":[[[80.2111,6.9168],[80.2257,6.9305],[80.2854,6.8532],[80.3063,6.864],[80.3404,6.83],[80.3553,6.8455],[80.3626,6.8588],[80.3255,6.8928],[80.3077,6.9362],[80.3215,6.9332],[80.3205,6.9604],[80.3513,6.9716],[80.3493,6.9951],[80.3142,6.9813],[80.2639,7.0202],[80.2502,7.0447],[80.2073,6.9787],[80.2239,6.9416],[80.2095,6.9326],[80.2111,6.9168]]]}},{"type":"Feature","properties":{"name":"Deraniyagala PS","district":"Kegalle","province":"Sabaragamuwa Province"},"geometry":{"type":"Polygon","coordinates":[[[80.3553,6.8455],[80.4017,6.8599],[80.4493,6.8306],[80.4951,6.832],[80.5111,6.8467],[80.4994,6.8658],[80.4924,6.892],[80.4311,6.9122],[80.437,6.955],[80.4063,6.9668],[80.4061,6.9947],[80.3493,6.9951],[80.3513,6.9716],[80.3205,6.9604],[80.3215,6.9332],[80.3077,6.9362],[80.3255,6.8928],[80.3626,6.8588],[80.3553,6.8455]]]}},{"type":"Feature","properties":{"name":"Galigamuwa PS","district":"Kegalle","province":"Sabaragamuwa Province"},"geometry":{"type":"Polygon","coordinates":[[[80.286,7.1181],[80.3026,7.1085],[80.3142,7.1194],[80.2963,7.1272],[80.3443,7.1553],[80.3394,7.2224],[80.3172,7.2348],[80.3137,7.2526],[80.3339,7.2573],[80.3302,7.2742],[80.3555,7.2877],[80.3244,7.2913],[80.3059,7.3193],[80.2868,7.3153],[80.2841,7.2589],[80.263,7.2512],[80.2923,7.218],[80.2652,7.191],[80.2839,7.1189],[80.286,7.1181]]]}},{"type":"Feature","properties":{"name":"Kegalle PS","district":"Kegalle","province":"Sabaragamuwa Province"},"geometry":{"type":"MultiPolygon","coordinates":[[[[80.3421,7.1712],[80.3619,7.1585],[80.3615,7.1345],[80.4065,7.1135],[80.4072,7.1767],[80.3897,7.1942],[80.3978,7.2257],[80.3849,7.2531],[80.383,7.2718],[80.4077,7.2665],[80.403,7.2888],[80.3555,7.2877],[80.3302,7.2742],[80.3339,7.2573],[80.3599,7.267],[80.3673,7.2507],[80.3483,7.2372],[80.3241,7.251],[80.3172,7.2348],[80.3394,7.2224],[80.3421,7.1712]],[[80.3755,7.1743],[80.3908,7.1737],[80.3891,7.161],[80.3765,7.1705],[80.3755,7.1743]]],[[[80.3176,7.2363],[80.3293,7.2564],[80.3137,7.2526],[80.3176,7.2363]]]]}},{"type":"Feature","properties":{"name":"Mawanella PS","district":"Kegalle","province":"Sabaragamuwa Province"},"geometry":{"type":"Polygon","coordinates":[[[80.3978,7.2257],[80.4263,7.231],[80.4318,7.2105],[80.4644,7.2298],[80.4823,7.2092],[80.4661,7.1928],[80.5105,7.1483],[80.5413,7.1654],[80.5433,7.1811],[80.5146,7.2067],[80.5215,7.2353],[80.5093,7.2475],[80.5081,7.2541],[80.4788,7.2681],[80.471,7.2954],[80.4637,7.3029],[80.4496,7.2857],[80.4135,7.2875],[80.4181,7.2471],[80.3849,7.2531],[80.3978,7.2257]]]}},{"type":"Feature","properties":{"name":"Rambukkana PS","district":"Kegalle","province":"Sabaragamuwa Province"},"geometry":{"type":"Polygon","coordinates":[[[80.3555,7.2877],[80.403,7.2888],[80.4077,7.2665],[80.383,7.2718],[80.3849,7.2531],[80.4181,7.2471],[80.4135,7.2875],[80.4496,7.2857],[80.4637,7.3029],[80.427,7.3299],[80.4212,7.3562],[80.4071,7.3865],[80.3482,7.3871],[80.3486,7.3344],[80.3059,7.3193],[80.3244,7.2913],[80.3555,7.2877]]]}},{"type":"Feature","properties":{"name":"Ruwanwella  PS","district":"Kegalle","province":"Sabaragamuwa Province"},"geometry":{"type":"Polygon","coordinates":[[[80.2073,6.9787],[80.2502,7.0447],[80.2639,7.0202],[80.2731,7.0643],[80.2829,7.0848],[80.2182,7.1592],[80.2022,7.1369],[80.2124,7.1304],[80.1648,7.0601],[80.1793,6.9775],[80.1835,6.9752],[80.2073,6.9787]]]}},{"type":"Feature","properties":{"name":"Warakapola PS","district":"Kegalle","province":"Sabaragamuwa Province"},"geometry":{"type":"MultiPolygon","coordinates":[[[[80.1589,7.1364],[80.165,7.1251],[80.2022,7.1369],[80.2182,7.1592],[80.2736,7.0943],[80.2839,7.1189],[80.2652,7.191],[80.2923,7.218],[80.263,7.2512],[80.2841,7.2589],[80.2868,7.3153],[80.2789,7.3181],[80.196,7.2582],[80.1844,7.1961],[80.1462,7.189],[80.1589,7.1364]]],[[[80.1671,7.2001],[80.1628,7.2032],[80.159,7.1996],[80.1609,7.1983],[80.1671,7.2001]]]]}},{"type":"Feature","properties":{"name":"Yatiyanthota PS","district":"Kegalle","province":"Sabaragamuwa Province"},"geometry":{"type":"MultiPolygon","coordinates":[[[[80.2639,7.0202],[80.3142,6.9813],[80.3493,6.9951],[80.4061,6.9947],[80.4063,6.9668],[80.437,6.955],[80.4321,6.9932],[80.4671,7.0223],[80.4573,7.0333],[80.4715,7.064],[80.4266,7.0748],[80.4159,7.0418],[80.4039,7.0502],[80.4147,7.0801],[80.3745,7.0801],[80.3587,7.0613],[80.3399,7.0699],[80.2931,7.0466],[80.2731,7.0643],[80.2639,7.0202]]],[[[80.2829,7.0848],[80.286,7.1181],[80.2845,7.1193],[80.2736,7.0943],[80.2829,7.0848]]]]}},{"type":"Feature","properties":{"name":"Bulathkohupitiya PS","district":"Kegalle","province":"Sabaragamuwa Province"},"geometry":{"type":"Polygon","coordinates":[[[80.3042,7.0532],[80.3399,7.0699],[80.3587,7.0613],[80.3745,7.0801],[80.4147,7.0801],[80.4039,7.0502],[80.4159,7.0418],[80.4266,7.0748],[80.4659,7.065],[80.4598,7.0909],[80.4355,7.0859],[80.4065,7.1135],[80.3615,7.1345],[80.3619,7.1585],[80.3421,7.1712],[80.3443,7.1553],[80.2963,7.1272],[80.3142,7.1194],[80.3026,7.1085],[80.286,7.1181],[80.2829,7.0848],[80.2731,7.0643],[80.2931,7.0466],[80.3042,7.0532]]]}}]}