{"type":"FeatureCollection", "features": [
{"type":"Feature","geometry":{"type":"LineString","coordinates":[[80.2377,6.9693],[80.2418,6.9673],[80.2464,6.9654],[80.2561,6.9636],[80.2584,6.9635],[80.2646,6.9629],[80.2724,6.9624],[80.2875,6.9614],[80.3012,6.959],[80.3081,6.9578],[80.3133,6.9575],[80.3208,6.9578],[80.3232,6.9542]]},"properties":{"kv":null}},
{"type":"Feature","geometry":{"type":"LineString","coordinates":[[79.9141,7.3873],[79.9114,7.3807],[79.9067,7.3695],[79.9054,7.3639],[79.902,7.3486],[79.9007,7.3429],[79.8904,7.3308],[79.8794,7.318],[79.8702,7.3036],[79.8658,7.2968],[79.8659,7.2942]]},"properties":{"kv":132}},
{"type":"Feature","geometry":{"type":"LineString","coordinates":[[80.5807,7.1227],[80.5824,7.1241],[80.5845,7.1253],[80.5888,7.1277],[80.5992,7.1336],[80.604,7.1363],[80.6118,7.1373],[80.6202,7.1362],[80.6318,7.1312],[80.6345,7.1312],[80.6584,7.1316],[80.6602,7.1317],[80.6757,7.1275],[80.6807,7.1254],[80.6896,7.1218],[80.6979,7.1184],[80.7015,7.1211],[80.7143,7.1303],[80.7198,7.1362],[80.7217,7.1398],[80.7245,7.1458],[80.7339,7.1545],[80.7396,7.1597],[80.7456,7.1718],[80.752,7.1757],[80.7635,7.1772],[80.7695,7.1779],[80.7716,7.1782],[80.7748,7.1786],[80.7786,7.1797],[80.7823,7.1824],[80.7836,7.1838],[80.788,7.1918],[80.7901,7.1959],[80.805,7.1964],[80.8065,7.1962],[80.8076,7.1994],[80.8065,7.2]]},"properties":{"kv":220}},
{"type":"Feature","geometry":{"type":"LineString","coordinates":[[80.8514,6.4313],[80.8325,6.4238],[80.821,6.4234],[80.8183,6.4218],[80.8077,6.4191],[80.8,6.4118]]},"properties":{"kv":132}},
{"type":"Feature","geometry":{"type":"LineString","coordinates":[[80.6953,6.6599],[80.6951,6.6597],[80.6976,6.657],[80.6974,6.6546],[80.6991,6.6535],[80.7006,6.653],[80.7105,6.6504],[80.7137,6.6477],[80.7184,6.6427],[80.7232,6.6348],[80.7295,6.6275],[80.7323,6.6186],[80.733,6.6122],[80.7356,6.5992],[80.7354,6.5933],[80.7352,6.5894],[80.7327,6.584],[80.734,6.5817],[80.7485,6.5799],[80.7547,6.5791],[80.7644,6.5821],[80.7711,6.5824],[80.7925,6.5834],[80.7948,6.5848],[80.8041,6.585],[80.8069,6.5841],[80.807,6.5838]]},"properties":{"kv":132}},
{"type":"Feature","geometry":{"type":"LineString","coordinates":[[80.8615,6.287],[80.8621,6.2869],[80.865,6.2876],[80.8732,6.2933],[80.876,6.3013],[80.8737,6.307],[80.8723,6.3108],[80.8709,6.314],[80.8684,6.3207],[80.8672,6.3234],[80.8643,6.3308],[80.8574,6.3387],[80.8549,6.3417],[80.8437,6.3545],[80.8413,6.3576],[80.8274,6.3758],[80.8256,6.3782],[80.8231,6.3816],[80.8208,6.3845],[80.8056,6.4045],[80.8,6.4118],[80.7973,6.4152],[80.7964,6.4187],[80.7928,6.4328],[80.7919,6.4367],[80.7908,6.4404],[80.7847,6.4644],[80.7817,6.4759],[80.7799,6.4827],[80.7753,6.5009],[80.7736,6.5077],[80.7725,6.5115],[80.7706,6.5189],[80.7829,6.535],[80.7847,6.5372],[80.7921,6.547],[80.7936,6.5507],[80.7969,6.558],[80.7981,6.561],[80.8078,6.583],[80.8076,6.5834]]},"properties":{"kv":132}},
{"type":"Feature","geometry":{"type":"LineString","coordinates":[[80.5253,8.767],[80.5232,8.7688],[80.5121,8.7886],[80.5091,8.7937],[80.499,8.8113],[80.5065,8.8445],[80.5077,8.8498],[80.5159,8.8857],[80.5218,8.9209],[80.5237,8.9294],[80.531,8.9608],[80.5299,8.9721],[80.5287,8.9848],[80.5244,9.0321],[80.5229,9.0488],[80.5124,9.0587],[80.4801,9.0889],[80.4735,9.0951],[80.4621,9.1175],[80.447,9.1467],[80.4434,9.1539],[80.4359,9.1684],[80.4281,9.183],[80.4256,9.1875],[80.4253,9.1901],[80.4224,9.2143],[80.4195,9.2408],[80.4162,9.2672],[80.4165,9.2908],[80.4139,9.3159],[80.4135,9.3211],[80.4113,9.3513],[80.4123,9.3535],[80.4155,9.3582],[80.4165,9.3606],[80.4155,9.3733],[80.4106,9.3773],[80.4099,9.3773]]},"properties":{"kv":132}},
{"type":"Feature","geometry":{"type":"LineString","coordinates":[[80.7474,8.0218],[80.7415,8.0276],[80.7338,8.0352],[80.7274,8.0415],[80.7254,8.0434],[80.7234,8.0454],[80.7074,8.0611],[80.7054,8.063],[80.6881,8.0665],[80.678,8.0687],[80.6699,8.0722],[80.6532,8.0795],[80.6471,8.0853],[80.6429,8.0891],[80.6387,8.0932],[80.6333,8.0933],[80.6274,8.0933],[80.6247,8.0954],[80.5922,8.1205],[80.5819,8.126],[80.5688,8.1337],[80.5664,8.1351],[80.5441,8.1483],[80.5193,8.1656],[80.493,8.1877],[80.4658,8.2104],[80.4563,8.2477],[80.4538,8.2624],[80.4523,8.2711],[80.4518,8.274],[80.4513,8.277],[80.4507,8.2799],[80.4503,8.283],[80.4475,8.298],[80.4483,8.2981],[80.4507,8.2976]]},"properties":{"kv":132}},
{"type":"Feature","geometry":{"type":"LineString","coordinates":[[80.5834,7.2815],[80.5767,7.2893],[80.5717,7.2969],[80.5687,7.309],[80.5674,7.311],[80.5663,7.3129],[80.5625,7.319],[80.5619,7.3247],[80.5605,7.3344],[80.5605,7.3433],[80.5539,7.3588],[80.5511,7.3654],[80.547,7.3728],[80.5402,7.3854],[80.5246,7.3956],[80.5164,7.4],[80.5116,7.4024],[80.4945,7.4116],[80.4869,7.4156],[80.4775,7.4215],[80.4496,7.4386],[80.4391,7.4452],[80.4234,7.455],[80.4175,7.4587],[80.4128,7.4654],[80.4054,7.4701],[80.3969,7.4713],[80.394,7.4759],[80.3937,7.4759]]},"properties":{"kv":132}},
{"type":"Feature","geometry":{"type":"LineString","coordinates":[[80.7475,8.02],[80.7495,8.0212],[80.7558,8.0214],[80.764,8.0217],[80.7888,8.0239],[80.8285,8.0276],[80.8484,8.0294],[80.8511,8.0296],[80.8539,8.0353],[80.8554,8.0382],[80.8607,8.0491],[80.8705,8.0689],[80.8783,8.0704],[80.8836,8.0712],[80.9015,8.0743],[80.9281,8.0767],[80.9335,8.0704],[80.9359,8.0612],[80.9391,8.0575],[80.9431,8.0425],[80.9481,8.0348],[80.9497,8.0323],[80.9505,8.0311],[80.954,8.0269],[80.9568,8.0239],[80.9617,8.0205],[80.9698,8.0164],[80.9795,8.0102],[80.9845,8.0062],[80.9871,8.0053],[80.9907,8.0031],[81.0026,7.9994],[81.0067,7.9964]]},"properties":{"kv":132}},
{"type":"Feature","geometry":{"type":"LineString","coordinates":[[80.5822,7.121],[80.5827,7.1204],[80.5839,7.1213],[80.5837,7.1236],[80.5838,7.1246],[80.5834,7.1265],[80.5811,7.1305],[80.5785,7.1347],[80.5767,7.1374],[80.575,7.1413],[80.5706,7.1514],[80.5611,7.1641],[80.5554,7.1718],[80.545,7.1857],[80.5421,7.1973],[80.5432,7.2056],[80.5479,7.2214],[80.5511,7.2307],[80.5523,7.2384],[80.5544,7.2401],[80.5541,7.2435],[80.554,7.2452],[80.5554,7.2484],[80.5563,7.2499],[80.5575,7.255],[80.5582,7.2594],[80.5592,7.2612],[80.5599,7.2636],[80.5617,7.2706],[80.5624,7.275],[80.5631,7.2828],[80.563,7.2849],[80.5634,7.2864],[80.5646,7.2981],[80.5653,7.3],[80.5663,7.3031],[80.5674,7.3076],[80.5684,7.3116],[80.5694,7.3153],[80.5692,7.3171],[80.5734,7.3276],[80.5746,7.335],[80.5753,7.3439],[80.5767,7.3602],[80.577,7.3622],[80.5784,7.3909],[80.5809,7.3965],[80.5824,7.3996],[80.5836,7.4023],[80.585,7.4055],[80.5877,7.4113],[80.5884,7.413],[80.5872,7.4171],[80.5813,7.4368],[80.5826,7.4406],[80.5833,7.4431],[80.585,7.4473],[80.5873,7.454],[80.5894,7.4561],[80.5902,7.4591],[80.5904,7.4612],[80.5918,7.4646],[80.5935,7.47],[80.5936,7.4717],[80.5965,7.4826],[80.5965,7.4926],[80.6009,7.5002],[80.6077,7.5071],[80.6104,7.5102],[80.615,7.5146],[80.6214,7.5263],[80.6238,7.5336],[80.6268,7.5351],[80.6318,7.5378],[80.6318,7.5418],[80.6327,7.5523],[80.6336,7.5626],[80.6351,7.5656],[80.6368,7.5687],[80.6405,7.5763],[80.65,7.5955],[80.6511,7.5982],[80.655,7.6093],[80.655,7.6368],[80.6541,7.6387],[80.649,7.6486],[80.6474,7.6589],[80.6499,7.666],[80.6536,7.6762],[80.6632,7.6825],[80.6643,7.6854],[80.6628,7.6928],[80.6649,7.6963],[80.669,7.7033],[80.6707,7.7065],[80.672,7.7091],[80.6741,7.7134],[80.6755,7.716],[80.6834,7.7318],[80.6847,7.7346],[80.6839,7.7512],[80.6846,7.7537],[80.6868,7.7715],[80.6861,7.7741],[80.6863,7.789],[80.6858,7.7941],[80.6927,7.8105],[80.7099,7.8306],[80.7309,7.8429],[80.7383,7.8473],[80.7593,7.8596],[80.7747,7.8685],[80.7778,7.8717],[80.7825,7.8801],[80.79,7.8938],[80.7859,7.9046],[80.7851,7.9101],[80.7844,7.9154],[80.7943,7.9628],[80.7974,7.978],[80.7966,7.9804],[80.7908,7.9951],[80.7691,8.0102],[80.7558,8.0159],[80.7527,8.0208],[80.7517,8.0224],[80.7474,8.0235],[80.7409,8.0324],[80.7378,8.0449],[80.7368,8.0492]]},"properties":{"kv":220}},
{"type":"Feature","geometry":{"type":"LineString","coordinates":[[79.8643,6.9334],[79.8645,6.9307],[79.8628,6.9301]]},"properties":{"kv":null}},
{"type":"Feature","geometry":{"type":"LineString","coordinates":[[80.7471,8.0205],[80.7431,8.0021],[80.746,7.9782],[80.7472,7.9667],[80.7404,7.9523],[80.739,7.9365],[80.7376,7.9203],[80.7312,7.8992],[80.7282,7.8908],[80.7174,7.873],[80.7096,7.8603],[80.6924,7.8352],[80.6827,7.8057],[80.6757,7.7885],[80.6758,7.7688],[80.6758,7.7599],[80.679,7.7459],[80.6805,7.7387],[80.6818,7.7332],[80.6727,7.7149],[80.6687,7.7075],[80.6558,7.6839],[80.6537,7.6781],[80.6467,7.6586],[80.6473,7.6548],[80.652,7.624],[80.6539,7.6112],[80.6513,7.6057],[80.6428,7.5877],[80.6374,7.5761],[80.6326,7.5661],[80.6263,7.5505],[80.6189,7.5296],[80.6164,7.5223],[80.6134,7.5139],[80.5955,7.4961],[80.5937,7.4751],[80.5931,7.4721],[80.5894,7.4595],[80.5802,7.4395],[80.5786,7.436],[80.5797,7.4302]]},"properties":{"kv":132}},
{"type":"Feature","geometry":{"type":"LineString","coordinates":[[79.9096,7.4866],[79.9099,7.4867],[79.9072,7.4923],[79.9075,7.4979],[79.9116,7.5068],[79.9085,7.5184],[79.9034,7.5221],[79.9037,7.5279],[79.9071,7.5461],[79.9045,7.5606],[79.9034,7.5674],[79.9043,7.5713],[79.9091,7.5921],[79.9098,7.5954],[79.9084,7.604],[79.9112,7.6066],[79.9134,7.6154],[79.9154,7.624],[79.9176,7.6322],[79.9128,7.6443],[79.9103,7.6475],[79.9072,7.6513],[79.9045,7.6547],[79.902,7.6578],[79.8968,7.6643],[79.8848,7.675],[79.8821,7.6774],[79.8804,7.6806],[79.8798,7.6848],[79.8771,7.7011],[79.8749,7.7027],[79.8636,7.7101],[79.8452,7.7164],[79.8413,7.7177],[79.839,7.7292],[79.8356,7.7386],[79.8372,7.7448],[79.838,7.7484],[79.8358,7.753],[79.8357,7.7865],[79.8357,7.7942],[79.8364,7.7984],[79.8386,7.8119],[79.843,7.8385],[79.8456,7.854],[79.8463,7.8578],[79.8507,7.8782],[79.8485,7.8813],[79.8473,7.9026],[79.8434,7.9058],[79.8399,7.9109],[79.8412,7.9305],[79.8307,7.9402],[79.8266,7.9407],[79.8263,7.945],[79.8249,7.9655],[79.8089,7.9762],[79.8036,7.974],[79.7905,7.9732],[79.7619,7.9799],[79.7525,7.9846],[79.7452,7.9954],[79.7437,8.0012],[79.7404,8.0063],[79.7316,8.0075],[79.7251,8.0177],[79.7245,8.0174]]},"properties":{"kv":220}},
{"type":"Feature","geometry":{"type":"LineString","coordinates":[[79.9789,6.9703],[79.9791,6.9704],[79.99,6.9747],[80.009,6.9821],[80.022,6.9873],[80.0294,6.9903],[80.0449,6.9964],[80.0616,7.0031],[80.0662,7.005],[80.0795,7.01],[80.0853,7.0122],[80.0886,7.0134],[80.0916,7.0145],[80.0941,7.0154],[80.0979,7.0168],[80.1105,7.0215],[80.1119,7.0209],[80.125,7.0244],[80.1311,7.026],[80.1345,7.0269],[80.1374,7.0277],[80.1399,7.0283],[80.1432,7.0292],[80.1478,7.0304],[80.1657,7.0351],[80.1772,7.0383],[80.2159,7.0486],[80.2261,7.0537],[80.2333,7.0572],[80.2451,7.0643],[80.2487,7.0665],[80.2543,7.0699],[80.2586,7.0724],[80.2634,7.0751],[80.2665,7.077],[80.272,7.0801],[80.2858,7.0867],[80.2947,7.091],[80.3089,7.0916],[80.3193,7.0911],[80.3289,7.0965],[80.3415,7.096],[80.3441,7.096],[80.3497,7.0976],[80.3536,7.0988],[80.366,7.1023],[80.38,7.0977],[80.3897,7.1002],[80.3979,7.1009],[80.4084,7.0971],[80.416,7.0953],[80.4238,7.0962],[80.4272,7.0989],[80.4323,7.1004],[80.4344,7.0995],[80.4465,7.0949],[80.4536,7.095],[80.4568,7.0973],[80.4613,7.0974],[80.4671,7.0968],[80.4739,7.0958],[80.4906,7.0995],[80.4983,7.1013],[80.5058,7.1039],[80.5154,7.1072],[80.5189,7.1084],[80.5218,7.1094],[80.5248,7.1104],[80.5305,7.1106],[80.5364,7.1109],[80.538,7.1111],[80.5515,7.1132],[80.553,7.1134],[80.5638,7.1182],[80.5666,7.1194],[80.5684,7.1202],[80.5711,7.1214],[80.5722,7.1212],[80.5785,7.1198]]},"properties":{"kv":220}},
{"type":"Feature","geometry":{"type":"LineString","coordinates":[[81.5407,7.2096],[81.5446,7.2031],[81.5498,7.1945],[81.5544,7.1868],[81.5562,7.1742],[81.5595,7.1514],[81.5602,7.1457],[81.5634,7.1239],[81.5609,7.1158],[81.5588,7.1091],[81.5555,7.0982],[81.5526,7.089],[81.5466,7.0692],[81.5427,7.0564],[81.5403,7.0483],[81.5398,7.0458],[81.5382,7.0406],[81.5339,7.0365],[81.5254,7.0288],[81.5143,7.0188],[81.4975,7.0032],[81.4913,6.9975],[81.4717,6.9793],[81.4693,6.977],[81.4598,6.977],[81.4329,6.9771],[81.4063,6.9771],[81.3889,6.9772],[81.3859,6.9772],[81.3683,6.9772],[81.3615,6.9777],[81.356,6.9783],[81.3405,6.9794],[81.3305,6.9786],[81.3213,6.9781],[81.3147,6.9776],[81.309,6.9773],[81.2993,6.9773]]},"properties":{"kv":132}},
{"type":"Feature","geometry":{"type":"LineString","coordinates":[[79.8658,7.2928],[79.8659,7.2896],[79.8728,7.2773],[79.8808,7.2689],[79.8877,7.2617],[79.8941,7.2549],[79.8997,7.2365],[79.9097,7.2189],[79.918,7.1686],[79.9149,7.1654],[79.9112,7.1655],[79.9089,7.1655],[79.9063,7.1668],[79.8995,7.169],[79.8973,7.1709],[79.8946,7.1754]]},"properties":{"kv":132}},
{"type":"Feature","geometry":{"type":"LineString","coordinates":[[79.9266,7.0584],[79.9282,7.0675],[79.9301,7.0774],[79.9308,7.0823],[79.9316,7.0899],[79.934,7.1121],[79.9343,7.1157],[79.9334,7.1199],[79.9312,7.1297],[79.929,7.131],[79.9268,7.1322],[79.9255,7.133]]},"properties":{"kv":132}},
{"type":"Feature","geometry":{"type":"LineString","coordinates":[[79.9776,6.9704],[79.977,6.9699],[79.9754,6.9676],[79.9669,6.9559],[79.9626,6.9534],[79.9573,6.9512],[79.951,6.9481],[79.9408,6.9427],[79.9374,6.9408],[79.9348,6.9395],[79.9267,6.9401],[79.9238,6.94],[79.9209,6.9406],[79.9112,6.9416],[79.9077,6.9419],[79.9055,6.9421],[79.8979,6.9425],[79.8872,6.9432],[79.8845,6.9449],[79.8812,6.9511],[79.8796,6.9522]]},"properties":{"kv":220}},
{"type":"Feature","geometry":{"type":"LineString","coordinates":[[79.9611,6.9618],[79.9625,6.962],[79.9689,6.9653],[79.9732,6.9676],[79.9756,6.9689],[79.9772,6.9697],[79.9776,6.9699]]},"properties":{"kv":132}},
{"type":"Feature","geometry":{"type":"LineString","coordinates":[[79.9252,7.1343],[79.9248,7.1351],[79.925,7.138],[79.9279,7.1473],[79.9277,7.148],[79.9293,7.1501],[79.9398,7.1518],[79.9455,7.1653],[79.9596,7.1708],[79.9738,7.1806],[79.9876,7.1779],[79.991,7.1771],[79.9941,7.1783],[79.9952,7.1784],[80.0078,7.1776],[80.0099,7.1773],[80.0165,7.1811],[80.0207,7.179],[80.0275,7.1794],[80.032,7.1794],[80.0357,7.1768],[80.0405,7.1771]]},"properties":{"kv":220}},
{"type":"Feature","geometry":{"type":"LineString","coordinates":[[79.8944,7.175],[79.896,7.1727],[79.8967,7.1711],[79.8982,7.1691],[79.9085,7.1653],[79.9177,7.1631],[79.919,7.1627],[79.9237,7.1341]]},"properties":{"kv":132}},
{"type":"Feature","geometry":{"type":"LineString","coordinates":[[80.0165,7.1726],[80.0151,7.1711],[80.0068,7.1617],[80.0016,7.1577],[79.9999,7.1565],[79.9811,7.1547],[79.9658,7.1559],[79.9581,7.1564],[79.9486,7.1494],[79.9391,7.1479],[79.934,7.1366],[79.9331,7.1348],[79.9327,7.1344],[79.9318,7.1335],[79.9306,7.1324],[79.9296,7.1314],[79.9284,7.1302],[79.9273,7.1299],[79.9258,7.1313],[79.9248,7.1321]]},"properties":{"kv":132}},
{"type":"Feature","geometry":{"type":"LineString","coordinates":[[79.9244,7.1322],[79.9237,7.1331],[79.9215,7.1458],[79.9188,7.1625],[79.918,7.1635],[79.9113,7.1653],[79.908,7.1661],[79.9062,7.1666],[79.8983,7.1692],[79.8975,7.1702],[79.8967,7.1714],[79.8959,7.1724],[79.8949,7.1738]]},"properties":{"kv":null}},
{"type":"Feature","geometry":{"type":"LineString","coordinates":[[79.9329,7.0503],[79.9336,7.05],[79.9398,7.0578],[79.9458,7.0652],[79.9474,7.067],[79.9471,7.0691],[79.9474,7.0717],[79.9473,7.0739],[79.944,7.083],[79.9451,7.0847],[79.9457,7.0853],[79.9463,7.086],[79.9559,7.0872],[79.9634,7.0848],[79.9695,7.086],[79.9707,7.0867],[79.9713,7.087],[79.9727,7.0878],[79.9758,7.0895],[79.9794,7.0904],[79.9825,7.0945],[79.9912,7.0962],[79.9934,7.0969],[79.9948,7.0994],[79.9968,7.1011],[79.9996,7.1021],[80.0119,7.1126],[80.0164,7.1184],[80.0168,7.1215],[80.0177,7.1246],[80.0196,7.1283],[80.0219,7.1297],[80.0253,7.1306],[80.03,7.1358],[80.0322,7.1419],[80.033,7.1449],[80.0352,7.1455],[80.0376,7.1464],[80.0456,7.1521],[80.0486,7.1534],[80.0522,7.1547],[80.0535,7.1548],[80.0551,7.1462],[80.0561,7.1455],[80.0588,7.1474],[80.061,7.1479],[80.062,7.1491],[80.0659,7.1493],[80.0686,7.1457],[80.0715,7.1396],[80.0709,7.1353],[80.0732,7.1337]]},"properties":{"kv":null}},
{"type":"Feature","geometry":{"type":"LineString","coordinates":[[80.0081,7.0777],[80.0006,7.0794],[79.9856,7.083],[79.9787,7.081],[79.9739,7.0847],[79.9724,7.0859],[79.9706,7.0872],[79.9693,7.0882],[79.9592,7.0911],[79.9483,7.1034],[79.9451,7.1054],[79.9434,7.1064],[79.9418,7.1074],[79.9408,7.1081],[79.9378,7.1099],[79.9345,7.1119],[79.9334,7.1126],[79.9311,7.114],[79.9297,7.1238],[79.928,7.1291],[79.9258,7.1311],[79.9247,7.132]]},"properties":{"kv":132}},
{"type":"Feature","geometry":{"type":"LineString","coordinates":[[79.8753,7.0091],[79.8753,7.008],[79.8798,7.0081],[79.8845,7.0147],[79.888,7.0291],[79.8847,7.0384],[79.8837,7.0413],[79.8846,7.043],[79.8821,7.0486],[79.8813,7.0508],[79.8805,7.0542],[79.8795,7.0643],[79.8795,7.0675],[79.8793,7.0765],[79.8795,7.0841],[79.8797,7.0884],[79.8786,7.0906],[79.878,7.0945],[79.8782,7.1005],[79.8803,7.1065],[79.8812,7.1087],[79.8822,7.1102],[79.884,7.1112],[79.8862,7.1151],[79.8883,7.1158],[79.8906,7.1161],[79.8918,7.1177],[79.8942,7.1185],[79.8963,7.1199],[79.8978,7.1214],[79.9011,7.123],[79.9037,7.1241],[79.9057,7.1264],[79.9074,7.1263],[79.909,7.1253],[79.911,7.1253],[79.9124,7.1245],[79.915,7.1249],[79.9168,7.128],[79.9187,7.1279],[79.9213,7.1273],[79.9237,7.1282],[79.9249,7.1313],[79.9255,7.1327],[79.926,7.1338]]},"properties":{"kv":220}},
{"type":"Feature","geometry":{"type":"LineString","coordinates":[[79.9785,6.9708],[79.9786,6.9712],[79.9776,6.9732],[79.9686,6.9988],[79.967,7.003],[79.9659,7.0055],[79.9653,7.0077],[79.9646,7.0096],[79.9616,7.0209],[79.9608,7.0237],[79.954,7.0482],[79.948,7.071],[79.9462,7.0831],[79.9456,7.0861],[79.9445,7.0917],[79.9433,7.0976],[79.9417,7.1057],[79.9414,7.1074],[79.9406,7.1115],[79.939,7.1198],[79.9378,7.1257],[79.9341,7.1305],[79.9322,7.1329],[79.9308,7.1346],[79.9297,7.136],[79.9255,7.1343]]},"properties":{"kv":220}},
{"type":"Feature","geometry":{"type":"LineString","coordinates":[[79.8949,7.1737],[79.8965,7.1712],[79.8955,7.1672],[79.8944,7.1664]]},"properties":{"kv":null}},
{"type":"Feature","geometry":{"type":"LineString","coordinates":[[80.0423,7.1774],[80.0429,7.1781],[80.0487,7.1763],[80.0501,7.1768],[80.052,7.1753],[80.0528,7.1738],[80.0532,7.173],[80.0551,7.1695],[80.0573,7.1661],[80.0604,7.1636],[80.061,7.1638],[80.0621,7.1642],[80.0654,7.1631],[80.0662,7.1626]]},"properties":{"kv":220}},
{"type":"Feature","geometry":{"type":"LineString","coordinates":[[80.0595,7.171],[80.0584,7.1728],[80.0531,7.1783],[80.0473,7.1821],[80.0467,7.1823]]},"properties":{"kv":null}},
{"type":"Feature","geometry":{"type":"LineString","coordinates":[[80.0466,7.1823],[80.0437,7.1835]]},"properties":{"kv":null}},
{"type":"Feature","geometry":{"type":"LineString","coordinates":[[80.0611,7.1637],[80.0598,7.1645],[80.0578,7.1659],[80.0535,7.1731],[80.0529,7.1732],[80.0484,7.1727],[80.0471,7.1734],[80.0438,7.1717],[80.0415,7.1682],[80.0364,7.1686],[80.0321,7.1708],[80.0237,7.1705],[80.0221,7.1721],[80.0165,7.1726]]},"properties":{"kv":132}},
{"type":"Feature","geometry":{"type":"LineString","coordinates":[[79.9964,7.321],[79.9952,7.3214],[79.9909,7.3278],[79.9749,7.3303],[79.9655,7.3365],[79.9628,7.355],[79.9583,7.3612],[79.9579,7.3763],[79.9503,7.3815],[79.9354,7.3847],[79.9291,7.3889],[79.9259,7.3885],[79.9234,7.3882],[79.9171,7.3875],[79.9145,7.3872],[79.9141,7.3873]]},"properties":{"kv":132}},
{"type":"Feature","geometry":{"type":"LineString","coordinates":[[81.1266,6.1849],[81.1265,6.1843],[81.1081,6.18],[81.1057,6.1751],[81.1018,6.1668],[81.099,6.1599],[81.0945,6.1569],[81.0764,6.1579],[81.0756,6.1585],[81.0729,6.1577],[81.0693,6.1537],[81.0675,6.1542]]},"properties":{"kv":33}},
{"type":"Feature","geometry":{"type":"LineString","coordinates":[[81.1272,6.1849],[81.1286,6.1852],[81.13,6.1988],[81.1311,6.2089],[81.134,6.2115],[81.1356,6.2141],[81.144,6.2203],[81.1551,6.2288],[81.1602,6.2353],[81.1637,6.2357],[81.1662,6.2352],[81.1693,6.2353],[81.1724,6.2366],[81.1823,6.2544],[81.1881,6.2571],[81.1971,6.2593],[81.2012,6.2622],[81.2116,6.2629],[81.2141,6.264],[81.2154,6.265],[81.2253,6.266],[81.2264,6.2652],[81.2362,6.2641],[81.2428,6.2666]]},"properties":{"kv":33}},
{"type":"Feature","geometry":{"type":"LineString","coordinates":[[80.106,7.1227],[80.1032,7.1249],[80.1026,7.1261],[80.1013,7.1271],[80.0975,7.127],[80.0962,7.1278],[80.0944,7.1305]]},"properties":{"kv":null}},
{"type":"Feature","geometry":{"type":"LineString","coordinates":[[80.1245,6.9297],[80.1263,6.9361],[80.1271,6.9384],[80.1275,6.9408],[80.1289,6.9434],[80.1309,6.9438],[80.1342,6.9436],[80.1389,6.9439],[80.14,6.9445],[80.1401,6.9454]]},"properties":{"kv":null}},
{"type":"Feature","geometry":{"type":"LineString","coordinates":[[80.4495,6.9808],[80.4473,6.9853],[80.4445,6.9879],[80.442,6.9913],[80.4247,6.9915],[80.4221,6.9929],[80.4202,6.9942],[80.4177,6.9962],[80.4094,7.0025],[80.395,7.0044],[80.3865,7.0056],[80.3735,7.0112],[80.3671,7.0139],[80.3637,7.0142],[80.3538,7.0148],[80.3399,7.0157],[80.3215,7.0169],[80.3085,7.0271],[80.2987,7.0329],[80.2938,7.0359],[80.2811,7.044],[80.2726,7.0562],[80.2597,7.0636],[80.2547,7.0678],[80.2532,7.069],[80.2516,7.0705],[80.2473,7.0741],[80.2441,7.0767],[80.2401,7.08],[80.2307,7.079],[80.2289,7.0788],[80.2161,7.0773],[80.2088,7.0757],[80.1922,7.0747],[80.1853,7.0732],[80.1768,7.0716],[80.152,7.0568],[80.1412,7.0503],[80.1374,7.0482],[80.1276,7.038],[80.1167,7.0268],[80.114,7.024],[80.1106,7.0206],[80.1091,7.019],[80.1042,7.0139],[80.0952,7.0012],[80.0891,6.9927],[80.0827,6.9836],[80.0793,6.9764],[80.0694,6.9558],[80.065,6.9465],[80.0619,6.9425],[80.0583,6.9383],[80.0567,6.9363],[80.0548,6.9339],[80.0527,6.9313],[80.0392,6.9148],[80.0269,6.9166],[80.0131,6.9216],[79.9997,6.911],[79.9898,6.9111]]},"properties":{"kv":132}},
{"type":"Feature","geometry":{"type":"LineString","coordinates":[[80.5688,7.1264],[80.5662,7.1375],[80.5651,7.1423],[80.5641,7.1464],[80.5637,7.1481],[80.5572,7.1509],[80.5565,7.1534],[80.5547,7.1606],[80.5591,7.1638]]},"properties":{"kv":null}},
{"type":"Feature","geometry":{"type":"LineString","coordinates":[[80.9277,7.1979],[80.9242,7.198],[80.9181,7.1881],[80.9123,7.1805],[80.9064,7.1741],[80.9045,7.168],[80.9049,7.1594],[80.8844,7.1426],[80.8765,7.1233],[80.8741,7.111],[80.8723,7.1042],[80.8688,7.0976]]},"properties":{"kv":33}},
{"type":"Feature","geometry":{"type":"LineString","coordinates":[[80.1643,6.9402],[80.1582,6.9407],[80.158,6.9408],[80.1578,6.9407],[80.1499,6.9416],[80.1465,6.943],[80.1422,6.9434],[80.1402,6.9436],[80.1402,6.944],[80.1407,6.9452],[80.1404,6.9455]]},"properties":{"kv":null}},
{"type":"Feature","geometry":{"type":"LineString","coordinates":[[81.0591,6.9832],[81.0556,6.9817],[81.0473,6.978],[81.0419,6.979],[81.0397,6.9795],[81.0334,6.9744],[81.02,6.9614],[81.0173,6.959],[81.0144,6.9558],[81.0121,6.9543],[81.0031,6.9459],[80.9972,6.9394],[80.9962,6.9376],[80.9946,6.9367],[80.9929,6.9352],[80.9903,6.9329],[80.9872,6.9301],[80.9845,6.9277],[80.9744,6.9187],[80.9707,6.9155],[80.9678,6.9149],[80.963,6.9133],[80.9575,6.9133],[80.953,6.9136],[80.9386,6.9078],[80.9313,6.9056],[80.9293,6.9052],[80.9237,6.9032],[80.9154,6.9007],[80.8996,6.8975],[80.896,6.8965],[80.8943,6.8962],[80.8929,6.8966],[80.8893,6.8968],[80.8765,6.9044],[80.8671,6.9079],[80.8562,6.9102],[80.8415,6.9181],[80.836,6.9214],[80.8339,6.9221],[80.8205,6.9329],[80.8168,6.9345],[80.7993,6.9448],[80.7964,6.9466],[80.7927,6.9486],[80.7878,6.9492],[80.7861,6.9494],[80.7828,6.9501]]},"properties":{"kv":132}},
{"type":"Feature","geometry":{"type":"LineString","coordinates":[[80.0848,7.1531],[80.0816,7.1583],[80.0801,7.159],[80.0773,7.1597],[80.0754,7.1591],[80.0736,7.158],[80.07,7.1568],[80.0685,7.1577],[80.0637,7.1626],[80.0611,7.1637]]},"properties":{"kv":null}},
{"type":"Feature","geometry":{"type":"LineString","coordinates":[[80.5286,7.148],[80.5334,7.149],[80.542,7.1472],[80.5552,7.1467],[80.5607,7.1451],[80.5653,7.1438],[80.5709,7.134],[80.5728,7.1316],[80.575,7.1287],[80.5794,7.1232],[80.5802,7.1221]]},"properties":{"kv":132}},
{"type":"Feature","geometry":{"type":"LineString","coordinates":[[80.5237,7.1206],[80.528,7.1203],[80.5368,7.1198],[80.5435,7.1219],[80.5466,7.1215],[80.5521,7.1197],[80.5547,7.1215],[80.5599,7.1254],[80.5652,7.1241],[80.5665,7.1236],[80.5683,7.1235],[80.5686,7.1229],[80.5712,7.1228],[80.577,7.1245],[80.5785,7.1249],[80.5797,7.1239],[80.5804,7.1223]]},"properties":{"kv":132}},
{"type":"Feature","geometry":{"type":"LineString","coordinates":[[80.2457,7.1851],[80.2444,7.1858],[80.2407,7.191],[80.2385,7.1948],[80.2349,7.2001],[80.2321,7.2046],[80.2298,7.2091],[80.2273,7.2121],[80.2273,7.2144],[80.2262,7.2167],[80.2258,7.2187],[80.2252,7.22],[80.2259,7.2243],[80.2257,7.2334],[80.2257,7.2407],[80.2245,7.2465],[80.2252,7.253],[80.2241,7.255],[80.2258,7.2602],[80.2265,7.2627],[80.2301,7.2644],[80.2344,7.2638],[80.243,7.2649]]},"properties":{"kv":null}},
{"type":"Feature","geometry":{"type":"LineString","coordinates":[[80.5785,7.1198],[80.5799,7.1209]]},"properties":{"kv":220}},
{"type":"Feature","geometry":{"type":"LineString","coordinates":[[80.8066,7.2002],[80.8079,7.1995],[80.8104,7.1971],[80.8225,7.1897],[80.8334,7.1854],[80.8584,7.1863],[80.8753,7.1875],[80.8781,7.192],[80.883,7.1982],[80.8905,7.2013],[80.8909,7.2092],[80.895,7.215],[80.9055,7.2199],[80.9159,7.2155],[80.9214,7.2076],[80.9228,7.2056],[80.9267,7.2039],[80.927,7.2033],[80.9271,7.2031],[80.9271,7.2029],[80.9271,7.2027]]},"properties":{"kv":220}},
{"type":"Feature","geometry":{"type":"LineString","coordinates":[[80.7835,6.9498],[80.7894,6.9481]]},"properties":{"kv":132}},
{"type":"Feature","geometry":{"type":"LineString","coordinates":[[80.7281,6.9319],[80.7278,6.9328],[80.7291,6.9371],[80.7299,6.9383]]},"properties":{"kv":null}},
{"type":"Feature","geometry":{"type":"LineString","coordinates":[[80.7855,6.9479],[80.7838,6.9494],[80.7835,6.9496]]},"properties":{"kv":null}},
{"type":"Feature","geometry":{"type":"LineString","coordinates":[[80.5785,7.1198],[80.5812,7.1197]]},"properties":{"kv":220}},
{"type":"Feature","geometry":{"type":"LineString","coordinates":[[80.4547,6.9759],[80.4541,6.9751],[80.4538,6.9717],[80.4574,6.956],[80.4588,6.9498],[80.4661,6.9381],[80.4694,6.9354],[80.4769,6.9284],[80.4835,6.9249],[80.4861,6.9225],[80.488,6.9211],[80.4899,6.918],[80.491,6.9188]]},"properties":{"kv":132}},
{"type":"Feature","geometry":{"type":"LineString","coordinates":[[80.8896,6.8958],[80.8868,6.8957],[80.8844,6.896],[80.8791,6.9002],[80.8688,6.9042],[80.8559,6.9092],[80.8467,6.9116],[80.8204,6.9328],[80.8163,6.9344],[80.793,6.9481],[80.79,6.948],[80.7855,6.9479],[80.7779,6.9475],[80.7694,6.9458],[80.76,6.9419],[80.7489,6.9368],[80.7415,6.9334],[80.7369,6.9264],[80.7289,6.9126],[80.7181,6.8939],[80.7173,6.8925],[80.7111,6.8905]]},"properties":{"kv":132}},
{"type":"Feature","geometry":{"type":"LineString","coordinates":[[80.2618,6.992],[80.2531,6.9862],[80.2472,6.9856],[80.2412,6.9851],[80.238,6.9848],[80.2354,6.983],[80.2275,6.983]]},"properties":{"kv":null}},
{"type":"Feature","geometry":{"type":"LineString","coordinates":[[79.8831,6.9351],[79.8884,6.937],[79.8903,6.9369],[79.898,6.9345],[79.9013,6.9359],[79.9065,6.9407],[79.9068,6.9434],[79.9071,6.9457],[79.9083,6.9522],[79.9082,6.9546],[79.909,6.96],[79.9111,6.9625],[79.916,6.9678],[79.9167,6.9691]]},"properties":{"kv":132}},
{"type":"Feature","geometry":{"type":"LineString","coordinates":[[80.2212,7.278],[80.222,7.2777],[80.2245,7.2748],[80.2242,7.2705]]},"properties":{"kv":null}},
{"type":"Feature","geometry":{"type":"LineString","coordinates":[[80.158,6.9408],[80.1603,6.942],[80.1671,6.9455]]},"properties":{"kv":null}},
{"type":"Feature","geometry":{"type":"LineString","coordinates":[[80.4547,6.9756],[80.4541,6.9732],[80.4632,6.9643],[80.4639,6.9598],[80.4662,6.9559],[80.4729,6.9437],[80.4738,6.9405],[80.4772,6.9348],[80.4773,6.9288],[80.4828,6.9259],[80.4865,6.9235],[80.4906,6.9207],[80.4923,6.9197],[80.4928,6.919]]},"properties":{"kv":132}},
{"type":"Feature","geometry":{"type":"LineString","coordinates":[[80.2099,6.9682],[80.1874,6.9584],[80.1804,6.9553],[80.1704,6.9509],[80.1647,6.9483],[80.1536,6.9466],[80.1432,6.9449],[80.1403,6.9444],[80.1365,6.9451],[80.1345,6.9443],[80.1324,6.9434],[80.128,6.9427],[80.1263,6.9424],[80.1232,6.9419],[80.1123,6.9403],[80.093,6.9375],[80.0892,6.9369],[80.0681,6.9338],[80.0578,6.9324],[80.0525,6.9318],[80.0492,6.9314],[80.033,6.9295],[80.015,6.9274],[79.9869,6.924],[79.9674,6.9232],[79.9608,6.923],[79.9562,6.9227],[79.9412,6.9221],[79.9279,6.9215],[79.9238,6.924],[79.9194,6.9267],[79.9069,6.9333],[79.8992,6.9337],[79.8901,6.9368],[79.8865,6.936],[79.8853,6.9352],[79.8829,6.9348]]},"properties":{"kv":132}},
{"type":"Feature","geometry":{"type":"LineString","coordinates":[[80.226,7.2631],[80.2263,7.2668],[80.2257,7.268],[80.225,7.2691],[80.2243,7.2705],[80.2246,7.2749],[80.2223,7.2778],[80.2212,7.278]]},"properties":{"kv":null}},
{"type":"Feature","geometry":{"type":"LineString","coordinates":[[80.9511,7.2013],[80.951,7.2008],[80.9539,7.2006],[80.957,7.2007],[80.9676,7.2054],[80.9716,7.2098],[80.973,7.2114],[80.9768,7.2127],[80.9854,7.2158],[81.004,7.2162],[81.0088,7.2224],[81.0101,7.2244],[81.0105,7.2255],[81.0123,7.2287],[81.0063,7.2446],[81.0044,7.2495],[81.0035,7.2529],[80.996,7.2792],[80.9971,7.2868],[80.9975,7.292],[81.0021,7.299],[81.0048,7.3008],[81.007,7.3045],[81.0091,7.3064],[81.0159,7.3148],[81.0171,7.3199],[81.0184,7.322],[81.0191,7.3273],[81.0242,7.3323]]},"properties":{"kv":132}},
{"type":"Feature","geometry":{"type":"LineString","coordinates":[[80.2212,7.278],[80.2231,7.2782],[80.227,7.2712],[80.2268,7.2686],[80.2264,7.2648],[80.2259,7.2602],[80.2256,7.2564],[80.2246,7.2466],[80.2258,7.2407],[80.226,7.2315],[80.226,7.2242],[80.226,7.2185],[80.226,7.2145],[80.2259,7.2106],[80.2255,7.2038],[80.2252,7.1964],[80.2271,7.1864],[80.2272,7.1793],[80.2231,7.1746],[80.2174,7.1686],[80.2159,7.1647],[80.2202,7.1576],[80.2215,7.1543],[80.2266,7.1477],[80.2299,7.1426],[80.2321,7.1341],[80.2313,7.1294],[80.234,7.1227],[80.2362,7.1174],[80.2377,7.1075],[80.2433,7.0956],[80.2471,7.088],[80.2402,7.0807],[80.2401,7.08]]},"properties":{"kv":132}},
{"type":"Feature","geometry":{"type":"LineString","coordinates":[[80.2109,6.9687],[80.2248,6.9747],[80.2374,6.9797],[80.2404,6.9808],[80.2473,6.9835],[80.2509,6.9849],[80.2539,6.986],[80.2598,6.9885],[80.2703,6.9903],[80.2759,6.9912],[80.2815,6.9923],[80.2932,6.9943],[80.2998,6.9955],[80.3052,6.9964],[80.3133,6.9979],[80.319,6.9989],[80.3253,7.0002],[80.3455,7.0014],[80.3753,7.0033],[80.386,7.0041],[80.3916,7.0044],[80.4025,7.0028],[80.4094,7.002],[80.417,6.9962],[80.4196,6.9942],[80.4205,6.9935],[80.4247,6.9911],[80.4261,6.9911],[80.4406,6.9909],[80.4441,6.9875],[80.4482,6.9821],[80.4505,6.979],[80.4521,6.9769],[80.4547,6.9761]]},"properties":{"kv":132}},
{"type":"Feature","geometry":{"type":"LineString","coordinates":[[79.9266,7.0584],[79.924,7.0581],[79.9221,7.0586],[79.9212,7.0595],[79.9202,7.0634],[79.9209,7.0637]]},"properties":{"kv":132}},
{"type":"Feature","geometry":{"type":"LineString","coordinates":[[80.4547,6.9767],[80.4537,6.977],[80.4533,6.9778],[80.4548,6.9797],[80.4593,6.9824],[80.4624,6.9854],[80.469,6.9914],[80.4741,6.9964],[80.4773,6.9992],[80.4832,7.0051],[80.4889,7.0141],[80.4943,7.0229],[80.4958,7.0252],[80.5001,7.0322],[80.507,7.0437],[80.5106,7.0494],[80.5136,7.0547],[80.515,7.057],[80.5185,7.0629],[80.5203,7.0829],[80.5212,7.0942],[80.5221,7.1032],[80.5223,7.1061],[80.5226,7.1086],[80.5229,7.1118],[80.5234,7.1183],[80.5237,7.1206],[80.5256,7.1308],[80.5284,7.1476],[80.5286,7.148],[80.5296,7.1556],[80.5306,7.1592],[80.5327,7.1672],[80.5373,7.1851],[80.547,7.2225],[80.5506,7.235],[80.5517,7.2385],[80.553,7.243]]},"properties":{"kv":132}},
{"type":"Feature","geometry":{"type":"LineString","coordinates":[[80.1293,6.9439],[80.1272,6.9442],[80.1262,6.9428],[80.1243,6.9416],[80.1195,6.9398],[80.1152,6.9402],[80.1122,6.9369],[80.109,6.9353]]},"properties":{"kv":null}},
{"type":"Feature","geometry":{"type":"LineString","coordinates":[[80.0848,7.1531],[80.0881,7.1497],[80.1004,7.1507]]},"properties":{"kv":null}},
{"type":"Feature","geometry":{"type":"LineString","coordinates":[[80.0941,7.1427],[80.089,7.1435],[80.0847,7.153],[80.0848,7.1531]]},"properties":{"kv":null}},
{"type":"Feature","geometry":{"type":"LineString","coordinates":[[80.1399,6.946],[80.138,6.9483],[80.1363,6.9512],[80.1354,6.953],[80.133,6.9549],[80.1313,6.9576],[80.1314,6.9587],[80.1327,6.961],[80.1334,6.9623],[80.1336,6.9643],[80.1338,6.9659],[80.1339,6.9676],[80.133,6.9698],[80.132,6.9716],[80.1316,6.9745],[80.1274,6.9781],[80.1254,6.9784],[80.1238,6.9782]]},"properties":{"kv":null}},
{"type":"Feature","geometry":{"type":"LineString","coordinates":[[80.2329,7.2999],[80.2321,7.2989],[80.2238,7.299],[80.2188,7.2964],[80.2183,7.2951],[80.2174,7.2898],[80.2214,7.283],[80.222,7.2809],[80.2222,7.2787],[80.2212,7.278]]},"properties":{"kv":null}},
{"type":"Feature","geometry":{"type":"LineString","coordinates":[[81.3875,7.9627],[81.3935,7.9613]]},"properties":{"kv":null}},
{"type":"Feature","geometry":{"type":"LineString","coordinates":[[80.6609,6.0785],[80.6487,6.0603],[80.6352,6.0532],[80.6287,6.0497],[80.6197,6.045],[80.617,6.0435],[80.6059,6.032],[80.603,6.029],[80.6003,6.0264],[80.5854,6.0193],[80.5833,6.016],[80.5702,5.9948],[80.5641,5.9859],[80.5607,5.9848],[80.5576,5.9837],[80.5541,5.9826],[80.5502,5.9812],[80.5405,5.9713],[80.5351,5.9658]]},"properties":{"kv":132}},
{"type":"Feature","geometry":{"type":"LineString","coordinates":[[80.5348,5.9645],[80.5365,5.9643],[80.5391,5.9658],[80.5435,5.9705],[80.5485,5.9745],[80.5711,5.9834],[80.5723,5.9844],[80.5745,5.9848],[80.5804,5.9849],[80.5848,5.9805],[80.5892,5.9762],[80.5921,5.9742],[80.596,5.9706],[80.5976,5.9684]]},"properties":{"kv":null}},
{"type":"Feature","geometry":{"type":"LineString","coordinates":[[80.5636,5.9848],[80.5514,5.9792],[80.5395,5.9668],[80.5381,5.9655],[80.5353,5.9647]]},"properties":{"kv":null}},
{"type":"Feature","geometry":{"type":"LineString","coordinates":[[80.5351,5.965],[80.5358,5.9651],[80.5392,5.9686],[80.5487,5.9791],[80.5502,5.9804],[80.5594,5.984],[80.5604,5.9853],[80.5616,5.9872],[80.5629,5.9887],[80.5639,5.9906],[80.5645,5.9926],[80.5595,6.0019],[80.5577,6.0099],[80.5569,6.0109],[80.5585,6.0148],[80.5595,6.0174],[80.5578,6.0205],[80.5547,6.0259],[80.5563,6.0319],[80.5579,6.0397],[80.5599,6.0443],[80.5587,6.0481],[80.5592,6.0499],[80.5605,6.0526],[80.5602,6.0609],[80.56,6.0625],[80.5614,6.0645],[80.562,6.0667],[80.5617,6.0722],[80.562,6.0757],[80.5639,6.0774],[80.5626,6.0803],[80.5635,6.0858]]},"properties":{"kv":null}},
{"type":"Feature","geometry":{"type":"LineString","coordinates":[[80.5348,5.9652],[80.5349,5.9649],[80.5351,5.9649],[80.5351,5.965],[80.5351,5.9652]]},"properties":{"kv":null}},
{"type":"Feature","geometry":null,"properties":{"kv":null}},
{"type":"Feature","geometry":{"type":"LineString","coordinates":[[80.5352,5.9646],[80.5351,5.9649]]},"properties":{"kv":null}},
{"type":"Feature","geometry":{"type":"LineString","coordinates":[[80.5349,5.9645],[80.5349,5.9646],[80.5349,5.9649]]},"properties":{"kv":null}},
{"type":"Feature","geometry":{"type":"LineString","coordinates":[[80.5349,5.9645],[80.5349,5.9646]]},"properties":{"kv":null}},
{"type":"Feature","geometry":{"type":"LineString","coordinates":[[80.535,5.9646],[80.5349,5.9645],[80.5348,5.9645],[80.5349,5.9646],[80.535,5.9646],[80.5351,5.9646],[80.5352,5.9646],[80.5353,5.9647],[80.5353,5.9646]]},"properties":{"kv":null}},
{"type":"Feature","geometry":{"type":"LineString","coordinates":[[80.5353,5.9646],[80.5352,5.9646],[80.5351,5.9646]]},"properties":{"kv":null}},
{"type":"Feature","geometry":{"type":"LineString","coordinates":[[80.5295,5.9662],[80.5315,5.9651],[80.5333,5.9644]]},"properties":{"kv":null}},
{"type":"Feature","geometry":{"type":"LineString","coordinates":[[80.6609,6.0785],[80.6658,6.0759],[80.6736,6.075],[80.6789,6.0742],[80.6852,6.0735],[80.6949,6.0708],[80.7066,6.0676],[80.712,6.0656],[80.7232,6.069],[80.7282,6.0704],[80.7302,6.0688]]},"properties":{"kv":132}},
{"type":"Feature","geometry":{"type":"LineString","coordinates":[[80.4031,6.7023],[80.4029,6.702],[80.4048,6.6985],[80.4048,6.6972],[80.4035,6.6964],[80.3994,6.6947],[80.3971,6.6936],[80.3945,6.6929]]},"properties":{"kv":33}},
{"type":"Feature","geometry":{"type":"LineString","coordinates":[[80.4039,6.702],[80.405,6.7008],[80.4051,6.6985],[80.4067,6.6962],[80.4089,6.6955],[80.4107,6.6937],[80.4146,6.6905],[80.4164,6.6888],[80.42,6.6858],[80.4219,6.6848],[80.4216,6.6821]]},"properties":{"kv":33}},
{"type":"Feature","geometry":{"type":"LineString","coordinates":[[79.9281,6.9172],[79.9297,6.9174],[79.9305,6.9178],[79.9318,6.9183],[79.9323,6.9185],[79.9412,6.9221]]},"properties":{"kv":132}},
{"type":"Feature","geometry":{"type":"LineString","coordinates":[[80.0604,6.5061],[80.0613,6.5066],[80.0625,6.5104],[80.0591,6.5255],[80.0576,6.5324],[80.0494,6.5527],[80.0455,6.5592],[80.0404,6.5636],[80.031,6.5736],[80.0286,6.5793],[80.0264,6.581],[80.0226,6.5851],[80.0145,6.6014],[80.0127,6.604],[80.0064,6.6128],[80.0026,6.6156],[79.9905,6.6374],[79.9859,6.6566]]},"properties":{"kv":132}},
{"type":"Feature","geometry":{"type":"LineString","coordinates":[[80.0606,6.5056],[80.0638,6.5066],[80.0677,6.508],[80.0739,6.51],[80.0816,6.5127],[80.0912,6.5159],[80.0932,6.5168],[80.0954,6.5174],[80.098,6.5192],[80.1039,6.5221],[80.1118,6.528],[80.1164,6.5301],[80.125,6.5333],[80.1342,6.538],[80.1397,6.5409],[80.1609,6.5462],[80.1677,6.5506],[80.18,6.5519],[80.1975,6.5587],[80.2182,6.5666],[80.2239,6.5689],[80.2398,6.5747],[80.2457,6.5767],[80.2529,6.5793],[80.2649,6.5835],[80.2665,6.5851],[80.2754,6.5941],[80.2816,6.6003],[80.2841,6.6032],[80.2842,6.6036]]},"properties":{"kv":132}},
{"type":"Feature","geometry":{"type":"LineString","coordinates":[[80.074,6.2826],[80.0756,6.2878],[80.0787,6.3063],[80.0791,6.3086],[80.0907,6.3267],[80.0991,6.3343],[80.1027,6.3425],[80.0998,6.3466],[80.0964,6.3649],[80.098,6.371],[80.1009,6.3735],[80.1005,6.3785],[80.1031,6.4023],[80.1008,6.4079],[80.1014,6.4155],[80.0856,6.4272],[80.0767,6.4375],[80.0758,6.4531],[80.0754,6.4595],[80.0753,6.4627],[80.0721,6.4675],[80.0641,6.4796],[80.0629,6.4826],[80.0554,6.5016],[80.0563,6.5038],[80.0588,6.5049],[80.0599,6.5059]]},"properties":{"kv":132}},
{"type":"Feature","geometry":{"type":"LineString","coordinates":[[79.8961,7.9917],[79.897,7.9903],[79.8991,7.9883],[79.9093,7.9776],[79.9197,7.974],[79.9459,7.9514],[79.9597,7.946],[79.9814,7.9376],[79.9933,7.933],[80.0059,7.9239],[80.015,7.9174],[80.0451,7.9081],[80.0662,7.9025],[80.0846,7.8953],[80.1145,7.8781],[80.1272,7.8683],[80.1475,7.8652],[80.1558,7.8621],[80.165,7.8588],[80.1732,7.8559],[80.1919,7.844],[80.2149,7.8243],[80.2209,7.8158],[80.2278,7.8119],[80.2281,7.812]]},"properties":{"kv":132}},
{"type":"Feature","geometry":{"type":"LineString","coordinates":[[79.8709,8.0122],[79.8714,8.0121],[79.8722,8.0092],[79.8895,7.9921],[79.893,7.9907],[79.8952,7.9911],[79.8955,7.9907]]},"properties":{"kv":132}},
{"type":"Feature","geometry":{"type":"LineString","coordinates":[[79.8959,7.991],[79.8955,7.9914],[79.9081,8.0071],[79.9121,8.012],[79.9193,8.0209],[79.923,8.027],[79.9289,8.0365],[79.9327,8.0426],[79.9579,8.0479],[79.9693,8.0503],[79.9751,8.0551],[80.0013,8.0765],[80.0065,8.0809],[80.0143,8.0872],[80.0376,8.1251],[80.0448,8.1317],[80.0472,8.1338],[80.0494,8.1358],[80.0517,8.1378],[80.0635,8.1485],[80.071,8.1552],[80.0735,8.1576],[80.0819,8.1651],[80.0845,8.168],[80.0936,8.1775],[80.1129,8.1892],[80.1386,8.2131],[80.1651,8.2315],[80.1776,8.2402],[80.1822,8.242],[80.2059,8.2478],[80.2244,8.2562],[80.234,8.2605],[80.2405,8.2635],[80.2524,8.2683],[80.2841,8.2632],[80.2956,8.2615],[80.3127,8.2584],[80.3271,8.2583],[80.3352,8.2582],[80.347,8.2581],[80.3618,8.2596],[80.3774,8.2633],[80.3984,8.2669],[80.4129,8.2729],[80.4381,8.2796],[80.4431,8.2869],[80.4453,8.2997],[80.4463,8.2997],[80.4511,8.2979]]},"properties":{"kv":132}},
{"type":"Feature","geometry":{"type":"LineString","coordinates":[[80.9868,6.8612],[80.9885,6.8642],[80.99,6.8781],[80.9883,6.8857],[80.9871,6.8888],[80.9876,6.8922],[80.9877,6.8967],[80.9837,6.9012],[80.9834,6.9148],[80.9874,6.9228],[80.9902,6.9326],[80.9901,6.933],[80.992,6.9347],[80.9945,6.9374],[81.0031,6.9461],[81.0141,6.957],[81.032,6.9746],[81.0385,6.9814],[81.0409,6.9817],[81.0532,6.9808]]},"properties":{"kv":null}},
{"type":"Feature","geometry":{"type":"LineString","coordinates":[[80.9434,6.91],[80.946,6.9116],[80.9531,6.9142],[80.9578,6.9141],[80.9617,6.9137],[80.9647,6.9154],[80.9709,6.9166],[80.9899,6.9342],[80.9928,6.9374],[80.9967,6.941],[81.0029,6.9463],[81.0052,6.9485],[81.0188,6.9618],[81.0279,6.9708],[81.0335,6.9763],[81.0385,6.9816],[81.0409,6.9821],[81.0523,6.981]]},"properties":{"kv":null}},
{"type":"Feature","geometry":{"type":"LineString","coordinates":[[79.9403,6.8428],[79.9401,6.842],[79.9376,6.8395]]},"properties":{"kv":null}},
{"type":"Feature","geometry":{"type":"LineString","coordinates":[[79.9675,6.7432],[79.9663,6.748],[79.9653,6.7614],[79.9621,6.7684],[79.9615,6.7761],[79.9625,6.7911],[79.9542,6.7999],[79.9514,6.8075],[79.9516,6.8099],[79.9524,6.8171],[79.9501,6.8241],[79.9449,6.8296],[79.9432,6.8317],[79.9432,6.8388],[79.9405,6.843],[79.9406,6.8433]]},"properties":{"kv":132}},
{"type":"Feature","geometry":{"type":"LineString","coordinates":[[80.8615,6.2865],[80.8622,6.2863],[80.8684,6.2862],[80.886,6.2881],[80.8884,6.2884],[80.9062,6.2904],[80.9093,6.2908],[80.9167,6.2867],[80.9287,6.2846],[80.9433,6.282],[80.9622,6.2727],[80.9649,6.2726],[80.9783,6.2725],[80.989,6.2722],[80.9949,6.2722],[80.9968,6.2715],[80.9978,6.2704],[81.0003,6.2691],[81.0058,6.2687],[81.0093,6.2687],[81.022,6.2657],[81.0348,6.2612],[81.0479,6.2566],[81.0532,6.2547],[81.0706,6.2486],[81.0737,6.2475],[81.0765,6.2443],[81.0801,6.2404],[81.0879,6.2318],[81.0996,6.2188],[81.1123,6.2047],[81.1139,6.2026],[81.1233,6.1909],[81.1249,6.1885],[81.1271,6.186]]},"properties":{"kv":132}},
{"type":"Feature","geometry":{"type":"LineString","coordinates":[[80.8607,6.287],[80.8575,6.289],[80.8562,6.2895],[80.85,6.2845],[80.8498,6.2845]]},"properties":{"kv":132}},
{"type":"Feature","geometry":{"type":"LineString","coordinates":[[79.9407,6.8437],[79.9374,6.8399],[79.9331,6.8353],[79.9291,6.8311],[79.9123,6.8224],[79.9037,6.818],[79.8965,6.8119],[79.8928,6.8115],[79.8913,6.8136]]},"properties":{"kv":132}},
{"type":"Feature","geometry":{"type":"LineString","coordinates":[[81.6926,7.2906],[81.6926,7.2905],[81.6953,7.29],[81.6958,7.2885],[81.6907,7.2822],[81.6672,7.2787],[81.6652,7.2782],[81.6501,7.2734],[81.6339,7.2609],[81.6252,7.2541],[81.6051,7.2431],[81.5818,7.2278],[81.5689,7.217],[81.5438,7.2105],[81.5407,7.2096]]},"properties":{"kv":132}},
{"type":"Feature","geometry":{"type":"LineString","coordinates":[[81.6548,7.5301],[81.659,7.4993],[81.6648,7.4757],[81.6754,7.4495],[81.6803,7.4349],[81.6847,7.4215],[81.6958,7.4001],[81.7067,7.383],[81.7114,7.3757],[81.7197,7.3607],[81.7251,7.3509],[81.7277,7.3357],[81.7298,7.3231],[81.729,7.3055],[81.7259,7.3006],[81.7228,7.2958],[81.7216,7.2938],[81.7201,7.2916],[81.7083,7.2911],[81.693,7.2905]]},"properties":{"kv":132}},
{"type":"Feature","geometry":{"type":"LineString","coordinates":[[80.0408,7.1777],[80.0357,7.1771],[80.0315,7.18],[80.0214,7.1793],[80.0166,7.1815],[80.0144,7.1806],[80.0093,7.1844],[80.0043,7.1883],[80.0028,7.1919],[80.0028,7.1957],[80.0015,7.1986],[80.0018,7.2004],[80.0017,7.2028],[79.9985,7.2075],[79.999,7.2134],[79.997,7.2163],[79.9788,7.2305],[79.9788,7.2332],[79.981,7.241],[79.9797,7.2471],[79.9759,7.2553],[79.9762,7.2597],[79.9807,7.262],[79.9817,7.2673],[79.9845,7.2721],[79.979,7.2815],[79.9752,7.2841],[79.9693,7.2922],[79.9612,7.296],[79.9596,7.2977],[79.9584,7.3048],[79.9623,7.3114],[79.9606,7.3147],[79.9616,7.3174],[79.9604,7.3198],[79.9606,7.3217],[79.9599,7.3234],[79.9628,7.3288],[79.9632,7.3493],[79.9578,7.3529],[79.9576,7.3759],[79.9489,7.3814],[79.9359,7.384],[79.9277,7.3884],[79.9269,7.3915],[79.9215,7.4118],[79.9239,7.4164],[79.9228,7.4244],[79.9208,7.4265],[79.9188,7.4274],[79.9174,7.4352],[79.9128,7.4404],[79.911,7.4483],[79.9124,7.4569],[79.9089,7.4647],[79.9112,7.4765],[79.91,7.486],[79.9097,7.486]]},"properties":{"kv":220}},
{"type":"Feature","geometry":{"type":"LineString","coordinates":[[79.9087,7.4857],[79.9075,7.4847],[79.906,7.4808],[79.903,7.4797],[79.9046,7.4655],[79.918,7.4196],[79.9181,7.4027],[79.9181,7.3967],[79.9141,7.3873]]},"properties":{"kv":132}},
{"type":"Feature","geometry":{"type":"LineString","coordinates":[[79.9086,7.4863],[79.9067,7.4857],[79.9058,7.4818],[79.904,7.4811],[79.9028,7.4814],[79.9007,7.5002],[79.9025,7.5265],[79.9004,7.5553],[79.903,7.5671],[79.905,7.5757],[79.9095,7.5956],[79.909,7.5984],[79.9068,7.612],[79.9058,7.618],[79.9056,7.624],[79.9021,7.6437],[79.9023,7.6533],[79.9024,7.6563],[79.9024,7.6589],[79.9025,7.6622],[79.9035,7.6688],[79.9131,7.6872],[79.9196,7.6999],[79.9236,7.7076],[79.9254,7.7155],[79.9293,7.7325],[79.9339,7.7526],[79.9392,7.776],[79.9405,7.7814],[79.9424,7.7899],[79.9431,7.7929],[79.9289,7.8057],[79.9153,7.8179],[79.9081,7.8479],[79.9118,7.8663],[79.9142,7.8786],[79.9167,7.8914],[79.9255,7.8997],[79.9316,7.9054],[79.9385,7.9329],[79.9266,7.9583],[79.9159,7.9697],[79.9053,7.9809],[79.8976,7.9891],[79.8965,7.9906]]},"properties":{"kv":132}},
{"type":"Feature","geometry":{"type":"LineString","coordinates":[[80.1886,7.3135],[80.19,7.3123],[80.1944,7.3056]]},"properties":{"kv":null}},
{"type":"Feature","geometry":{"type":"LineString","coordinates":[[80.2134,7.2816],[80.2148,7.2807],[80.2173,7.2805]]},"properties":{"kv":null}},
{"type":"Feature","geometry":{"type":"LineString","coordinates":[[80.213,7.2802],[80.2166,7.2797],[80.2177,7.2801]]},"properties":{"kv":null}},
{"type":"Feature","geometry":{"type":"LineString","coordinates":[[80.5812,7.1218],[80.5807,7.1227]]},"properties":{"kv":220}},
{"type":"Feature","geometry":{"type":"LineString","coordinates":[[80.5815,7.122],[80.5807,7.1227]]},"properties":{"kv":220}},
{"type":"Feature","geometry":{"type":"LineString","coordinates":[[80.9504,7.2011],[80.9492,7.1979],[80.9333,7.1982],[80.9303,7.1983],[80.9272,7.2021],[80.9271,7.2027]]},"properties":{"kv":220}},
{"type":"Feature","geometry":{"type":"LineString","coordinates":[[80.6532,7.4002],[80.6497,7.402],[80.6422,7.4052],[80.627,7.4052],[80.623,7.4051],[80.6037,7.4032],[80.5918,7.4021],[80.5876,7.4022],[80.5815,7.4023],[80.58,7.4022]]},"properties":{"kv":132}},
{"type":"Feature","geometry":{"type":"LineString","coordinates":[[80.5781,7.3981],[80.579,7.3978],[80.5823,7.3969],[80.5969,7.3927],[80.6086,7.3978],[80.6142,7.4],[80.6182,7.4019],[80.6221,7.4036],[80.6286,7.4043],[80.6424,7.4048],[80.6441,7.4044],[80.6458,7.4033],[80.6532,7.4]]},"properties":{"kv":132}},
{"type":"Feature","geometry":{"type":"LineString","coordinates":[[80.553,7.243],[80.5539,7.246],[80.5546,7.2472],[80.5549,7.2496],[80.5614,7.2735],[80.5643,7.3014],[80.5651,7.3046],[80.5666,7.3115],[80.5671,7.3135],[80.5683,7.3185],[80.5721,7.327],[80.5738,7.3324],[80.5743,7.3433],[80.5764,7.3656],[80.577,7.3766],[80.5779,7.3945],[80.5781,7.3981]]},"properties":{"kv":132}},
{"type":"Feature","geometry":{"type":"LineString","coordinates":[[79.7244,8.0178],[79.7252,8.018],[79.7347,8.0194],[79.7368,8.0187],[79.7411,8.0263],[79.7451,8.0349],[79.7433,8.0502],[79.7428,8.0549],[79.7504,8.0626],[79.7699,8.0656],[79.78,8.0672],[79.8024,8.0706],[79.812,8.0727],[79.8278,8.076],[79.8336,8.0778],[79.8616,8.0784],[79.8701,8.0742],[79.881,8.0714],[79.9013,8.0683],[79.9086,8.0664],[79.9283,8.0612],[79.9349,8.0488],[79.9424,8.045],[79.9691,8.0506],[79.9901,8.0679],[80.0022,8.0778],[80.014,8.0875],[80.0268,8.1082],[80.0373,8.1253],[80.0457,8.1329],[80.0482,8.1321],[80.056,8.1345],[80.0713,8.139],[80.0745,8.14],[80.09,8.1447],[80.1036,8.144],[80.1186,8.1494],[80.1294,8.1646],[80.1416,8.1642],[80.1583,8.1636],[80.1647,8.1662],[80.1807,8.1665],[80.1837,8.1678],[80.1914,8.1682],[80.2071,8.1742],[80.2166,8.188],[80.2182,8.1902],[80.2372,8.1878],[80.2494,8.1862],[80.257,8.1852],[80.28,8.1864],[80.3058,8.2053],[80.3119,8.2096],[80.3183,8.2144],[80.3245,8.2189],[80.3283,8.2299],[80.3365,8.2368],[80.34,8.2375],[80.3453,8.2422],[80.3553,8.2461],[80.3625,8.252],[80.3724,8.2528],[80.3933,8.252],[80.4036,8.2571],[80.415,8.2627],[80.4294,8.27],[80.4409,8.2699],[80.4489,8.2776],[80.4512,8.279],[80.4517,8.2847],[80.4524,8.2872],[80.4515,8.2896],[80.4515,8.296]]},"properties":{"kv":220}},
{"type":"Feature","geometry":{"type":"LineString","coordinates":[[80.0355,9.741],[80.0409,9.7386],[80.0652,9.7372],[80.0842,9.737],[80.1015,9.7368],[80.1429,9.7248],[80.176,9.7152],[80.2058,9.7035],[80.233,9.6932],[80.2399,9.6887],[80.2805,9.6627],[80.285,9.6599],[80.3052,9.6439],[80.3141,9.6364],[80.3256,9.6267],[80.3338,9.6198],[80.3542,9.6024],[80.389,9.5735],[80.4004,9.5643],[80.4115,9.5554],[80.4176,9.5305],[80.4213,9.5137],[80.4232,9.5057],[80.4229,9.4747],[80.4226,9.4446],[80.418,9.4207],[80.4145,9.4034],[80.4139,9.4002],[80.4133,9.3976],[80.4117,9.3899],[80.4121,9.3825],[80.4115,9.3799],[80.4104,9.3776],[80.4099,9.3776]]},"properties":{"kv":132}},
{"type":"Feature","geometry":{"type":"LineString","coordinates":[[80.4529,8.3081],[80.448,8.3064]]},"properties":{"kv":132}},
{"type":"Feature","geometry":{"type":"LineString","coordinates":[[80.4529,8.3081],[80.4517,8.3017],[80.4518,8.2978]]},"properties":{"kv":132}},
{"type":"Feature","geometry":{"type":"LineString","coordinates":[[81.0073,7.9959],[81.0081,7.9957],[81.0122,7.9916],[81.0195,7.9905],[81.0346,7.9844],[81.0391,7.9694],[81.0452,7.9642],[81.0468,7.9553],[81.0586,7.9259],[81.0694,7.9165],[81.0877,7.9152],[81.1028,7.9138],[81.1163,7.9125],[81.1383,7.9103],[81.1474,7.9139],[81.1618,7.9196],[81.1807,7.9294],[81.1858,7.9309],[81.1899,7.9323],[81.1994,7.9339],[81.2138,7.9394],[81.2195,7.9387],[81.2389,7.9359],[81.2527,7.9431],[81.2667,7.9465],[81.2813,7.9501],[81.297,7.9511],[81.3158,7.9523],[81.3342,7.9535],[81.3405,7.9539],[81.3523,7.9573],[81.3552,7.958],[81.3669,7.9613],[81.3792,7.9647],[81.4048,7.9584],[81.4302,7.9516],[81.4427,7.9478],[81.4687,7.9435],[81.4718,7.943],[81.4966,7.9338],[81.5048,7.9327],[81.5084,7.9295]]},"properties":{"kv":132}},
{"type":"Feature","geometry":{"type":"LineString","coordinates":[[80.5777,7.26],[80.5778,7.2598]]},"properties":{"kv":132}},
{"type":"Feature","geometry":{"type":"LineString","coordinates":[[80.5777,7.26],[80.5779,7.2599]]},"properties":{"kv":132}},
{"type":"Feature","geometry":{"type":"LineString","coordinates":[[80.5823,7.2607],[80.5858,7.261]]},"properties":{"kv":null}},
{"type":"Feature","geometry":{"type":"LineString","coordinates":[[80.553,7.243],[80.5532,7.243],[80.5571,7.2425],[80.5678,7.2573],[80.5708,7.2593],[80.577,7.2607],[80.5777,7.26]]},"properties":{"kv":132}},
{"type":"Feature","geometry":{"type":"LineString","coordinates":[[80.5768,7.2609],[80.5753,7.2635],[80.5766,7.2654],[80.5771,7.267],[80.5765,7.2683],[80.5757,7.2691],[80.5734,7.2729],[80.5721,7.2742],[80.5721,7.275],[80.5729,7.2758],[80.5787,7.2744],[80.5796,7.275],[80.582,7.2755],[80.588,7.279],[80.5924,7.2796],[80.5944,7.2809],[80.596,7.2799],[80.6014,7.2747],[80.6064,7.2696]]},"properties":{"kv":null}},
{"type":"Feature","geometry":{"type":"LineString","coordinates":[[80.553,7.243],[80.5526,7.2421],[80.5532,7.2414],[80.5572,7.2423],[80.5666,7.2553],[80.5678,7.257],[80.5709,7.2578],[80.5713,7.259],[80.5768,7.2605],[80.5776,7.2597]]},"properties":{"kv":132}},
{"type":"Feature","geometry":{"type":"LineString","coordinates":[[80.6777,7.6641],[80.6776,7.6645],[80.6738,7.6612],[80.6667,7.6561],[80.6661,7.6499],[80.666,7.642],[80.6644,7.6274],[80.6574,7.6158],[80.6566,7.6025],[80.6561,7.5943],[80.6547,7.5705],[80.6541,7.5606],[80.6535,7.551],[80.6533,7.5462],[80.6571,7.5359],[80.6581,7.5328],[80.6592,7.5303],[80.6609,7.5258],[80.6606,7.518],[80.6607,7.5119],[80.6598,7.5077],[80.6586,7.5031],[80.6609,7.493],[80.6611,7.4781],[80.6613,7.4723],[80.6588,7.4635],[80.6583,7.4595],[80.6577,7.4483],[80.6557,7.4393],[80.6552,7.4257],[80.6542,7.4224],[80.6546,7.4116],[80.6542,7.4009]]},"properties":{"kv":132}},
{"type":"Feature","geometry":{"type":"LineString","coordinates":[[80.7259,7.2831],[80.726,7.2826]]},"properties":{"kv":132}},
{"type":"Feature","geometry":{"type":"LineString","coordinates":[[80.6541,7.4002],[80.6545,7.3992],[80.6547,7.3971],[80.6594,7.3924],[80.6619,7.3881],[80.6629,7.3854],[80.6693,7.3668],[80.6702,7.3455],[80.674,7.3405],[80.6874,7.3278],[80.6898,7.3228],[80.6978,7.322],[80.7045,7.3186],[80.7085,7.3127],[80.7114,7.3122],[80.7189,7.3023],[80.7213,7.2973],[80.7211,7.2955],[80.725,7.2844],[80.7259,7.2831]]},"properties":{"kv":132}},
{"type":"Feature","geometry":{"type":"LineString","coordinates":[[81.0244,7.3324],[81.0246,7.3319],[81.0286,7.3332],[81.033,7.337],[81.0456,7.3417],[81.0509,7.3469],[81.0591,7.3563],[81.0674,7.3597],[81.0864,7.3673],[81.1016,7.377],[81.1045,7.3787],[81.1148,7.3852],[81.139,7.3909],[81.1684,7.3897],[81.1869,7.3904],[81.2077,7.3911],[81.2116,7.3952],[81.215,7.4001],[81.2225,7.4067],[81.2269,7.4113],[81.2373,7.4249],[81.2446,7.4342],[81.255,7.4505],[81.2598,7.458],[81.2643,7.4633],[81.2707,7.4712],[81.2786,7.4779],[81.2916,7.489],[81.3088,7.4988],[81.3252,7.5107],[81.3302,7.5144],[81.351,7.5332],[81.356,7.5343],[81.3739,7.5492],[81.4003,7.5437],[81.4191,7.5413],[81.4223,7.5408],[81.4801,7.5334],[81.5018,7.5323],[81.5142,7.5318],[81.5612,7.5295],[81.5645,7.5294],[81.6047,7.5275],[81.608,7.5277],[81.6333,7.5301],[81.6517,7.5302],[81.6548,7.5301]]},"properties":{"kv":132}},
{"type":"Feature","geometry":{"type":"LineString","coordinates":[[81.6548,7.5301],[81.6511,7.5569],[81.6499,7.5811],[81.6499,7.5971],[81.6474,7.6228],[81.6471,7.6336],[81.6466,7.6489],[81.6491,7.6652],[81.6552,7.6876],[81.6554,7.6903]]},"properties":{"kv":132}},
{"type":"Feature","geometry":{"type":"LineString","coordinates":[[81.538,7.2141],[81.5407,7.2096]]},"properties":{"kv":132}},
{"type":"Feature","geometry":{"type":"LineString","coordinates":[[81.693,7.2906],[81.693,7.2905]]},"properties":{"kv":132}},
{"type":"Feature","geometry":{"type":"LineString","coordinates":[[80.4495,6.9808],[80.4501,6.9855]]},"properties":{"kv":132}},
{"type":"Feature","geometry":{"type":"LineString","coordinates":[[80.4547,6.9763],[80.4523,6.9771],[80.4507,6.9791],[80.4495,6.9808]]},"properties":{"kv":132}},
{"type":"Feature","geometry":{"type":"LineString","coordinates":[[80.4928,6.919],[80.4931,6.9186],[80.4989,6.914],[80.5008,6.912],[80.5015,6.911],[80.5021,6.9104],[80.503,6.9079],[80.5044,6.9026],[80.5053,6.8979],[80.5074,6.8965],[80.5089,6.8967],[80.5149,6.8984],[80.5184,6.8994],[80.5211,6.8997],[80.5334,6.8984],[80.5472,6.8861],[80.5513,6.8851],[80.5561,6.8842],[80.5773,6.8796],[80.5862,6.8777],[80.5942,6.8721],[80.6044,6.8639],[80.6217,6.8729],[80.6247,6.8756],[80.6269,6.879],[80.6284,6.8806],[80.639,6.8923],[80.6502,6.9079],[80.6574,6.9182],[80.6619,6.9183],[80.6759,6.919],[80.683,6.9192],[80.684,6.9193],[80.7002,6.92],[80.719,6.928],[80.7232,6.9297],[80.7281,6.9319],[80.7322,6.9336],[80.7395,6.9336],[80.7512,6.9385],[80.7654,6.9443],[80.7731,6.9476],[80.7774,6.9486],[80.7806,6.9491],[80.7828,6.9501]]},"properties":{"kv":132}},
{"type":"Feature","geometry":{"type":"LineString","coordinates":[[80.5039,6.9077],[80.5028,6.9109],[80.5015,6.9114],[80.4987,6.9122],[80.493,6.9142],[80.4898,6.9148],[80.4893,6.9162],[80.4901,6.9172],[80.4896,6.9177],[80.4911,6.9186]]},"properties":{"kv":132}},
{"type":"Feature","geometry":{"type":"LineString","coordinates":[[80.7111,6.8905],[80.711,6.8908],[80.7092,6.8969],[80.6969,6.9008],[80.6935,6.9008],[80.685,6.8992],[80.6828,6.9017],[80.6788,6.9083],[80.6794,6.9119],[80.6812,6.9152],[80.6818,6.9164],[80.6829,6.9182],[80.6842,6.9206],[80.6844,6.9211],[80.686,6.924]]},"properties":{"kv":132}},
{"type":"Feature","geometry":{"type":"LineString","coordinates":[[81.1271,6.186],[81.1271,6.1855]]},"properties":{"kv":132}},
{"type":"Feature","geometry":{"type":"LineString","coordinates":[[81.1271,6.186],[81.127,6.1855]]},"properties":{"kv":132}},
{"type":"Feature","geometry":{"type":"LineString","coordinates":[[80.8612,6.287],[80.8607,6.287]]},"properties":{"kv":132}},
{"type":"Feature","geometry":{"type":"LineString","coordinates":[[80.5351,5.9658],[80.5349,5.9651]]},"properties":{"kv":132}},
{"type":"Feature","geometry":{"type":"LineString","coordinates":[[80.5351,5.9658],[80.5351,5.9652]]},"properties":{"kv":132}},
{"type":"Feature","geometry":{"type":"LineString","coordinates":[[80.7302,6.0688],[80.7304,6.0688]]},"properties":{"kv":132}},
{"type":"Feature","geometry":{"type":"LineString","coordinates":[[80.7302,6.0688],[80.7303,6.0687]]},"properties":{"kv":132}},
{"type":"Feature","geometry":{"type":"LineString","coordinates":[[80.8612,6.2865],[80.8607,6.2865],[80.8612,6.2788],[80.8616,6.272],[80.8579,6.2663],[80.8377,6.2516],[80.829,6.2452],[80.8236,6.2412],[80.821,6.2392],[80.818,6.2372],[80.8158,6.2354],[80.8126,6.2332],[80.8066,6.2287],[80.8046,6.2261],[80.7953,6.2142],[80.7871,6.2038],[80.7806,6.1954],[80.7748,6.192],[80.7627,6.1851],[80.7502,6.1778],[80.7458,6.17],[80.7423,6.1639],[80.7402,6.1605],[80.7338,6.1494],[80.7258,6.1414],[80.7109,6.1262],[80.6987,6.1138],[80.6717,6.0981],[80.6691,6.096],[80.6672,6.0953],[80.6609,6.0785]]},"properties":{"kv":132}},
{"type":"Feature","geometry":{"type":"LineString","coordinates":[[80.6942,6.66],[80.6946,6.6604]]},"properties":{"kv":132}},
{"type":"Feature","geometry":{"type":"LineString","coordinates":[[80.4034,6.7024],[80.4032,6.702],[80.404,6.7],[80.4065,6.6979],[80.4078,6.6968],[80.4146,6.6908],[80.4195,6.6865],[80.4211,6.686],[80.4243,6.6888],[80.4313,6.6956],[80.4532,6.7071],[80.4692,6.7075],[80.4757,6.7078],[80.4841,6.713],[80.4944,6.7118],[80.5031,6.7119],[80.5059,6.7126],[80.5112,6.7125],[80.524,6.7101],[80.5296,6.7089],[80.5397,6.7045],[80.5509,6.7044],[80.555,6.7041],[80.5695,6.7004],[80.5717,6.7014],[80.5792,6.7008],[80.5886,6.7029],[80.5995,6.7033],[80.6046,6.7018],[80.6083,6.7011],[80.6143,6.6988],[80.6168,6.6969],[80.6186,6.6963],[80.6255,6.6944],[80.635,6.6924],[80.6478,6.6886],[80.6632,6.6805],[80.6774,6.67],[80.6883,6.6619],[80.693,6.6593],[80.6942,6.66]]},"properties":{"kv":132}},
{"type":"Feature","geometry":{"type":"LineString","coordinates":[[80.6957,6.6611],[80.6952,6.6604]]},"properties":{"kv":132}},
{"type":"Feature","geometry":{"type":"LineString","coordinates":[[80.6957,6.6611],[80.6951,6.6605]]},"properties":{"kv":132}},
{"type":"Feature","geometry":{"type":"LineString","coordinates":[[80.5275,6.869],[80.528,6.8755],[80.525,6.8803],[80.5205,6.8843],[80.5155,6.8901],[80.5106,6.8943],[80.5097,6.8949],[80.5065,6.8974],[80.5056,6.8981],[80.5052,6.9022],[80.5026,6.9108]]},"properties":{"kv":132}},
{"type":"Feature","geometry":{"type":"LineString","coordinates":[[80.5347,5.9654],[80.5309,5.9688],[80.5279,5.9701],[80.52,5.9737],[80.512,5.975],[80.5033,5.973],[80.4892,5.9781],[80.4796,5.9798],[80.4717,5.9799],[80.4675,5.9848],[80.4601,5.9868],[80.4572,5.987],[80.4433,5.9977],[80.4374,5.9982],[80.4295,5.9999],[80.4155,6.0044],[80.4021,6.0013],[80.3998,6.0033],[80.3945,6.0034],[80.3814,6.0022],[80.3781,6.0051],[80.3744,6.0055],[80.3725,6.0073],[80.3663,6.0101],[80.3615,6.0128],[80.3576,6.0143],[80.3549,6.0219],[80.3445,6.0261],[80.3425,6.0268],[80.3378,6.0289],[80.3179,6.0274],[80.3144,6.0284],[80.3067,6.0249],[80.2882,6.0355],[80.2826,6.039],[80.28,6.04],[80.2767,6.0434],[80.2744,6.0445],[80.2694,6.0435],[80.2672,6.0446],[80.2647,6.0437],[80.2624,6.0448],[80.259,6.043],[80.2549,6.0437],[80.2495,6.0418],[80.2465,6.0427],[80.2453,6.0453],[80.2458,6.0459]]},"properties":{"kv":132}},
{"type":"Feature","geometry":{"type":"LineString","coordinates":[[80.5348,5.9651],[80.5347,5.9654]]},"properties":{"kv":132}},
{"type":"Feature","geometry":{"type":"LineString","coordinates":[[80.5353,5.9652],[80.5352,5.9654],[80.5347,5.9654]]},"properties":{"kv":132}},
{"type":"Feature","geometry":{"type":"LineString","coordinates":[[80.2457,6.0461],[80.2451,6.046],[80.2438,6.0488],[80.2449,6.0544],[80.2451,6.0582],[80.2461,6.0595],[80.2494,6.0685],[80.246,6.074],[80.2352,6.0825],[80.2217,6.093],[80.2145,6.0987],[80.2155,6.112],[80.2121,6.1166],[80.2088,6.1196],[80.2071,6.1243],[80.2017,6.1274],[80.1914,6.1407],[80.1842,6.1401],[80.1799,6.1455],[80.1783,6.1516],[80.1715,6.1547],[80.1672,6.1585],[80.1653,6.1618],[80.1632,6.1735],[80.1599,6.1776],[80.1556,6.1783],[80.1445,6.1803],[80.141,6.185],[80.1394,6.1866],[80.1215,6.1859],[80.114,6.1929],[80.1125,6.1948],[80.0957,6.2104],[80.0852,6.2383],[80.0915,6.2537],[80.0887,6.2628],[80.0735,6.2732],[80.0737,6.2809],[80.074,6.2823]]},"properties":{"kv":132}},
{"type":"Feature","geometry":{"type":"LineString","coordinates":[[80.6951,6.66],[80.6943,6.6595],[80.6902,6.6537],[80.6854,6.6469],[80.6842,6.6455],[80.6826,6.643],[80.6784,6.6371],[80.6723,6.6343],[80.6649,6.6307],[80.6573,6.6272],[80.6432,6.6205],[80.6381,6.6181],[80.6249,6.6119],[80.6191,6.6016],[80.611,6.5871],[80.6003,6.5681],[80.5975,6.5453],[80.5974,6.5438],[80.5931,6.5077],[80.6166,6.4791],[80.6277,6.4655],[80.629,6.4593],[80.6379,6.4134],[80.6409,6.3987],[80.6278,6.3809],[80.6188,6.376],[80.6064,6.3693],[80.5977,6.3646],[80.5903,6.3537],[80.5854,6.346]]},"properties":{"kv":132}},
{"type":"Feature","geometry":{"type":"LineString","coordinates":[[80.5846,6.345],[80.5813,6.3404],[80.566,6.3287],[80.5483,6.3151],[80.547,6.3028],[80.5446,6.2791],[80.5396,6.277],[80.5273,6.2715],[80.5175,6.2674],[80.5087,6.269],[80.4962,6.2714],[80.4875,6.2599],[80.4756,6.2442],[80.4725,6.2401],[80.4721,6.2371],[80.4674,6.2038],[80.4667,6.1989],[80.4642,6.1812],[80.4592,6.1755],[80.4568,6.1726],[80.4489,6.1636],[80.4435,6.1527],[80.4351,6.1354],[80.4286,6.1223],[80.424,6.1174],[80.4174,6.1105],[80.414,6.1068],[80.4036,6.1025],[80.3902,6.0971],[80.3622,6.0984],[80.3462,6.1046],[80.3205,6.1028],[80.3032,6.0855],[80.2919,6.0816],[80.2799,6.0768],[80.2785,6.0752],[80.2726,6.0686],[80.2636,6.0586],[80.2529,6.0467],[80.2517,6.0454],[80.2466,6.0456],[80.2463,6.0455]]},"properties":{"kv":132}},
{"type":"Feature","geometry":{"type":"LineString","coordinates":[[80.1408,6.7285],[80.1405,6.7288]]},"properties":{"kv":132}},
{"type":"Feature","geometry":{"type":"LineString","coordinates":[[80.1408,6.7285],[80.1408,6.729]]},"properties":{"kv":132}},
{"type":"Feature","geometry":{"type":"LineString","coordinates":[[79.9783,6.9695],[79.9777,6.9691],[79.9679,6.9465],[79.9647,6.9396],[79.9624,6.9348],[79.9582,6.9264],[79.9583,6.924],[79.9587,6.9188],[79.9592,6.9123],[79.9594,6.9095],[79.9596,6.9063],[79.9597,6.9035],[79.9599,6.9008],[79.9601,6.8976],[79.9512,6.8859],[79.9478,6.8811],[79.9338,6.8617],[79.9414,6.8471],[79.9421,6.8444],[79.9418,6.8441]]},"properties":{"kv":220}},
{"type":"Feature","geometry":{"type":"LineString","coordinates":[[79.9855,6.6594],[79.9898,6.6691],[80.0008,6.672],[80.0156,6.6741],[80.0381,6.6806],[80.0431,6.6855],[80.0546,6.6861],[80.0573,6.6901],[80.0643,6.6933],[80.0769,6.6929],[80.088,6.6987],[80.0913,6.7006],[80.0948,6.7036],[80.0962,6.7062],[80.1005,6.7058],[80.1094,6.7055],[80.1141,6.7071],[80.1204,6.7081],[80.1249,6.7115],[80.1299,6.7154],[80.1344,6.7187],[80.1386,6.7271],[80.1408,6.7285]]},"properties":{"kv":132}},
{"type":"Feature","geometry":{"type":"LineString","coordinates":[[79.9859,6.6566],[79.9855,6.6594]]},"properties":{"kv":132}},
{"type":"Feature","geometry":{"type":"LineString","coordinates":[[79.9852,6.6593],[79.9845,6.6621]]},"properties":{"kv":132}},
{"type":"Feature","geometry":{"type":"LineString","coordinates":[[79.9859,6.6566],[79.9852,6.6593]]},"properties":{"kv":132}},
{"type":"Feature","geometry":{"type":"LineString","coordinates":[[79.9855,6.6594],[79.9845,6.6621]]},"properties":{"kv":132}},
{"type":"Feature","geometry":{"type":"LineString","coordinates":[[79.9307,6.7257],[79.9309,6.7254]]},"properties":{"kv":132}},
{"type":"Feature","geometry":{"type":"LineString","coordinates":[[79.9307,6.7257],[79.9306,6.7254]]},"properties":{"kv":132}},
{"type":"Feature","geometry":{"type":"LineString","coordinates":[[79.9675,6.7432],[79.9591,6.7423],[79.9532,6.7425],[79.9509,6.741],[79.9468,6.7367],[79.9376,6.7302],[79.9346,6.7275],[79.9307,6.7257]]},"properties":{"kv":132}},
{"type":"Feature","geometry":{"type":"LineString","coordinates":[[79.9845,6.6621],[79.9769,6.6935],[79.976,6.704],[79.9779,6.7086],[79.9721,6.7195],[79.9711,6.7236],[79.9716,6.7367],[79.9691,6.7383],[79.9682,6.7396],[79.9675,6.7412],[79.9675,6.7432]]},"properties":{"kv":132}},
{"type":"Feature","geometry":{"type":"LineString","coordinates":[[79.9208,6.8985],[79.9195,6.8993],[79.9164,6.9006],[79.9145,6.901],[79.9112,6.9045],[79.9088,6.9066],[79.9037,6.9125],[79.898,6.9139],[79.8953,6.9153],[79.8911,6.9192],[79.8845,6.9225],[79.8819,6.9317],[79.8812,6.9344],[79.8818,6.9347]]},"properties":{"kv":132}},
{"type":"Feature","geometry":{"type":"LineString","coordinates":[[79.9247,6.8913],[79.9241,6.8921],[79.9208,6.8985]]},"properties":{"kv":132}},
{"type":"Feature","geometry":{"type":"LineString","coordinates":[[79.9405,6.8441],[79.94,6.8441],[79.9401,6.8487],[79.9333,6.8604],[79.9285,6.877],[79.9303,6.8828],[79.9247,6.8913]]},"properties":{"kv":132}},
{"type":"Feature","geometry":{"type":"LineString","coordinates":[[79.8828,6.9351],[79.8814,6.9406],[79.8807,6.9512],[79.8794,6.9522]]},"properties":{"kv":132}},
{"type":"Feature","geometry":{"type":"LineString","coordinates":[[79.9524,6.9573],[79.9532,6.9581],[79.9546,6.9614],[79.9549,6.9632],[79.9548,6.9682],[79.9563,6.969],[79.9585,6.9686],[79.962,6.9671],[79.9638,6.967],[79.966,6.9676],[79.9682,6.9676],[79.971,6.9701],[79.9757,6.9713],[79.9773,6.9703]]},"properties":{"kv":132}},
{"type":"Feature","geometry":{"type":"LineString","coordinates":[[79.9476,6.956],[79.947,6.9564]]},"properties":{"kv":132}},
{"type":"Feature","geometry":{"type":"LineString","coordinates":[[79.9524,6.9569],[79.947,6.9564]]},"properties":{"kv":132}},
{"type":"Feature","geometry":{"type":"LineString","coordinates":[[79.947,6.9564],[79.9393,6.9559],[79.9347,6.955],[79.9258,6.9622],[79.9208,6.9665],[79.9173,6.9693]]},"properties":{"kv":132}},
{"type":"Feature","geometry":{"type":"LineString","coordinates":[[79.9173,6.9697],[79.9172,6.9697],[79.9151,6.9805],[79.9227,6.994],[79.9241,6.9967],[79.9285,7.0043],[79.9346,7.0153],[79.9321,7.0323],[79.9248,7.0484],[79.9266,7.0584]]},"properties":{"kv":132}},
{"type":"Feature","geometry":{"type":"LineString","coordinates":[[79.9898,6.9115],[79.9898,6.9111]]},"properties":{"kv":132}},
{"type":"Feature","geometry":{"type":"LineString","coordinates":[[79.8833,6.9344],[79.8851,6.9346],[79.8901,6.9367],[79.8987,6.9333],[79.9085,6.9292],[79.9143,6.9201],[79.9214,6.9198],[79.9256,6.9187],[79.9283,6.918],[79.9317,6.9171],[79.9363,6.9159],[79.9383,6.9153],[79.9413,6.9145],[79.9528,6.9114],[79.9573,6.9114],[79.9613,6.9114],[79.9683,6.9113],[79.9715,6.9113],[79.9762,6.9112],[79.9811,6.9112],[79.9892,6.9111],[79.9891,6.9113]]},"properties":{"kv":132}},
{"type":"Feature","geometry":{"type":"LineString","coordinates":[[79.9934,6.8857],[79.9939,6.885]]},"properties":{"kv":132}},
{"type":"Feature","geometry":{"type":"LineString","coordinates":[[79.9934,6.8857],[79.994,6.8851]]},"properties":{"kv":132}},
{"type":"Feature","geometry":{"type":"LineString","coordinates":[[79.9895,6.9114],[79.9898,6.9089],[79.9949,6.9045],[79.9956,6.9015],[79.9904,6.8895],[79.9934,6.8857]]},"properties":{"kv":132}},
{"type":"Feature","geometry":{"type":"LineString","coordinates":[[80.0488,6.8806],[80.0477,6.8819],[80.0474,6.8832],[80.0478,6.889],[80.0468,6.8898],[80.0384,6.8881],[80.0363,6.8878],[80.0314,6.8879],[80.0282,6.8833],[80.0245,6.8803],[80.0226,6.8811],[80.021,6.8888],[80.0181,6.8957],[80.016,6.8963],[80.014,6.8946],[80.012,6.8948],[80.0083,6.899],[80.0077,6.9016],[80.0042,6.9027],[80.002,6.9065],[80.0002,6.907],[79.9977,6.9064],[79.9928,6.9065],[79.99,6.909],[79.9898,6.9109]]},"properties":{"kv":132}},
{"type":"Feature","geometry":{"type":"LineString","coordinates":[[79.9815,6.8362],[79.9817,6.8354],[79.9844,6.8323],[79.9869,6.8283]]},"properties":{"kv":33}},
{"type":"Feature","geometry":{"type":"LineString","coordinates":[[80.5449,9.4041],[80.547,9.4012],[80.5438,9.3972],[80.5387,9.3976],[80.5385,9.3974]]},"properties":{"kv":11}},
{"type":"Feature","geometry":{"type":"LineString","coordinates":[[80.4703,9.1431],[80.4722,9.1439]]},"properties":{"kv":11}},
{"type":"Feature","geometry":{"type":"LineString","coordinates":[[80.526,8.7639],[80.5236,8.7584],[80.5118,8.7318],[80.504,8.7142],[80.5026,8.7115],[80.492,8.6869],[80.4885,8.6788],[80.4861,8.6733],[80.4849,8.6677],[80.4821,8.6546],[80.4792,8.6411],[80.4763,8.6278],[80.4752,8.6225],[80.4768,8.597],[80.4773,8.5829],[80.4778,8.5697],[80.4783,8.5557],[80.4826,8.5485],[80.484,8.5461],[80.491,8.5344],[80.4968,8.5248],[80.4983,8.5189],[80.501,8.5076],[80.5065,8.4858],[80.5041,8.4684],[80.5014,8.4491],[80.5014,8.443],[80.5019,8.4094],[80.5021,8.3966],[80.5021,8.3766],[80.502,8.3734],[80.5019,8.3676],[80.5019,8.3563],[80.493,8.3392],[80.4916,8.3367],[80.4904,8.3342],[80.4827,8.3195],[80.4598,8.3105],[80.4529,8.3081]]},"properties":{"kv":132}},
{"type":"Feature","geometry":{"type":"LineString","coordinates":[[79.9419,6.8417],[79.9448,6.8367],[79.9459,6.8328],[79.9485,6.8322],[79.9536,6.8349],[79.9551,6.8355],[79.9577,6.836],[79.9599,6.8345],[79.9628,6.8345],[79.9656,6.8329],[79.9676,6.8322],[79.9695,6.8327],[79.9707,6.835],[79.98,6.8362],[79.9831,6.8357],[79.9843,6.8331],[79.9848,6.831],[79.9856,6.8273],[79.9863,6.8243],[79.9869,6.8217],[79.99,6.82],[79.9916,6.8181],[79.9942,6.8168],[79.996,6.8182],[80.002,6.8175],[80.0041,6.816],[80.0068,6.8171],[80.0118,6.824],[80.0179,6.8291],[80.0211,6.8311],[80.0279,6.8302],[80.0367,6.8341],[80.0398,6.8354],[80.0401,6.8379],[80.0431,6.84],[80.0515,6.8452],[80.0517,6.8483],[80.0482,6.8536],[80.0469,6.8549],[80.044,6.8543],[80.0407,6.8585],[80.0403,6.8613],[80.0428,6.8678],[80.0453,6.874],[80.0465,6.88],[80.0473,6.8801]]},"properties":{"kv":220}},
{"type":"Feature","geometry":{"type":"LineString","coordinates":[[80.4514,6.9876],[80.4487,6.9883],[80.4451,6.9915],[80.4411,6.9917],[80.4381,6.9922],[80.4301,6.9925],[80.4201,6.9957],[80.4169,6.995],[80.4137,6.9981],[80.4086,7.0019],[80.4023,7.0011],[80.3979,7.0009],[80.3943,7.0011],[80.3918,7.0021],[80.3891,7.0016],[80.3807,7.0022],[80.3752,7.0015],[80.3575,7.0015],[80.3529,7.0008],[80.3508,7.001],[80.3464,7.0006],[80.3373,7.0001],[80.3313,7.0001],[80.3172,6.9974],[80.3138,6.9965],[80.3092,6.9951],[80.2942,6.991],[80.2889,6.9868],[80.282,6.9873],[80.2774,6.9886],[80.2706,6.9874],[80.2609,6.9859],[80.2531,6.9836],[80.2506,6.9863],[80.2483,6.9859],[80.2452,6.9853],[80.2428,6.9854],[80.2387,6.985],[80.2355,6.9829],[80.2267,6.9828],[80.2178,6.9819],[80.2143,6.9776],[80.2115,6.9759],[80.2084,6.9757],[80.205,6.9736],[80.2035,6.9716],[80.2011,6.9678],[80.1967,6.9641],[80.1941,6.9623],[80.1916,6.9609],[80.1849,6.9578],[80.1773,6.9552],[80.1718,6.9539],[80.1688,6.955],[80.164,6.9542],[80.1578,6.9534],[80.1473,6.9514],[80.1456,6.9478],[80.143,6.9452],[80.1416,6.9437],[80.1412,6.9412],[80.1406,6.9379],[80.1371,6.9337],[80.1353,6.9306],[80.1231,6.9291],[80.1216,6.9278],[80.1204,6.9272],[80.1173,6.9254],[80.1113,6.9164],[80.1122,6.899],[80.1119,6.897],[80.1043,6.8942],[80.1012,6.8957],[80.0978,6.8968],[80.0849,6.9001],[80.082,6.8994],[80.0798,6.8972],[80.0785,6.8941],[80.0757,6.8918],[80.0697,6.8879],[80.0672,6.8881],[80.0624,6.8847],[80.0593,6.8832],[80.0553,6.8863],[80.0483,6.8849],[80.0477,6.8831],[80.047,6.8812],[80.0474,6.8808]]},"properties":{"kv":220}},
{"type":"Feature","geometry":{"type":"LineString","coordinates":[[80.1736,6.9329],[80.1804,6.9327],[80.1868,6.9318],[80.1896,6.9315],[80.1928,6.9315],[80.2115,6.928],[80.2133,6.9284]]},"properties":{"kv":null}},
{"type":"Feature","geometry":{"type":"LineString","coordinates":[[80.218,6.9195],[80.2216,6.9099]]},"properties":{"kv":null}},
{"type":"Feature","geometry":{"type":"LineString","coordinates":[[80.109,6.9353],[80.1061,6.9312],[80.1011,6.9236],[80.0954,6.9198],[80.0861,6.9216],[80.0824,6.9202],[80.0769,6.9235],[80.0738,6.9247],[80.072,6.9252],[80.0698,6.9261],[80.0668,6.9264],[80.0644,6.9245],[80.0641,6.9204],[80.0619,6.9196],[80.0577,6.9209],[80.0538,6.9198],[80.0521,6.9212],[80.0498,6.9205],[80.0494,6.9189]]},"properties":{"kv":null}},
{"type":"Feature","geometry":{"type":"LineString","coordinates":[[80.9462,6.2897],[80.9428,6.2902],[80.938,6.2909],[80.9331,6.291],[80.9262,6.2873],[80.9176,6.2871],[80.9098,6.2911],[80.9059,6.2923],[80.9016,6.2922],[80.8985,6.2963],[80.9007,6.3014],[80.9,6.3028],[80.8955,6.312],[80.8938,6.314],[80.8891,6.3197],[80.8892,6.3256],[80.8878,6.33],[80.885,6.3356],[80.8837,6.3423],[80.8819,6.3466],[80.8808,6.3495],[80.8789,6.3509],[80.878,6.3551],[80.873,6.3595],[80.8702,6.3618],[80.8678,6.3644],[80.8632,6.37],[80.8595,6.3743],[80.8451,6.3846],[80.837,6.3919],[80.8354,6.3983],[80.8302,6.4012],[80.8283,6.4022],[80.8257,6.4059],[80.8246,6.4076],[80.8213,6.4087],[80.8163,6.4101],[80.8111,6.4153],[80.8099,6.4185],[80.809,6.4207],[80.8047,6.4242],[80.803,6.4269],[80.8005,6.431],[80.7971,6.4325],[80.7937,6.4341],[80.7917,6.4349],[80.7904,6.441],[80.7881,6.4432],[80.7874,6.4456],[80.7869,6.4496],[80.7841,6.4554],[80.783,6.4579],[80.7784,6.4669],[80.7767,6.47],[80.7746,6.4734],[80.7729,6.4766],[80.7698,6.4831],[80.7676,6.4848],[80.7599,6.4903],[80.7588,6.4953],[80.752,6.5007],[80.7509,6.5049],[80.7467,6.5089],[80.74,6.5157],[80.7372,6.5181],[80.7338,6.5203],[80.723,6.5252],[80.7159,6.5306],[80.7152,6.537],[80.7166,6.5398],[80.7181,6.5439],[80.7196,6.5469],[80.7221,6.5488],[80.7228,6.5517],[80.7259,6.5529],[80.7276,6.5548],[80.7286,6.5586],[80.7302,6.5613],[80.7318,6.5637],[80.7317,6.5651],[80.732,6.57],[80.7311,6.5753],[80.7332,6.5777],[80.7323,6.582],[80.7308,6.5831],[80.7311,6.5848],[80.7343,6.5886],[80.7348,6.5924],[80.7358,6.5932],[80.7374,6.5943],[80.738,6.5982],[80.7469,6.602],[80.7479,6.6044],[80.7522,6.616],[80.7538,6.6174],[80.7549,6.6203],[80.754,6.6217],[80.7502,6.624],[80.7483,6.6254],[80.7447,6.6275],[80.7435,6.628],[80.7398,6.634],[80.7378,6.6406],[80.7393,6.6448],[80.7364,6.6496],[80.7284,6.6521],[80.7236,6.6542],[80.7212,6.6551],[80.7199,6.658],[80.7164,6.6599],[80.7155,6.6626],[80.7142,6.6632],[80.7086,6.6653],[80.7037,6.6691],[80.7001,6.6703],[80.6978,6.6708],[80.6973,6.672],[80.6949,6.6758],[80.692,6.6763],[80.6891,6.6772],[80.6869,6.6774],[80.6853,6.6781],[80.6836,6.6798],[80.6826,6.6811],[80.6805,6.682],[80.6795,6.6835],[80.6765,6.6873],[80.6749,6.6884],[80.6723,6.688],[80.668,6.69],[80.6593,6.694],[80.6537,6.6967],[80.65,6.6957],[80.646,6.6987],[80.6433,6.699],[80.6397,6.6969],[80.6317,6.6989],[80.6239,6.701],[80.6199,6.7015],[80.6131,6.7025],[80.607,6.7028],[80.6045,6.7032],[80.5989,6.7037],[80.597,6.7038],[80.5927,6.7044],[80.5889,6.7047],[80.5816,6.7057],[80.5741,6.707],[80.5706,6.7073],[80.5657,6.7081],[80.5603,6.7107],[80.5577,6.7123],[80.5534,6.7158],[80.5495,6.7192],[80.5471,6.7214],[80.5442,6.7246],[80.5421,6.7267],[80.5326,6.7286],[80.5281,6.7301],[80.5233,6.7306],[80.5142,6.7325]]},"properties":{"kv":220}},
{"type":"Feature","geometry":{"type":"LineString","coordinates":[[80.4529,8.2961],[80.4541,8.296],[80.4572,8.2974],[80.4595,8.2986],[80.4616,8.3005],[80.4644,8.3011],[80.4658,8.3023],[80.4738,8.3044],[80.483,8.307],[80.484,8.3098],[80.4857,8.3155],[80.4925,8.3254],[80.4926,8.3284],[80.4926,8.3321],[80.4927,8.338],[80.4928,8.3401],[80.4942,8.3447],[80.4927,8.3542],[80.4921,8.3572],[80.4935,8.3598],[80.5011,8.3758],[80.5026,8.3766],[80.5051,8.3778],[80.5074,8.3791],[80.5193,8.3916],[80.5221,8.3967],[80.5332,8.4162],[80.5357,8.4254],[80.5365,8.4288],[80.5412,8.4409],[80.5432,8.4461],[80.5394,8.462],[80.5377,8.4687],[80.5357,8.4772],[80.533,8.4876],[80.5315,8.4943],[80.5269,8.5035],[80.516,8.5256],[80.5146,8.5286],[80.5116,8.5344],[80.5105,8.5377],[80.5061,8.55],[80.5057,8.553],[80.5046,8.5626],[80.5074,8.5795],[80.5116,8.588],[80.5157,8.5961],[80.5099,8.6318],[80.5096,8.6425],[80.5122,8.6532],[80.5091,8.6679],[80.5045,8.6773],[80.5077,8.6883],[80.5164,8.702],[80.5178,8.704],[80.5205,8.7083],[80.522,8.7112],[80.5261,8.7189],[80.5284,8.7282],[80.532,8.7438],[80.533,8.7475],[80.5349,8.7558],[80.5339,8.7607],[80.5278,8.7661],[80.5268,8.7661],[80.5258,8.7646],[80.5212,8.7645],[80.515,8.7666],[80.5117,8.7652],[80.5079,8.7645]]},"properties":{"kv":220}},
{"type":"Feature","geometry":{"type":"LineString","coordinates":[[79.9897,6.5775],[79.9911,6.5795],[79.9922,6.5836],[79.9962,6.5893],[79.9963,6.5913],[79.9978,6.5936],[80.0032,6.596],[80.0035,6.5979],[80.0035,6.6096]]},"properties":{"kv":null}},
{"type":"Feature","geometry":{"type":"LineString","coordinates":[[80.1397,6.7298],[80.1377,6.7309],[80.132,6.7279],[80.1221,6.7278],[80.1187,6.727],[80.1145,6.7281],[80.1127,6.7301],[80.111,6.7304],[80.1098,6.7347],[80.1059,6.739],[80.1043,6.7448],[80.1034,6.7477],[80.1017,6.75],[80.0939,6.7595],[80.0909,6.763],[80.0907,6.7653],[80.089,6.7701],[80.0901,6.7752]]},"properties":{"kv":33}},
{"type":"Feature","geometry":{"type":"LineString","coordinates":[[80.1398,6.7297],[80.1383,6.7279],[80.1359,6.7262],[80.135,6.7258],[80.1312,6.722],[80.1294,6.7191]]},"properties":{"kv":33}},
{"type":"Feature","geometry":{"type":"LineString","coordinates":[[80.7111,6.8905],[80.709,6.8899],[80.7004,6.8873],[80.6845,6.8823],[80.6698,6.8777],[80.6348,6.8702],[80.6262,6.8683],[80.611,6.8651],[80.6079,6.8644],[80.6044,6.8639]]},"properties":{"kv":132}},
{"type":"Feature","geometry":{"type":"LineString","coordinates":[[80.4912,6.9184],[80.4889,6.9168],[80.4889,6.9146],[80.4931,6.9139],[80.4991,6.9117],[80.5014,6.9112],[80.5026,6.9108]]},"properties":{"kv":132}},
{"type":"Feature","geometry":{"type":"LineString","coordinates":[[81.2993,6.9773],[81.2995,6.9714],[81.2973,6.9626],[81.2955,6.953],[81.2953,6.9302],[81.2953,6.9258],[81.2966,6.9175],[81.2981,6.9112],[81.3011,6.8987],[81.305,6.8915],[81.3075,6.886],[81.3091,6.8828],[81.3109,6.8799],[81.3116,6.8763],[81.312,6.8725],[81.3147,6.8528],[81.3133,6.8397],[81.3151,6.8357]]},"properties":{"kv":132}},
{"type":"Feature","geometry":{"type":"LineString","coordinates":[[81.2993,6.9773],[81.2939,6.9774],[81.2538,6.9774],[81.2497,6.9775],[81.2368,6.9775],[81.2318,6.9762],[81.2152,6.9671],[81.2085,6.9649],[81.203,6.9655],[81.1964,6.9663],[81.1817,6.9694],[81.1802,6.9696],[81.1769,6.9679],[81.1692,6.9641],[81.1673,6.963],[81.1633,6.9612],[81.157,6.958],[81.1521,6.9557],[81.1451,6.952],[81.1388,6.9489],[81.1344,6.9466],[81.1335,6.9467],[81.13,6.9502],[81.1249,6.9547],[81.1219,6.9577],[81.1132,6.9615],[81.1063,6.9643],[81.1034,6.9653],[81.1022,6.9654],[81.0913,6.9654],[81.0891,6.9629],[81.0881,6.9621],[81.0852,6.9591],[81.0826,6.9598],[81.0801,6.9609],[81.0757,6.9621],[81.0717,6.9603],[81.0698,6.9614],[81.0689,6.9636],[81.0679,6.9659],[81.067,6.968],[81.0662,6.9699],[81.0649,6.9729],[81.0643,6.9757],[81.0628,6.9807],[81.0618,6.9813],[81.0595,6.9835]]},"properties":{"kv":132}},
{"type":"Feature","geometry":{"type":"LineString","coordinates":[[81.0782,6.9795],[81.076,6.9796],[81.0741,6.9804],[81.0727,6.9818],[81.0706,6.9819],[81.0675,6.9825]]},"properties":{"kv":null}},
{"type":"Feature","geometry":{"type":"LineString","coordinates":[[81.0751,6.9816],[81.0761,6.983],[81.0768,6.9873],[81.0713,7.0037],[81.0693,7.0048],[81.0526,7.0147],[81.0466,7.0213],[81.0389,7.0306],[81.0356,7.0347],[81.0293,7.0489],[81.026,7.0577],[81.0229,7.0624],[81.0221,7.0657],[81.0157,7.0802],[81.0138,7.0845],[81.0139,7.0863],[81.0135,7.0964],[81.0127,7.1204],[81.011,7.1232],[81.0049,7.1332],[81,7.1411],[81.0029,7.1623],[81.0024,7.1646],[81.0015,7.165],[80.9967,7.1799],[80.9961,7.1818],[80.9973,7.1842],[80.993,7.196],[80.9854,7.2006],[80.9715,7.1955],[80.9617,7.1951],[80.9563,7.1962],[80.9538,7.1981],[80.9523,7.2004],[80.9506,7.2007],[80.9506,7.2011]]},"properties":{"kv":132}},
{"type":"Feature","geometry":{"type":"LineString","coordinates":[[81.0515,7.0052],[81.0437,7.005],[81.0333,7.0052],[81.0211,7.0116],[81.0095,7.0178],[80.9997,7.022],[80.9952,7.0348],[80.9903,7.0485],[80.9765,7.0879],[80.9793,7.0965],[80.9835,7.1094],[80.9897,7.1281],[80.9947,7.1434],[80.9989,7.1559],[81.0015,7.164],[81.0027,7.1675],[80.9976,7.1822],[80.9932,7.1946],[80.9851,7.1997],[80.9684,7.1942],[80.9562,7.1954],[80.9534,7.1981],[80.9523,7.2004],[80.9506,7.2007]]},"properties":{"kv":132}},
{"type":"Feature","geometry":{"type":"LineString","coordinates":[[79.957,8.8826],[79.9575,8.8802],[79.9797,8.8727],[80.005,8.862],[80.0232,8.8392],[80.0253,8.8372],[80.0407,8.8324],[80.0505,8.8294],[80.0695,8.8149],[80.0877,8.8151],[80.112,8.8027],[80.1296,8.7985],[80.1465,8.7781],[80.1573,8.775],[80.1681,8.766],[80.1797,8.7562],[80.2067,8.7479],[80.2315,8.7571],[80.2472,8.7585],[80.2899,8.7664],[80.2969,8.7678],[80.3155,8.758],[80.3362,8.7582],[80.3568,8.7582],[80.3703,8.7591],[80.396,8.7613],[80.4017,8.7583],[80.4179,8.7598],[80.4371,8.772],[80.454,8.7684],[80.4612,8.7714],[80.465,8.7756],[80.4847,8.786],[80.4873,8.7857],[80.4959,8.7729],[80.5079,8.7645]]},"properties":{"kv":220}},
{"type":"Feature","geometry":{"type":"LineString","coordinates":[[79.9562,8.8827],[79.9551,8.8835],[79.9515,8.8922],[79.9541,8.9148],[79.948,8.9248],[79.9287,8.9297],[79.9254,8.9324],[79.9093,8.9461],[79.9027,8.9499],[79.8944,8.9634],[79.894,8.9669],[79.8943,8.9745],[79.8918,8.9842],[79.8916,8.9867],[79.8868,8.9949],[79.8855,8.9981],[79.8832,9.0012],[79.8809,9.0038],[79.8776,9.004],[79.8721,9.0047],[79.867,9.0052],[79.8511,9.019],[79.8431,9.0217],[79.8398,9.0241],[79.8358,9.0322],[79.8283,9.0388],[79.8099,9.0547],[79.8062,9.055],[79.7963,9.0557],[79.7922,9.0563]]},"properties":{"kv":220}},
{"type":"Feature","geometry":{"type":"LineString","coordinates":[[80.4451,8.3056],[80.4463,8.3031],[80.4493,8.3025],[80.451,8.3012],[80.4513,8.2979]]},"properties":{"kv":132}},
{"type":"Feature","geometry":{"type":"LineString","coordinates":[[80.4558,8.3057],[80.4586,8.3014],[80.4586,8.3002],[80.4586,8.2987],[80.4583,8.2976],[80.4607,8.2948],[80.4619,8.2874],[80.4638,8.2789],[80.4646,8.2711],[80.4599,8.2602]]},"properties":{"kv":null}},
{"type":"Feature","geometry":{"type":"LineString","coordinates":[[80.5819,7.1207],[80.5834,7.1188],[80.5839,7.1114],[80.5858,7.1007],[80.5857,7.0869],[80.5856,7.0838],[80.5857,7.0805],[80.5874,7.0769],[80.5887,7.0747],[80.5891,7.071],[80.5906,7.0608],[80.5909,7.0586],[80.5937,7.0535],[80.6005,7.0504],[80.6063,7.0504],[80.615,7.0479],[80.6215,7.0448],[80.6259,7.0447],[80.6314,7.0438],[80.6345,7.0434],[80.6436,7.0467],[80.6523,7.0463],[80.6582,7.0442],[80.6581,7.0435]]},"properties":{"kv":220}},
{"type":"Feature","geometry":{"type":"LineString","coordinates":[[80.4522,6.9864],[80.4522,6.9858],[80.4498,6.9808],[80.4486,6.9796],[80.448,6.9754],[80.4534,6.9672],[80.4537,6.966],[80.4496,6.9608],[80.4486,6.9602],[80.4478,6.9584],[80.4455,6.955],[80.442,6.9514],[80.4413,6.949],[80.4404,6.945],[80.4357,6.942],[80.4344,6.9395],[80.4346,6.9368],[80.436,6.9343],[80.4353,6.933],[80.4321,6.9263],[80.4291,6.9209],[80.4269,6.9162],[80.4245,6.9072],[80.4243,6.9057],[80.4201,6.8994],[80.416,6.8969],[80.4128,6.8953],[80.4108,6.89],[80.4102,6.8863],[80.4076,6.8846],[80.4069,6.8801],[80.4053,6.8752],[80.4055,6.8723],[80.4029,6.8645],[80.3986,6.8617],[80.3967,6.8541],[80.3992,6.8514],[80.4019,6.8491],[80.4041,6.8467],[80.406,6.8423],[80.411,6.8412],[80.4123,6.8388],[80.4152,6.8334],[80.4162,6.8312],[80.4182,6.8293],[80.4227,6.8244],[80.4229,6.8227],[80.4249,6.8186],[80.4272,6.8158],[80.4309,6.811],[80.4323,6.8072],[80.4295,6.8037],[80.4307,6.8006],[80.4326,6.7951],[80.4409,6.7912],[80.4451,6.7891],[80.4495,6.7856],[80.4517,6.7842],[80.4528,6.7808],[80.455,6.7745],[80.456,6.7738],[80.4611,6.7692],[80.4644,6.7666],[80.4682,6.7651],[80.4733,6.764],[80.4754,6.7619],[80.4774,6.7593],[80.48,6.7565],[80.4882,6.7483],[80.4932,6.7373],[80.4993,6.7333],[80.5142,6.7325]]},"properties":{"kv":220}},
{"type":"Feature","geometry":{"type":"LineString","coordinates":[[79.9808,6.9955],[79.9883,7.006],[79.9873,7.0085],[79.9855,7.0109],[79.9869,7.0161],[79.9888,7.0266],[79.9932,7.0372],[79.9963,7.0425],[80.0047,7.0522],[80.0094,7.0554],[80.0121,7.0638],[80.014,7.0677],[80.0229,7.0695],[80.0314,7.0605],[80.0435,7.0553],[80.0529,7.0534],[80.0818,7.0477],[80.0854,7.0411],[80.0854,7.0293],[80.0854,7.0224],[80.0889,7.0163],[80.0889,7.0148],[80.0896,7.0123],[80.0908,7.0082],[80.0765,6.9911],[80.0685,6.9892],[80.0615,6.9886],[80.0491,6.9827],[80.0451,6.9774],[80.0429,6.9649],[80.0423,6.9646],[80.0377,6.9651],[80.034,6.967]]},"properties":{"kv":132}},
{"type":"Feature","geometry":{"type":"LineString","coordinates":[[80.0121,7.0638],[80.0114,7.0652],[80.0091,7.0733],[80.0081,7.0777]]},"properties":{"kv":132}},
{"type":"Feature","geometry":{"type":"LineString","coordinates":[[80.9303,7.1983],[80.9277,7.1979]]},"properties":{"kv":132}},
{"type":"Feature","geometry":{"type":"LineString","coordinates":[[79.9419,6.8434],[79.9422,6.8433]]},"properties":{"kv":220}},
{"type":"Feature","geometry":{"type":"LineString","coordinates":[[79.9425,6.8436],[79.9423,6.8443]]},"properties":{"kv":33}},
{"type":"Feature","geometry":{"type":"LineString","coordinates":[[79.9425,6.8436],[79.9422,6.8426]]},"properties":{"kv":33}},
{"type":"Feature","geometry":{"type":"LineString","coordinates":[[79.9422,6.8433],[79.9419,6.8417]]},"properties":{"kv":220}},
{"type":"Feature","geometry":{"type":"LineString","coordinates":[[80.8688,7.0976],[80.8667,7.0937],[80.866,7.0917],[80.866,7.0889],[80.8662,7.0865],[80.8645,7.0866],[80.8635,7.0869]]},"properties":{"kv":33}},
{"type":"Feature","geometry":{"type":"LineString","coordinates":[[80.8175,7.1238],[80.819,7.1234],[80.8196,7.1251],[80.8214,7.1255],[80.8226,7.1244],[80.8247,7.1263],[80.8265,7.1259],[80.8304,7.1239],[80.8316,7.123],[80.8325,7.1233],[80.8337,7.123],[80.8342,7.1236],[80.8354,7.1278],[80.8384,7.1286],[80.8382,7.1313],[80.8395,7.1315],[80.8404,7.1326],[80.8416,7.1329],[80.8432,7.1313]]},"properties":{"kv":33}},
{"type":"Feature","geometry":{"type":"LineString","coordinates":[[80.7262,7.2826],[80.7268,7.2823],[80.7279,7.2806],[80.7291,7.2772],[80.73,7.2716],[80.7303,7.2691],[80.73,7.2674],[80.7292,7.2649],[80.7278,7.2624],[80.7268,7.2579],[80.7281,7.2493],[80.7295,7.2455],[80.7306,7.2407],[80.7318,7.2361],[80.7328,7.2339],[80.7337,7.2327],[80.737,7.2296],[80.7413,7.2266],[80.7446,7.2211],[80.7476,7.2165],[80.7519,7.2095],[80.7533,7.2013],[80.7583,7.1914],[80.7596,7.19],[80.7618,7.186],[80.7644,7.1815],[80.7683,7.1781],[80.7686,7.1771],[80.7693,7.176],[80.771,7.1743],[80.7776,7.167],[80.7776,7.1641],[80.7772,7.1614],[80.7754,7.155],[80.7739,7.1487],[80.776,7.1453],[80.7768,7.1403],[80.7749,7.1369],[80.774,7.1328],[80.7751,7.1292],[80.7765,7.1239],[80.776,7.1192],[80.7752,7.1166]]},"properties":{"kv":132}},
{"type":"Feature","geometry":{"type":"LineString","coordinates":[[80.8038,7.2004],[80.8019,7.202],[80.8001,7.2085],[80.8,7.2135],[80.7977,7.2214],[80.7883,7.2303]]},"properties":{"kv":33}},
{"type":"Feature","geometry":{"type":"LineString","coordinates":[[80.8076,7.1994],[80.8065,7.2001]]},"properties":{"kv":220}},
{"type":"Feature","geometry":{"type":"LineString","coordinates":[[80.9267,7.2039],[80.9296,7.2052],[80.936,7.2072],[80.9418,7.2101],[80.9454,7.2103],[80.9476,7.2096],[80.9493,7.2067],[80.9494,7.2032],[80.9514,7.2012]]},"properties":{"kv":220}},
{"type":"Feature","geometry":{"type":"LineString","coordinates":[[80.926,7.2025],[80.9271,7.2031],[80.927,7.2033]]},"properties":{"kv":null}},
{"type":"Feature","geometry":{"type":"LineString","coordinates":[[80.9262,7.2025],[80.9271,7.2029]]},"properties":{"kv":null}},
{"type":"Feature","geometry":{"type":"LineString","coordinates":[[80.7872,6.9521],[80.7867,6.9542],[80.7874,6.9548],[80.7888,6.9541],[80.7893,6.955],[80.7907,6.9612],[80.7923,6.964],[80.7948,6.966],[80.7997,6.9736],[80.8023,6.9762],[80.8055,6.9797],[80.8115,6.9898],[80.8178,6.9978],[80.821,7.0017],[80.8248,7.0067],[80.8338,7.0127],[80.8375,7.0153],[80.8519,7.0249]]},"properties":{"kv":33}},
{"type":"Feature","geometry":{"type":"LineString","coordinates":[[80.7867,6.9524],[80.7872,6.9521]]},"properties":{"kv":33}},
{"type":"Feature","geometry":{"type":"LineString","coordinates":[[80.7869,6.9506],[80.7872,6.9521]]},"properties":{"kv":33}},
{"type":"Feature","geometry":{"type":"LineString","coordinates":[[80.8519,7.0249],[80.8559,7.03],[80.8613,7.0341],[80.8697,7.0408],[80.8723,7.0438],[80.8737,7.0478],[80.8756,7.0531]]},"properties":{"kv":33}},
{"type":"Feature","geometry":{"type":"LineString","coordinates":[[80.8737,7.0478],[80.8748,7.0471]]},"properties":{"kv":33}},
{"type":"Feature","geometry":{"type":"LineString","coordinates":[[80.658,7.0432],[80.6583,7.042],[80.6615,7.0391]]},"properties":{"kv":33}},
{"type":"Feature","geometry":{"type":"LineString","coordinates":[[80.2839,6.6038],[80.2842,6.6038],[80.2848,6.6037]]},"properties":{"kv":null}},
{"type":"Feature","geometry":{"type":"LineString","coordinates":[[80.2841,6.6036],[80.2842,6.6038]]},"properties":{"kv":null}},
{"type":"Feature","geometry":{"type":"LineString","coordinates":[[80.4032,6.702],[80.4035,6.7024]]},"properties":{"kv":132}},
{"type":"Feature","geometry":{"type":"LineString","coordinates":[[80.4034,6.7025],[80.4035,6.7025],[80.4036,6.7024]]},"properties":{"kv":null}},
{"type":"Feature","geometry":{"type":"LineString","coordinates":[[80.4033,6.7027],[80.4035,6.7026],[80.4036,6.7025],[80.4037,6.7025]]},"properties":{"kv":null}},
{"type":"Feature","geometry":{"type":"LineString","coordinates":[[80.4034,6.7027],[80.4036,6.7026],[80.4038,6.7025]]},"properties":{"kv":null}},
{"type":"Feature","geometry":{"type":"LineString","coordinates":[[80.4034,6.7024],[80.4035,6.7025],[80.4035,6.7026],[80.4036,6.7026]]},"properties":{"kv":null}},
{"type":"Feature","geometry":{"type":"LineString","coordinates":[[80.4035,6.7024],[80.4036,6.7024],[80.4036,6.7025],[80.4036,6.7026]]},"properties":{"kv":null}},
{"type":"Feature","geometry":{"type":"LineString","coordinates":[[80.6957,6.6611],[80.6971,6.6634],[80.6907,6.6752],[80.6885,6.6776],[80.6884,6.6796],[80.6859,6.6844],[80.6727,6.7094],[80.6697,6.7149],[80.6716,6.7169],[80.6762,6.7228],[80.6821,6.7287],[80.6903,6.7369],[80.6878,6.7754],[80.6699,6.7917],[80.6683,6.793],[80.6571,6.8032],[80.6461,6.8083],[80.6412,6.8107],[80.631,6.8168],[80.6231,6.8215],[80.5978,6.8143],[80.5927,6.8128],[80.5815,6.8249],[80.5627,6.8452],[80.5535,6.8547],[80.5467,6.8618],[80.5324,6.8767],[80.5318,6.8767],[80.5271,6.8822],[80.5219,6.886],[80.5181,6.8889],[80.5139,6.892],[80.5107,6.8944],[80.5097,6.8952],[80.5066,6.8976],[80.5057,6.9028],[80.5039,6.9077]]},"properties":{"kv":132}},
{"type":"Feature","geometry":{"type":"LineString","coordinates":[[81.8599,7.2493],[81.8598,7.2499]]},"properties":{"kv":null}},
{"type":"Feature","geometry":{"type":"LineString","coordinates":[[81.8599,7.2493],[81.86,7.2492]]},"properties":{"kv":null}},
{"type":"Feature","geometry":{"type":"LineString","coordinates":[[81.86,7.2492],[81.86,7.249]]},"properties":{"kv":null}},
{"type":"Feature","geometry":{"type":"LineString","coordinates":[[81.86,7.249],[81.8601,7.2486]]},"properties":{"kv":null}},
{"type":"Feature","geometry":{"type":"LineString","coordinates":[[81.8599,7.2493],[81.8608,7.2493]]},"properties":{"kv":null}},
{"type":"Feature","geometry":{"type":"LineString","coordinates":[[81.8608,7.2493],[81.8612,7.2493]]},"properties":{"kv":null}},
{"type":"Feature","geometry":{"type":"LineString","coordinates":[[80.7838,6.9494],[80.7819,6.9494],[80.779,6.9515],[80.7767,6.9527],[80.7748,6.9534],[80.7721,6.9546],[80.7703,6.9549],[80.761,6.9618],[80.7572,6.965],[80.7556,6.9682],[80.7536,6.9762],[80.7504,6.9867],[80.7496,6.9929],[80.7481,6.9969],[80.7434,7.0027],[80.7413,7.0039],[80.7388,7.0042],[80.7313,7.0065],[80.7296,7.0053],[80.7232,6.997],[80.717,6.9944],[80.7101,6.9995],[80.7,7.0081],[80.6952,7.0079],[80.689,7.0075],[80.6805,7.0101],[80.6751,7.0128],[80.6704,7.0172],[80.6655,7.0287],[80.6644,7.0304],[80.6628,7.0336],[80.6629,7.0353],[80.6615,7.0391]]},"properties":{"kv":132}},
{"type":"Feature","geometry":{"type":"LineString","coordinates":[[80.7894,6.9481],[80.7895,6.9481]]},"properties":{"kv":132}},
{"type":"Feature","geometry":{"type":"LineString","coordinates":[[80.7894,6.9481],[80.7895,6.9481]]},"properties":{"kv":132}},
{"type":"Feature","geometry":{"type":"LineString","coordinates":[[80.79,6.948],[80.79,6.9481]]},"properties":{"kv":132}},
{"type":"Feature","geometry":{"type":"LineString","coordinates":[[80.79,6.948],[80.79,6.9479]]},"properties":{"kv":132}},
{"type":"Feature","geometry":{"type":"LineString","coordinates":[[80.7895,6.9481],[80.79,6.9481]]},"properties":{"kv":132}},
{"type":"Feature","geometry":{"type":"LineString","coordinates":[[80.5133,6.8958],[80.5165,6.8983],[80.5183,6.9008],[80.5196,6.9026],[80.5214,6.9034],[80.522,6.9043],[80.5219,6.9066],[80.5242,6.9079],[80.5244,6.9079]]},"properties":{"kv":33}},
{"type":"Feature","geometry":{"type":"LineString","coordinates":[[80.5242,6.9082],[80.5205,6.9106],[80.5185,6.913]]},"properties":{"kv":132}},
{"type":"Feature","geometry":{"type":"LineString","coordinates":[[80.5243,6.9081],[80.5241,6.908],[80.5234,6.9065],[80.5248,6.9054],[80.5268,6.9033],[80.5286,6.9025],[80.5334,6.8986]]},"properties":{"kv":132}},
{"type":"Feature","geometry":{"type":"LineString","coordinates":[[80.5251,6.9053],[80.5269,6.9034],[80.5286,6.9025],[80.5335,6.8986]]},"properties":{"kv":33}},
{"type":"Feature","geometry":{"type":"LineString","coordinates":[[80.5334,6.8984],[80.5334,6.8986]]},"properties":{"kv":132}},
{"type":"Feature","geometry":{"type":"LineString","coordinates":[[80.5268,8.7661],[80.526,8.7662]]},"properties":{"kv":220}},
{"type":"Feature","geometry":{"type":"LineString","coordinates":[[80.526,8.7662],[80.5255,8.7664]]},"properties":{"kv":220}},
{"type":"Feature","geometry":{"type":"LineString","coordinates":[[80.526,8.7662],[80.5254,8.7662]]},"properties":{"kv":220}},
{"type":"Feature","geometry":{"type":"LineString","coordinates":[[80.5253,8.767],[80.5255,8.7668]]},"properties":{"kv":132}},
{"type":"Feature","geometry":{"type":"LineString","coordinates":[[80.5256,8.7669],[80.5253,8.767]]},"properties":{"kv":132}},
{"type":"Feature","geometry":{"type":"LineString","coordinates":[[80.5257,8.7668],[80.5255,8.7664],[80.5254,8.7663],[80.5253,8.7662]]},"properties":{"kv":null}},
{"type":"Feature","geometry":{"type":"LineString","coordinates":[[80.5257,8.7669],[80.5257,8.7668],[80.5256,8.7667],[80.5255,8.7666],[80.5254,8.7665],[80.5253,8.7664],[80.5252,8.7663]]},"properties":{"kv":null}},
{"type":"Feature","geometry":{"type":"LineString","coordinates":[[80.5254,8.7666],[80.5255,8.7666]]},"properties":{"kv":null}},
{"type":"Feature","geometry":{"type":"LineString","coordinates":[[80.5254,8.7666],[80.5254,8.7665]]},"properties":{"kv":null}},
{"type":"Feature","geometry":{"type":"LineString","coordinates":[[80.5252,8.7664],[80.5253,8.7664]]},"properties":{"kv":null}},
{"type":"Feature","geometry":{"type":"LineString","coordinates":[[80.5252,8.7664],[80.5252,8.7663]]},"properties":{"kv":null}},
{"type":"Feature","geometry":{"type":"LineString","coordinates":[[80.5256,8.7669],[80.5257,8.7668]]},"properties":{"kv":null}},
{"type":"Feature","geometry":{"type":"LineString","coordinates":[[80.5255,8.7668],[80.5256,8.7667]]},"properties":{"kv":null}},
{"type":"Feature","geometry":null,"properties":{"kv":null}},
{"type":"Feature","geometry":{"type":"LineString","coordinates":[[80.5254,8.7662],[80.5254,8.7663]]},"properties":{"kv":null}},
{"type":"Feature","geometry":{"type":"LineString","coordinates":[[79.957,8.8826],[79.9571,8.883]]},"properties":{"kv":220}},
{"type":"Feature","geometry":{"type":"LineString","coordinates":[[79.957,8.8826],[79.9572,8.8829]]},"properties":{"kv":220}},
{"type":"Feature","geometry":{"type":"LineString","coordinates":[[79.9562,8.8827],[79.9566,8.8831]]},"properties":{"kv":220}},
{"type":"Feature","geometry":{"type":"LineString","coordinates":[[79.9562,8.8827],[79.9565,8.8832]]},"properties":{"kv":220}},
{"type":"Feature","geometry":{"type":"LineString","coordinates":[[79.7922,9.0563],[79.7918,9.0567]]},"properties":{"kv":220}},
{"type":"Feature","geometry":{"type":"LineString","coordinates":[[79.7922,9.0563],[79.7917,9.0565]]},"properties":{"kv":220}},
{"type":"Feature","geometry":{"type":"LineString","coordinates":[[80.7692,7.7005],[80.767,7.7033],[80.7645,7.7042],[80.7605,7.701],[80.7575,7.6981],[80.7547,7.6992],[80.7516,7.6999],[80.7497,7.6996],[80.746,7.6967],[80.7442,7.6957],[80.7428,7.6956],[80.7387,7.698],[80.7341,7.7049],[80.7303,7.7098],[80.7282,7.7175],[80.7251,7.7195],[80.7228,7.7197],[80.7204,7.7185],[80.7167,7.715],[80.7157,7.7126],[80.7144,7.7108],[80.7065,7.711],[80.7045,7.7111],[80.6969,7.7126],[80.6921,7.7121],[80.6862,7.7117],[80.6832,7.7108],[80.6809,7.7102],[80.68,7.7093],[80.676,7.7085],[80.6745,7.7083],[80.6723,7.7088],[80.6706,7.7086],[80.6697,7.7078],[80.6687,7.7075]]},"properties":{"kv":132}},
{"type":"Feature","geometry":{"type":"LineString","coordinates":[[80.2289,7.8124],[80.2299,7.8124],[80.2298,7.8139],[80.2326,7.8191],[80.2368,7.8208],[80.2377,7.8238],[80.2378,7.8282],[80.2394,7.835],[80.238,7.8408],[80.241,7.8447],[80.2477,7.8532],[80.2475,7.8621],[80.2471,7.8775],[80.2554,7.8846],[80.2578,7.8865],[80.2607,7.8913],[80.2607,7.8997],[80.2638,7.9058],[80.2601,7.9198],[80.2577,7.9364],[80.2598,7.948],[80.2602,7.951],[80.2635,7.9694],[80.2626,7.973],[80.2633,7.9748]]},"properties":{"kv":33}},
{"type":"Feature","geometry":{"type":"LineString","coordinates":[[80.74,8.0288],[80.7296,8.039],[80.7253,8.0433],[80.7254,8.0447],[80.7255,8.0491]]},"properties":{"kv":132}},
{"type":"Feature","geometry":{"type":"LineString","coordinates":[[80.731,8.0581],[80.732,8.0567],[80.7291,8.0517],[80.7268,8.0504],[80.7266,8.0501]]},"properties":{"kv":220}},
{"type":"Feature","geometry":{"type":"LineString","coordinates":[[80.7368,8.0492],[80.7357,8.0508],[80.7296,8.0502],[80.7271,8.0501],[80.7269,8.0498]]},"properties":{"kv":220}},
{"type":"Feature","geometry":{"type":"LineString","coordinates":[[80.7268,8.0504],[80.7265,8.0503]]},"properties":{"kv":220}},
{"type":"Feature","geometry":{"type":"LineString","coordinates":[[80.7271,8.0501],[80.7268,8.0499]]},"properties":{"kv":220}},
{"type":"Feature","geometry":{"type":"LineString","coordinates":[[80.7255,8.0491],[80.7257,8.0494]]},"properties":{"kv":132}},
{"type":"Feature","geometry":{"type":"LineString","coordinates":[[80.7255,8.0491],[80.7258,8.0494]]},"properties":{"kv":132}},
{"type":"Feature","geometry":{"type":"LineString","coordinates":[[80.7255,8.0491],[80.7259,8.0493]]},"properties":{"kv":132}},
{"type":"Feature","geometry":{"type":"LineString","coordinates":[[80.7255,8.0491],[80.7257,8.0495]]},"properties":{"kv":132}},
{"type":"Feature","geometry":{"type":"LineString","coordinates":[[80.7257,8.0508],[80.7263,8.0501],[80.7265,8.05],[80.7267,8.0498],[80.7268,8.0496]]},"properties":{"kv":null}},
{"type":"Feature","geometry":{"type":"LineString","coordinates":[[80.7256,8.0507],[80.7257,8.0506],[80.7258,8.0505],[80.726,8.0503],[80.7261,8.0502],[80.7267,8.0495]]},"properties":{"kv":null}},
{"type":"Feature","geometry":{"type":"LineString","coordinates":[[80.7263,8.0504],[80.7265,8.0507]]},"properties":{"kv":null}},
{"type":"Feature","geometry":{"type":"LineString","coordinates":[[80.7262,8.0506],[80.7265,8.0507]]},"properties":{"kv":null}},
{"type":"Feature","geometry":{"type":"LineString","coordinates":[[80.7256,8.0503],[80.7252,8.0501]]},"properties":{"kv":null}},
{"type":"Feature","geometry":{"type":"LineString","coordinates":[[80.7255,8.0504],[80.7252,8.0501]]},"properties":{"kv":null}},
{"type":"Feature","geometry":{"type":"LineString","coordinates":[[80.7255,8.0497],[80.7252,8.0495]]},"properties":{"kv":null}},
{"type":"Feature","geometry":{"type":"LineString","coordinates":[[80.7254,8.0498],[80.7252,8.0495]]},"properties":{"kv":null}},
{"type":"Feature","geometry":{"type":"LineString","coordinates":[[80.7269,8.0498],[80.7268,8.0496]]},"properties":{"kv":null}},
{"type":"Feature","geometry":{"type":"LineString","coordinates":[[80.7268,8.0499],[80.7267,8.0498]]},"properties":{"kv":null}},
{"type":"Feature","geometry":{"type":"LineString","coordinates":[[80.7266,8.0501],[80.7265,8.05]]},"properties":{"kv":null}},
{"type":"Feature","geometry":{"type":"LineString","coordinates":[[80.7265,8.0503],[80.7263,8.0501]]},"properties":{"kv":null}},
{"type":"Feature","geometry":{"type":"LineString","coordinates":[[80.7263,8.0504],[80.7261,8.0502]]},"properties":{"kv":null}},
{"type":"Feature","geometry":{"type":"LineString","coordinates":[[80.7262,8.0506],[80.726,8.0503]]},"properties":{"kv":null}},
{"type":"Feature","geometry":{"type":"LineString","coordinates":[[80.7256,8.0503],[80.7258,8.0505]]},"properties":{"kv":null}},
{"type":"Feature","geometry":{"type":"LineString","coordinates":[[80.7255,8.0504],[80.7257,8.0506]]},"properties":{"kv":null}},
{"type":"Feature","geometry":{"type":"LineString","coordinates":[[80.7471,8.0212],[80.7453,8.022],[80.7451,8.0237],[80.7423,8.0255],[80.74,8.0288]]},"properties":{"kv":132}},
{"type":"Feature","geometry":{"type":"LineString","coordinates":[[81.2174,8.5912],[81.2155,8.593],[81.2003,8.5905],[81.193,8.5898],[81.1915,8.5886],[81.1771,8.573],[81.1729,8.5709],[81.1639,8.5665],[81.1387,8.5609],[81.1265,8.551],[81.122,8.5475],[81.1143,8.5236],[81.1043,8.4931],[81.103,8.4863],[81.0914,8.4493],[81.0864,8.4331],[81.0773,8.4041],[81.0766,8.4018],[81.0543,8.3786],[81.026,8.3492],[81.0092,8.339],[80.9813,8.3219],[80.9715,8.3158],[80.9571,8.307],[80.9447,8.3121],[80.9288,8.3186],[80.9268,8.3185],[80.9079,8.3182],[80.8756,8.3173],[80.8623,8.3104],[80.852,8.31],[80.8369,8.3094],[80.8194,8.3087],[80.8026,8.308],[80.7767,8.307],[80.7629,8.3065],[80.7212,8.3047],[80.7159,8.3059],[80.7128,8.3065],[80.7067,8.3079],[80.704,8.3087],[80.6958,8.3105],[80.6898,8.312],[80.6852,8.313],[80.6831,8.3125],[80.6579,8.3078],[80.6417,8.3075],[80.6355,8.3073],[80.6171,8.307],[80.6037,8.3067],[80.5906,8.3064],[80.5804,8.3062],[80.5724,8.3025],[80.5582,8.3026],[80.5248,8.303],[80.5129,8.3031],[80.504,8.3033],[80.5013,8.3031],[80.4985,8.3033],[80.4956,8.3031],[80.472,8.3018],[80.4693,8.3016],[80.4668,8.3015],[80.4643,8.3014],[80.4589,8.301],[80.4552,8.3009],[80.4529,8.3007],[80.452,8.3001],[80.4521,8.2977]]},"properties":{"kv":132}},
{"type":"Feature","geometry":{"type":"LineString","coordinates":[[81.6568,7.69],[81.657,7.6901],[81.6601,7.6859],[81.6664,7.6769],[81.6691,7.6701],[81.6709,7.6652],[81.6789,7.6443],[81.6852,7.6369],[81.6952,7.617],[81.6976,7.6122],[81.7071,7.6025],[81.7172,7.6044],[81.7273,7.6172],[81.724,7.6334],[81.7275,7.6373],[81.7318,7.638],[81.733,7.6403]]},"properties":{"kv":33}},
{"type":"Feature","geometry":{"type":"LineString","coordinates":[[81.6568,7.6899],[81.657,7.69],[81.66,7.6736],[81.6651,7.6635],[81.6703,7.6528],[81.6733,7.6468],[81.6847,7.637],[81.6901,7.6257],[81.6955,7.6146],[81.6976,7.6102],[81.7045,7.6021],[81.7141,7.5907],[81.7192,7.5847],[81.7227,7.5806],[81.7326,7.569],[81.755,7.5424],[81.7572,7.5371],[81.7634,7.5354],[81.7684,7.5267],[81.7697,7.5244],[81.7756,7.5189],[81.7804,7.5178],[81.7815,7.5159]]},"properties":{"kv":33}},
{"type":"Feature","geometry":{"type":"LineString","coordinates":[[81.6562,7.6902],[81.6562,7.6903],[81.6562,7.6905]]},"properties":{"kv":null}},
{"type":"Feature","geometry":{"type":"LineString","coordinates":[[81.6562,7.6901],[81.6562,7.6902],[81.6562,7.6903],[81.6562,7.6905]]},"properties":{"kv":null}},
{"type":"Feature","geometry":{"type":"LineString","coordinates":[[81.6554,7.6903],[81.656,7.6902]]},"properties":{"kv":132}},
{"type":"Feature","geometry":{"type":"LineString","coordinates":[[81.6554,7.6903],[81.656,7.6903]]},"properties":{"kv":132}},
{"type":"Feature","geometry":{"type":"LineString","coordinates":[[81.656,7.6903],[81.6562,7.6903]]},"properties":{"kv":null}},
{"type":"Feature","geometry":{"type":"LineString","coordinates":[[81.656,7.6902],[81.6562,7.6902]]},"properties":{"kv":null}},
{"type":"Feature","geometry":{"type":"LineString","coordinates":[[81.6564,7.6903],[81.6562,7.6903]]},"properties":{"kv":null}},
{"type":"Feature","geometry":{"type":"LineString","coordinates":[[81.6564,7.6902],[81.6562,7.6902]]},"properties":{"kv":null}},
{"type":"Feature","geometry":{"type":"LineString","coordinates":[[81.6564,7.6903],[81.6565,7.6903]]},"properties":{"kv":null}},
{"type":"Feature","geometry":{"type":"LineString","coordinates":[[81.6564,7.6902],[81.6565,7.6902]]},"properties":{"kv":null}},
{"type":"Feature","geometry":{"type":"LineString","coordinates":[[81.0838,6.2302],[81.083,6.2294],[81.0821,6.2303],[81.0813,6.2297],[81.0805,6.23]]},"properties":{"kv":33}},
{"type":"Feature","geometry":{"type":"LineString","coordinates":[[81.0804,6.2292],[81.0786,6.2282],[81.079,6.2264],[81.0804,6.2218],[81.0814,6.22],[81.0831,6.2193],[81.0863,6.2191],[81.0888,6.2185],[81.0902,6.2175]]},"properties":{"kv":33}},
{"type":"Feature","geometry":{"type":"LineString","coordinates":[[81.1257,6.1864],[81.1257,6.1867],[81.1235,6.1891],[81.1153,6.1914],[81.1113,6.1951],[81.1045,6.1985],[81.096,6.2007],[81.0922,6.2058],[81.0887,6.2105],[81.0855,6.2138],[81.0832,6.2156],[81.0806,6.2173],[81.0759,6.2207],[81.0705,6.2244],[81.0666,6.2273],[81.0567,6.2338],[81.0473,6.2414],[81.0421,6.2446],[81.0402,6.2476],[81.0386,6.2503],[81.0344,6.2511],[81.0272,6.2517],[81.0207,6.2568],[81.0163,6.2611],[81.0146,6.2632],[81.0119,6.2643],[81.01,6.2669],[81.0075,6.268],[81.002,6.2672],[80.9997,6.2688],[80.9996,6.27],[80.999,6.2738],[80.9979,6.2811],[80.9951,6.284],[80.993,6.286],[80.9842,6.2888],[80.9819,6.2879],[80.9787,6.2887],[80.9664,6.2925],[80.9571,6.29],[80.9531,6.2904],[80.9495,6.2893],[80.9462,6.2897]]},"properties":{"kv":220}},
{"type":"Feature","geometry":{"type":"LineString","coordinates":[[81.1257,6.1867],[81.1258,6.1864]]},"properties":{"kv":132}},
{"type":"Feature","geometry":{"type":"LineString","coordinates":[[81.6547,7.6897],[81.6486,7.6882],[81.6434,7.6904],[81.6249,7.6923],[81.6096,7.6938],[81.5926,7.6956],[81.5846,7.6964],[81.5787,7.697],[81.5631,7.6986],[81.5601,7.6988],[81.5487,7.7],[81.5375,7.7013]]},"properties":{"kv":null}},
{"type":"Feature","geometry":{"type":"LineString","coordinates":[[80.3939,7.479],[80.3948,7.4797],[80.3993,7.4796],[80.4023,7.4846],[80.4029,7.4859],[80.4059,7.4888],[80.407,7.4892],[80.4116,7.4883],[80.4127,7.4897],[80.4158,7.4913],[80.4179,7.4915],[80.4199,7.4952],[80.4208,7.4973],[80.4212,7.5023],[80.4234,7.5057],[80.4281,7.5078]]},"properties":{"kv":null}},
{"type":"Feature","geometry":{"type":"LineString","coordinates":[[80.0422,7.1777],[80.0424,7.1786],[80.0446,7.1798],[80.0457,7.1817],[80.0465,7.1841],[80.0538,7.1893],[80.0581,7.1937],[80.0607,7.1944],[80.0636,7.1966],[80.0636,7.2001],[80.0672,7.2025],[80.0721,7.2041],[80.0746,7.2099],[80.0762,7.2115],[80.0797,7.2107],[80.082,7.2068],[80.0879,7.2018],[80.0897,7.202],[80.0945,7.2067],[80.0987,7.2089],[80.1035,7.2123],[80.1079,7.2159],[80.1101,7.2187],[80.1113,7.2221],[80.1128,7.2268],[80.1121,7.2338],[80.1108,7.2365],[80.109,7.239],[80.1106,7.2425],[80.1119,7.2477],[80.112,7.2498],[80.1137,7.2526],[80.122,7.2559],[80.1247,7.2569],[80.1288,7.2574],[80.1319,7.2603],[80.1341,7.2621],[80.1351,7.2668],[80.1354,7.2692],[80.135,7.2722],[80.1377,7.2742],[80.139,7.2761],[80.1404,7.2779],[80.1397,7.2809],[80.1411,7.2848],[80.1445,7.2892],[80.1496,7.2952],[80.1517,7.2992],[80.1524,7.3014],[80.1532,7.308],[80.1552,7.3142],[80.1599,7.3159],[80.1611,7.3184],[80.1626,7.3211],[80.1656,7.3267],[80.1684,7.3298],[80.168,7.3331],[80.1692,7.3359],[80.1756,7.3449],[80.178,7.3483],[80.1801,7.3513],[80.1847,7.3529],[80.1868,7.3573],[80.1887,7.3592],[80.1915,7.3652],[80.1919,7.369],[80.1936,7.3714],[80.1974,7.3736],[80.1997,7.3784],[80.1998,7.381],[80.2043,7.3851],[80.2051,7.3914],[80.2058,7.3988],[80.2077,7.4065],[80.2088,7.4088],[80.2099,7.4103],[80.2114,7.414],[80.2113,7.4166],[80.2186,7.4332],[80.2199,7.4365],[80.223,7.4436],[80.2276,7.4499],[80.2319,7.4556],[80.2367,7.4573],[80.2418,7.4627],[80.2447,7.4638],[80.2488,7.4677],[80.2504,7.4708],[80.254,7.4767],[80.2579,7.4825],[80.2806,7.4876],[80.2852,7.4877],[80.2895,7.4911],[80.2924,7.4918],[80.2933,7.4954],[80.2941,7.4956],[80.295,7.4949],[80.2996,7.4937],[80.3061,7.4904],[80.3117,7.4943],[80.3165,7.4954],[80.32,7.4948],[80.3213,7.4965],[80.3232,7.4999],[80.3243,7.5028],[80.3262,7.505],[80.3343,7.5054],[80.3377,7.5099],[80.3375,7.5143],[80.3381,7.5166],[80.3376,7.5191],[80.3411,7.5226],[80.343,7.5252],[80.3477,7.5291],[80.3497,7.529],[80.3505,7.5277],[80.3523,7.5237],[80.3526,7.522],[80.3552,7.5211],[80.3595,7.5216],[80.3609,7.5201],[80.3627,7.5178],[80.3646,7.5164],[80.3665,7.5158],[80.367,7.5137],[80.3667,7.5129],[80.368,7.5106],[80.3693,7.5094],[80.3711,7.509],[80.3741,7.5071],[80.3791,7.5018],[80.3826,7.4987],[80.384,7.4949],[80.3852,7.4856],[80.3909,7.4796],[80.3918,7.4775],[80.3935,7.4762]]},"properties":{"kv":220}},
{"type":"Feature","geometry":{"type":"LineString","coordinates":[[80.113,7.0354],[80.1132,7.041],[80.1157,7.0474]]},"properties":{"kv":null}},
{"type":"Feature","geometry":{"type":"LineString","coordinates":[[80.1142,7.0366],[80.1159,7.0387]]},"properties":{"kv":null}},
{"type":"Feature","geometry":{"type":"LineString","coordinates":[[80.0921,7.0318],[80.0954,7.0308]]},"properties":{"kv":null}},
{"type":"Feature","geometry":{"type":"LineString","coordinates":[[80.1316,7.0891],[80.1276,7.0919]]},"properties":{"kv":null}},
{"type":"Feature","geometry":{"type":"LineString","coordinates":[[80.1159,7.0387],[80.1202,7.0408],[80.1218,7.041],[80.125,7.0434],[80.1258,7.0469],[80.1269,7.0499],[80.1307,7.055],[80.127,7.0646],[80.1284,7.0686],[80.1304,7.0699],[80.1321,7.0729]]},"properties":{"kv":null}},
{"type":"Feature","geometry":{"type":"LineString","coordinates":[[80.1352,7.0012],[80.1356,7.0042]]},"properties":{"kv":null}},
{"type":"Feature","geometry":{"type":"LineString","coordinates":[[80.1362,6.9453],[80.136,6.9461],[80.1376,6.9481],[80.1378,6.9494],[80.1381,6.9513],[80.1374,6.9523],[80.137,6.956],[80.1371,6.9575],[80.1327,6.9602],[80.1322,6.9632],[80.1332,6.9646],[80.1344,6.9662],[80.1339,6.9721],[80.135,6.9739],[80.136,6.9766],[80.1366,6.9793],[80.1355,6.9909],[80.136,7.0042],[80.1368,7.0113],[80.1357,7.0131],[80.1345,7.0163],[80.1355,7.0225],[80.1362,7.027],[80.1364,7.0283],[80.1367,7.0302],[80.1343,7.0384]]},"properties":{"kv":null}},
{"type":"Feature","geometry":{"type":"LineString","coordinates":[[80.9618,7.9889],[80.9624,7.9951],[80.9649,7.9986],[80.9669,7.9998],[80.9761,7.9955],[80.9939,7.9957],[80.9991,7.9972],[81.0017,7.9979],[81.0065,7.995],[81.0069,7.9956]]},"properties":{"kv":null}},
{"type":"Feature","geometry":{"type":"LineString","coordinates":[[80.731,8.0581],[80.7161,8.0694],[80.7098,8.074],[80.6998,8.0813],[80.6819,8.0872],[80.6725,8.0903],[80.6573,8.0915],[80.6531,8.0907],[80.6499,8.0917],[80.6399,8.0934],[80.6342,8.0967],[80.6226,8.1036],[80.6173,8.1067],[80.6064,8.1132],[80.5938,8.1209],[80.5904,8.1227],[80.5789,8.1311],[80.5737,8.1356],[80.568,8.1383],[80.549,8.147],[80.5362,8.1552],[80.5223,8.164],[80.5158,8.1704],[80.5049,8.1811],[80.5001,8.1858],[80.4954,8.1893],[80.4902,8.1932],[80.4673,8.2104],[80.4647,8.2253],[80.464,8.2287],[80.462,8.2399],[80.4571,8.2461],[80.4579,8.2598],[80.4524,8.2958]]},"properties":{"kv":220}},
{"type":"Feature","geometry":{"type":"LineString","coordinates":[[80.4454,8.3058],[80.4451,8.3056]]},"properties":{"kv":132}},
{"type":"Feature","geometry":{"type":"LineString","coordinates":[[80.4453,8.3059],[80.4451,8.3056]]},"properties":{"kv":132}},
{"type":"Feature","geometry":{"type":"LineString","coordinates":[[80.4531,8.2968],[80.4511,8.2965]]},"properties":{"kv":220}},
{"type":"Feature","geometry":{"type":"LineString","coordinates":[[80.453,8.2969],[80.4511,8.2966]]},"properties":{"kv":220}},
{"type":"Feature","geometry":{"type":"LineString","coordinates":[[80.4525,8.2973],[80.4508,8.297]]},"properties":{"kv":132}},
{"type":"Feature","geometry":{"type":"LineString","coordinates":[[80.4508,8.2971],[80.4525,8.2974]]},"properties":{"kv":132}},
{"type":"Feature","geometry":{"type":"LineString","coordinates":[[80.4516,8.2974],[80.4513,8.2979]]},"properties":{"kv":132}},
{"type":"Feature","geometry":{"type":"LineString","coordinates":[[80.4515,8.2974],[80.4513,8.2979]]},"properties":{"kv":132}},
{"type":"Feature","geometry":{"type":"LineString","coordinates":[[80.4513,8.2974],[80.4511,8.2979]]},"properties":{"kv":132}},
{"type":"Feature","geometry":{"type":"LineString","coordinates":[[80.4512,8.2974],[80.4511,8.2979]]},"properties":{"kv":132}},
{"type":"Feature","geometry":{"type":"LineString","coordinates":[[80.4511,8.2973],[80.4507,8.2976]]},"properties":{"kv":132}},
{"type":"Feature","geometry":{"type":"LineString","coordinates":[[80.451,8.2973],[80.4507,8.2976]]},"properties":{"kv":132}},
{"type":"Feature","geometry":{"type":"LineString","coordinates":[[80.4522,8.2975],[80.4521,8.2977]]},"properties":{"kv":132}},
{"type":"Feature","geometry":{"type":"LineString","coordinates":[[80.452,8.2975],[80.4521,8.2977]]},"properties":{"kv":132}},
{"type":"Feature","geometry":{"type":"LineString","coordinates":[[80.452,8.2975],[80.4518,8.2978]]},"properties":{"kv":132}},
{"type":"Feature","geometry":{"type":"LineString","coordinates":[[80.4518,8.2974],[80.4518,8.2978]]},"properties":{"kv":132}},
{"type":"Feature","geometry":{"type":"LineString","coordinates":[[80.4514,8.2962],[80.4515,8.296]]},"properties":{"kv":220}},
{"type":"Feature","geometry":{"type":"LineString","coordinates":[[80.4512,8.2962],[80.4515,8.296]]},"properties":{"kv":220}},
{"type":"Feature","geometry":{"type":"LineString","coordinates":[[80.4523,8.2964],[80.4524,8.2958]]},"properties":{"kv":220}},
{"type":"Feature","geometry":{"type":"LineString","coordinates":[[80.4521,8.2963],[80.4524,8.2958]]},"properties":{"kv":220}},
{"type":"Feature","geometry":{"type":"LineString","coordinates":[[80.4528,8.2965],[80.4529,8.2961]]},"properties":{"kv":220}},
{"type":"Feature","geometry":{"type":"LineString","coordinates":[[80.4526,8.2964],[80.4529,8.2961]]},"properties":{"kv":220}},
{"type":"Feature","geometry":{"type":"LineString","coordinates":[[80.4512,6.9871],[80.4514,6.9876]]},"properties":{"kv":220}},
{"type":"Feature","geometry":{"type":"LineString","coordinates":[[80.4511,6.9873],[80.4514,6.9876]]},"properties":{"kv":220}},
{"type":"Feature","geometry":{"type":"LineString","coordinates":[[80.4505,6.9858],[80.4501,6.9855]]},"properties":{"kv":132}},
{"type":"Feature","geometry":{"type":"LineString","coordinates":[[80.4505,6.9858],[80.4501,6.9855]]},"properties":{"kv":132}},
{"type":"Feature","geometry":{"type":"LineString","coordinates":[[80.2211,7.2778],[80.2225,7.2771],[80.2244,7.2747],[80.224,7.2705],[80.2258,7.2674],[80.2271,7.2674],[80.2352,7.2663],[80.2431,7.2665],[80.2476,7.2666],[80.2539,7.2674],[80.2576,7.2685],[80.2613,7.2691],[80.2628,7.2696],[80.2676,7.2716],[80.2708,7.2731],[80.2716,7.275],[80.2814,7.2759],[80.2861,7.2757],[80.2888,7.2749],[80.2971,7.2751],[80.3132,7.2834],[80.3185,7.2885],[80.3226,7.2897],[80.3246,7.2884],[80.3349,7.2879],[80.3377,7.2855],[80.3409,7.2839],[80.3483,7.2825],[80.3562,7.2831],[80.3591,7.2815],[80.3625,7.2802],[80.3677,7.2769],[80.37,7.2753],[80.3737,7.2727],[80.3832,7.2655],[80.3863,7.2645],[80.388,7.2634],[80.3894,7.2599],[80.3909,7.258],[80.3915,7.2569]]},"properties":{"kv":132}},
{"type":"Feature","geometry":{"type":"LineString","coordinates":[[80.0657,7.164],[80.0669,7.1647]]},"properties":{"kv":null}},
{"type":"Feature","geometry":{"type":"LineString","coordinates":[[80.0527,7.1573],[80.0528,7.1584]]},"properties":{"kv":null}},
{"type":"Feature","geometry":{"type":"LineString","coordinates":[[81.1265,8.551],[81.1288,8.5492],[81.1294,8.5492]]},"properties":{"kv":132}},
{"type":"Feature","geometry":{"type":"LineString","coordinates":[[81.218,8.5905],[81.2183,8.5897],[81.2175,8.5875],[81.2133,8.5855],[81.2116,8.5829],[81.2093,8.582],[81.2022,8.5837],[81.1993,8.5824],[81.1957,8.5784],[81.1917,8.5745],[81.1889,8.5702],[81.1831,8.5655],[81.1799,8.5652],[81.1763,8.5618],[81.1743,8.5585],[81.1698,8.5513],[81.1658,8.5492],[81.1607,8.5471],[81.1555,8.5501],[81.1524,8.5512],[81.1499,8.5516],[81.1479,8.5515],[81.1378,8.547],[81.136,8.5464],[81.1337,8.5468],[81.131,8.5491],[81.1299,8.5493]]},"properties":{"kv":null}},
{"type":"Feature","geometry":{"type":"LineString","coordinates":[[80.5206,7.0619],[80.5203,7.0614],[80.5185,7.0629]]},"properties":{"kv":132}},
{"type":"Feature","geometry":{"type":"LineString","coordinates":[[80.5213,7.0625],[80.5231,7.0607],[80.5258,7.0585],[80.5273,7.0573]]},"properties":{"kv":null}},
{"type":"Feature","geometry":{"type":"LineString","coordinates":[[81.0627,6.9802],[81.0642,6.9737],[81.0657,6.9715],[81.0678,6.9665],[81.0683,6.964],[81.0695,6.9626],[81.0701,6.9613],[81.0703,6.9592],[81.071,6.957],[81.0757,6.9485],[81.0768,6.941]]},"properties":{"kv":null}},
{"type":"Feature","geometry":{"type":"LineString","coordinates":[[81.6955,7.291],[81.7002,7.2917],[81.7022,7.2926],[81.7037,7.2949],[81.7064,7.299],[81.7083,7.3026],[81.7082,7.3061]]},"properties":{"kv":null}},
{"type":"Feature","geometry":{"type":"LineString","coordinates":[[80.7931,6.042],[80.7948,6.0469],[80.8001,6.0481],[80.8018,6.053],[80.8055,6.0539],[80.8102,6.0558],[80.8123,6.0552],[80.8167,6.0585]]},"properties":{"kv":null}},
{"type":"Feature","geometry":{"type":"LineString","coordinates":[[80.731,6.0683],[80.7327,6.0685],[80.7422,6.0669],[80.7519,6.0695],[80.7682,6.0664],[80.7702,6.0629],[80.7718,6.0605],[80.7723,6.0592],[80.7791,6.0475],[80.7891,6.0468],[80.7909,6.0442],[80.7924,6.0402]]},"properties":{"kv":null}},
{"type":"Feature","geometry":{"type":"LineString","coordinates":[[79.8545,7.4974],[79.8562,7.4971],[79.8579,7.4965],[79.8615,7.4966],[79.8699,7.4952],[79.8759,7.4875],[79.8806,7.4847],[79.8876,7.4743],[79.8906,7.4731],[79.8973,7.4777],[79.9016,7.4791],[79.9038,7.4809],[79.9058,7.481],[79.9074,7.485],[79.9086,7.486]]},"properties":{"kv":132}},
{"type":"Feature","geometry":{"type":"LineString","coordinates":[[81.0272,7.9361],[81.0263,7.9384],[81.0252,7.9422],[81.0293,7.9449],[81.0298,7.9476],[81.0281,7.9558],[81.0274,7.9574]]},"properties":{"kv":null}},
{"type":"Feature","geometry":{"type":"LineString","coordinates":[[81.0226,7.9771],[81.0162,7.9826],[81.0117,7.9908],[81.0089,7.9925],[81.0071,7.9958]]},"properties":{"kv":null}},
{"type":"Feature","geometry":{"type":"LineString","coordinates":[[80.3749,7.3034],[80.3746,7.3027],[80.375,7.2998],[80.3733,7.2974],[80.37,7.2958],[80.3692,7.2951],[80.37,7.2912],[80.3701,7.2897],[80.3699,7.2846],[80.3701,7.283],[80.3698,7.2806],[80.3714,7.2787],[80.3709,7.2764],[80.3712,7.2744],[80.3714,7.2707],[80.3734,7.2669],[80.3749,7.2612],[80.3752,7.2585]]},"properties":{"kv":null}},
{"type":"Feature","geometry":{"type":"LineString","coordinates":[[80.7274,7.2796],[80.7279,7.2784],[80.7257,7.2775],[80.7242,7.2762],[80.7221,7.2757],[80.7151,7.2738],[80.7119,7.2729],[80.7054,7.2734]]},"properties":{"kv":33}},
{"type":"Feature","geometry":{"type":"LineString","coordinates":[[80.7273,7.2811],[80.7281,7.2796],[80.7288,7.2776],[80.7306,7.2781],[80.7335,7.2789],[80.7351,7.2793],[80.7506,7.2835],[80.7528,7.2855]]},"properties":{"kv":33}},
{"type":"Feature","geometry":{"type":"LineString","coordinates":[[80.3386,7.5362],[80.3365,7.5409],[80.3354,7.5419],[80.3339,7.5431],[80.3302,7.5453],[80.3291,7.5473],[80.323,7.5476],[80.3215,7.5496],[80.3201,7.552],[80.3196,7.5563],[80.3172,7.5584],[80.3142,7.5587],[80.3124,7.5602],[80.3016,7.5662],[80.2919,7.5682],[80.2866,7.5698],[80.2798,7.5814],[80.279,7.5825],[80.2746,7.5875],[80.2669,7.5928],[80.2621,7.5991],[80.2605,7.6011],[80.2567,7.6056],[80.2547,7.6071],[80.2441,7.6155],[80.2393,7.6183],[80.2369,7.6238],[80.2363,7.6295],[80.2243,7.6442],[80.2235,7.6464],[80.2207,7.6498],[80.2178,7.6514],[80.2161,7.657],[80.2157,7.6592],[80.2151,7.6655],[80.2133,7.6679]]},"properties":{"kv":null}},
{"type":"Feature","geometry":{"type":"LineString","coordinates":[[80.354,7.5322],[80.3479,7.5332],[80.3423,7.5343],[80.3401,7.5349],[80.3375,7.5392],[80.334,7.5416],[80.3339,7.5443],[80.3338,7.5462],[80.3383,7.5504],[80.3415,7.551],[80.3424,7.5527],[80.347,7.5559],[80.3503,7.5575],[80.355,7.5593],[80.3577,7.5664],[80.3615,7.5677],[80.3627,7.5705],[80.3674,7.5716],[80.37,7.577],[80.3794,7.5798],[80.3853,7.5828],[80.389,7.5828],[80.3905,7.5806],[80.3933,7.581],[80.4013,7.5769],[80.4073,7.5762],[80.4093,7.5788],[80.4175,7.5817],[80.4211,7.5854],[80.4231,7.5894],[80.4238,7.5936],[80.4251,7.6032],[80.4262,7.6092],[80.4319,7.6203],[80.4334,7.6233],[80.4358,7.626],[80.4365,7.628],[80.4379,7.6311],[80.4398,7.6359],[80.4457,7.6389],[80.4533,7.6444],[80.4544,7.6474],[80.4585,7.6505],[80.461,7.6522],[80.4624,7.6621],[80.4588,7.6697],[80.4589,7.6735],[80.4591,7.6774],[80.4572,7.6865],[80.4574,7.6888],[80.4582,7.6965],[80.4597,7.6984],[80.4596,7.7024],[80.4609,7.7044],[80.4624,7.7051],[80.4667,7.7063],[80.4683,7.7074],[80.4828,7.7088],[80.4888,7.7135],[80.4914,7.7159],[80.4933,7.7171],[80.4949,7.7191],[80.4967,7.7209],[80.4969,7.7248],[80.4972,7.7329],[80.4984,7.7338],[80.5062,7.7377],[80.5078,7.7503],[80.5069,7.7564],[80.5049,7.7609],[80.509,7.7735],[80.5114,7.7741],[80.5179,7.7753],[80.5269,7.7769],[80.5326,7.7781],[80.5364,7.7773],[80.5407,7.7765],[80.5503,7.7794],[80.5601,7.7799],[80.5654,7.7763],[80.576,7.777],[80.5826,7.781],[80.5838,7.7832],[80.5925,7.7872],[80.5964,7.7888],[80.6032,7.7963],[80.6035,7.7991],[80.6038,7.8065],[80.6042,7.8132],[80.6015,7.8194],[80.6023,7.8245],[80.6077,7.8348],[80.6089,7.8405],[80.6119,7.8538],[80.6124,7.8662],[80.6125,7.8696],[80.6154,7.8751],[80.6297,7.883],[80.6347,7.8873],[80.643,7.8912],[80.6456,7.8949],[80.6481,7.8964]]},"properties":{"kv":null}},
{"type":"Feature","geometry":{"type":"LineString","coordinates":[[80.9605,7.9882],[80.961,7.9913],[80.9595,7.9992],[80.9593,8.0022],[80.9596,8.0059],[80.96,8.014],[80.958,8.0203],[80.9542,8.0234],[80.9515,8.0249],[80.9507,8.027],[80.9502,8.03],[80.9498,8.0333],[80.9454,8.0394],[80.943,8.0466],[80.9415,8.0525],[80.9405,8.0533],[80.9409,8.0568]]},"properties":{"kv":null}},
{"type":"Feature","geometry":{"type":"LineString","coordinates":[[81.024,7.333],[81.0229,7.3319],[81.0186,7.3292],[81.0161,7.329],[81.0086,7.3278],[81.0068,7.3254]]},"properties":{"kv":33}},
{"type":"Feature","geometry":{"type":"LineString","coordinates":[[81.0239,7.333],[81.0185,7.3294],[81.0153,7.329],[81.0088,7.3285],[81.0019,7.3284],[80.9963,7.3294]]},"properties":{"kv":33}},
{"type":"Feature","geometry":{"type":"LineString","coordinates":[[81.6924,7.2912],[81.6937,7.2912],[81.6994,7.2926],[81.7013,7.2927],[81.7032,7.2929],[81.7077,7.2932],[81.7091,7.2934],[81.7196,7.2931],[81.7211,7.2939],[81.7226,7.2947],[81.7258,7.2963],[81.7311,7.299],[81.7367,7.3063],[81.7397,7.3103],[81.7442,7.3161],[81.7464,7.3193],[81.7474,7.3205],[81.7485,7.3224],[81.7503,7.3251],[81.7633,7.3444],[81.7688,7.3524],[81.7753,7.3587],[81.7868,7.3699],[81.7925,7.3728]]},"properties":{"kv":33}},
{"type":"Feature","geometry":{"type":"LineString","coordinates":[[81.7037,7.2855],[81.6959,7.2653]]},"properties":{"kv":33}},
{"type":"Feature","geometry":{"type":"LineString","coordinates":[[80.5657,7.1066],[80.5665,7.1087],[80.5678,7.1116],[80.5707,7.1184],[80.5705,7.1192],[80.5698,7.1221],[80.5701,7.1224],[80.5711,7.1244],[80.572,7.1249],[80.5749,7.1278],[80.5755,7.1276],[80.576,7.1283],[80.5775,7.1316],[80.5789,7.1335],[80.5798,7.1364],[80.5795,7.1379],[80.5808,7.1395],[80.5843,7.1428],[80.5853,7.1441]]},"properties":{"kv":null}},
{"type":"Feature","geometry":{"type":"LineString","coordinates":[[80.5527,7.0961],[80.55,7.0936],[80.5478,7.0918],[80.5455,7.0885],[80.5445,7.0869],[80.5426,7.0831],[80.538,7.0755]]},"properties":{"kv":null}},
{"type":"Feature","geometry":{"type":"LineString","coordinates":[[80.5133,7.0552],[80.5166,7.0544],[80.5217,7.0551],[80.5243,7.0571],[80.5258,7.0597],[80.5279,7.0617],[80.5336,7.0626],[80.5348,7.0657],[80.5354,7.0692],[80.5363,7.0772],[80.5384,7.0803],[80.5422,7.0878],[80.5461,7.0908],[80.5488,7.0965],[80.5509,7.099],[80.554,7.1014],[80.5604,7.1079],[80.5661,7.1088],[80.5684,7.1094],[80.5718,7.1132],[80.5722,7.116],[80.5716,7.1189],[80.572,7.1217]]},"properties":{"kv":null}},
{"type":"Feature","geometry":{"type":"LineString","coordinates":[[81.059,7.9141],[81.0499,7.9316],[81.0451,7.9411],[81.0425,7.946],[81.0369,7.9568],[81.0326,7.9625],[81.0253,7.9712],[81.0238,7.9749],[81.0226,7.9771]]},"properties":{"kv":null}}
]}